{"type": "FeatureCollection", "features": [{"type": "Feature", "properties": {"name": "Sulkava", "layer": "exclusions", "kind": "harbour"}, "geometry": {"type": "Polygon", "coordinates": [[[28.40865, 61.77448], [28.39736, 61.76988], [28.38326, 61.76764], [28.36849, 61.76811], [28.35531, 61.7712], [28.34571, 61.77646], [28.34116, 61.78307], [28.34235, 61.79005], [28.3491, 61.79631], [28.3604, 61.80092], [28.37451, 61.80316], [28.38929, 61.8027], [28.40249, 61.7996], [28.41208, 61.79434], [28.41662, 61.78772], [28.41542, 61.78075], [28.40865, 61.77448]]]}}, {"type": "Feature", "properties": {"name": "Ulenin ranta / vierassatama", "layer": "exclusions", "kind": "harbour"}, "geometry": {"type": "Polygon", "coordinates": [[[24.5889, 65.71875], [24.57654, 65.71386], [24.56069, 65.71126], [24.54376, 65.71136], [24.52832, 65.71413], [24.51672, 65.71916], [24.51072, 65.72568], [24.51125, 65.73271], [24.51822, 65.73916], [24.53058, 65.74406], [24.54645, 65.74666], [24.5634, 65.74656], [24.57886, 65.74378], [24.59046, 65.73875], [24.59644, 65.73222], [24.59589, 65.7252], [24.5889, 65.71875]]]}}, {"type": "Feature", "properties": {"name": "Port of Joensuu", "layer": "exclusions", "kind": "harbour"}, "geometry": {"type": "Polygon", "coordinates": [[[29.78708, 62.56986], [29.77527, 62.56537], [29.76068, 62.56327], [29.74555, 62.56388], [29.73217, 62.5671], [29.72258, 62.57245], [29.71823, 62.57911], [29.7198, 62.58607], [29.72705, 62.59226], [29.73887, 62.59676], [29.75347, 62.59886], [29.76862, 62.59825], [29.78201, 62.59502], [29.7916, 62.58967], [29.79593, 62.58301], [29.79434, 62.57605], [29.78708, 62.56986]]]}}, {"type": "Feature", "properties": {"name": "Neste Hirvensalmi", "layer": "exclusions", "kind": "harbour"}, "geometry": {"type": "Polygon", "coordinates": [[[26.80059, 61.63615], [26.78959, 61.63142], [26.77568, 61.62902], [26.76097, 61.62932], [26.7477, 61.63227], [26.73788, 61.63743], [26.73301, 61.644], [26.73383, 61.65098], [26.74023, 61.65733], [26.75122, 61.66206], [26.76515, 61.66445], [26.77987, 61.66415], [26.79316, 61.6612], [26.80297, 61.65605], [26.80783, 61.64947], [26.80699, 61.64249], [26.80059, 61.63615]]]}}, {"type": "Feature", "properties": {"name": "vierassatama", "layer": "exclusions", "kind": "harbour"}, "geometry": {"type": "Polygon", "coordinates": [[[25.58792, 62.00385], [25.57698, 61.99903], [25.563, 61.99652], [25.54812, 61.9967], [25.53458, 61.99954], [25.52446, 62.00461], [25.5193, 62.01114], [25.51987, 62.01814], [25.5261, 62.02454], [25.53705, 62.02936], [25.55103, 62.03188], [25.56594, 62.0317], [25.57948, 62.02885], [25.5896, 62.02377], [25.59475, 62.01724], [25.59416, 62.01024], [25.58792, 62.00385]]]}}, {"type": "Feature", "properties": {"name": "Juurusojan venesatama", "layer": "exclusions", "kind": "harbour"}, "geometry": {"type": "Polygon", "coordinates": [[[25.64653, 64.96275], [25.63434, 64.95794], [25.61883, 64.95544], [25.60237, 64.95564], [25.58744, 64.95851], [25.57634, 64.96361], [25.57073, 64.97016], [25.57149, 64.97717], [25.57849, 64.98357], [25.59069, 64.98839], [25.60621, 64.99089], [25.6227, 64.99069], [25.63763, 64.98782], [25.64874, 64.98271], [25.65433, 64.97616], [25.65355, 64.96915], [25.64653, 64.96275]]]}}, {"type": "Feature", "properties": {"name": "Sottunga", "layer": "exclusions", "kind": "harbour"}, "geometry": {"type": "Polygon", "coordinates": [[[20.71032, 60.10108], [20.70078, 60.0959], [20.68804, 60.09293], [20.67404, 60.09261], [20.6609, 60.095], [20.65062, 60.09972], [20.64477, 60.10607], [20.64423, 60.11307], [20.64911, 60.11966], [20.65864, 60.12484], [20.67139, 60.12781], [20.68541, 60.12813], [20.69856, 60.12574], [20.70884, 60.12102], [20.71469, 60.11467], [20.7152, 60.10767], [20.71032, 60.10108]]]}}, {"type": "Feature", "properties": {"name": "Hirvensalmi Keskusta", "layer": "exclusions", "kind": "harbour"}, "geometry": {"type": "Polygon", "coordinates": [[[26.80561, 61.62952], [26.79462, 61.62479], [26.78071, 61.6224], [26.76601, 61.6227], [26.75273, 61.62565], [26.74292, 61.6308], [26.73805, 61.63737], [26.73887, 61.64436], [26.74527, 61.6507], [26.75626, 61.65543], [26.77018, 61.65783], [26.78491, 61.65753], [26.79819, 61.65457], [26.808, 61.64942], [26.81286, 61.64285], [26.81202, 61.63586], [26.80561, 61.62952]]]}}, {"type": "Feature", "properties": {"name": "exclusions-9", "layer": "exclusions", "kind": "harbour"}, "geometry": {"type": "Polygon", "coordinates": [[[28.53312, 64.66492], [28.52057, 64.66034], [28.50497, 64.65812], [28.4887, 64.65862], [28.47423, 64.66174], [28.46376, 64.66703], [28.45889, 64.67366], [28.46035, 64.68065], [28.46794, 64.68691], [28.48049, 64.6915], [28.49611, 64.69372], [28.5124, 64.69322], [28.52688, 64.69009], [28.53735, 64.6848], [28.54221, 64.67816], [28.54072, 64.67118], [28.53312, 64.66492]]]}}, {"type": "Feature", "properties": {"name": "Vexala fiskehamn", "layer": "exclusions", "kind": "harbour"}, "geometry": {"type": "Polygon", "coordinates": [[[22.33543, 63.49071], [22.32446, 63.48565], [22.31007, 63.48283], [22.29445, 63.48269], [22.27997, 63.48524], [22.26884, 63.4901], [22.26274, 63.49653], [22.26261, 63.50354], [22.26848, 63.51008], [22.27945, 63.51515], [22.29386, 63.51796], [22.3095, 63.51811], [22.32399, 63.51555], [22.33512, 63.51069], [22.34121, 63.50426], [22.34131, 63.49724], [22.33543, 63.49071]]]}}, {"type": "Feature", "properties": {"name": "exclusions-11", "layer": "exclusions", "kind": "harbour"}, "geometry": {"type": "Polygon", "coordinates": [[[25.56421, 61.28306], [25.55354, 61.27824], [25.53989, 61.27573], [25.52534, 61.2759], [25.5121, 61.27874], [25.50218, 61.2838], [25.49711, 61.29033], [25.49764, 61.29733], [25.50371, 61.30373], [25.51438, 61.30855], [25.52805, 61.31107], [25.54261, 61.3109], [25.55586, 61.30806], [25.56577, 61.30299], [25.57084, 61.29645], [25.57029, 61.28946], [25.56421, 61.28306]]]}}, {"type": "Feature", "properties": {"name": "Vierasvenesatama", "layer": "exclusions", "kind": "harbour"}, "geometry": {"type": "Polygon", "coordinates": [[[25.81037, 62.13013], [25.79935, 62.12533], [25.78529, 62.12284], [25.77035, 62.12304], [25.75678, 62.1259], [25.74666, 62.13099], [25.74152, 62.13753], [25.74215, 62.14453], [25.74846, 62.15092], [25.75948, 62.15572], [25.77355, 62.15822], [25.78851, 62.15801], [25.80209, 62.15515], [25.81221, 62.15005], [25.81734, 62.14351], [25.81669, 62.13651], [25.81037, 62.13013]]]}}, {"type": "Feature", "properties": {"name": "Kuhmoisten satama", "layer": "exclusions", "kind": "harbour"}, "geometry": {"type": "Polygon", "coordinates": [[[25.2179, 61.55212], [25.20718, 61.54727], [25.19344, 61.54473], [25.17877, 61.54487], [25.16539, 61.54767], [25.15535, 61.55272], [25.15016, 61.55924], [25.15063, 61.56623], [25.15669, 61.57265], [25.16741, 61.5775], [25.18116, 61.58005], [25.19585, 61.57991], [25.20924, 61.5771], [25.21928, 61.57205], [25.22445, 61.56553], [25.22397, 61.55853], [25.2179, 61.55212]]]}}, {"type": "Feature", "properties": {"name": "exclusions-14", "layer": "exclusions", "kind": "harbour"}, "geometry": {"type": "Polygon", "coordinates": [[[24.75929, 59.44458], [24.74934, 59.43969], [24.73651, 59.43709], [24.72274, 59.43718], [24.71013, 59.43993], [24.7006, 59.44493], [24.69559, 59.45143], [24.69587, 59.45842], [24.70141, 59.46485], [24.71136, 59.46974], [24.72421, 59.47234], [24.73799, 59.47226], [24.75061, 59.4695], [24.76014, 59.46449], [24.76514, 59.458], [24.76484, 59.451], [24.75929, 59.44458]]]}}, {"type": "Feature", "properties": {"name": "Kangasniemen venesatama", "layer": "exclusions", "kind": "harbour"}, "geometry": {"type": "Polygon", "coordinates": [[[26.67661, 61.97689], [26.66551, 61.97215], [26.65145, 61.96975], [26.63658, 61.97003], [26.62315, 61.97297], [26.61322, 61.97812], [26.60828, 61.98469], [26.6091, 61.99168], [26.61555, 61.99803], [26.62665, 62.00277], [26.64072, 62.00517], [26.65561, 62.00489], [26.66904, 62.00194], [26.67898, 61.99679], [26.6839, 61.99022], [26.68307, 61.98323], [26.67661, 61.97689]]]}}, {"type": "Feature", "properties": {"name": "Soitunlahti", "layer": "exclusions", "kind": "harbour"}, "geometry": {"type": "Polygon", "coordinates": [[[27.1579, 62.60869], [27.14648, 62.604], [27.13208, 62.60164], [27.11691, 62.60198], [27.10326, 62.60497], [27.09321, 62.61015], [27.08829, 62.61674], [27.08926, 62.62372], [27.09597, 62.63005], [27.1074, 62.63475], [27.12181, 62.63711], [27.137, 62.63677], [27.15066, 62.63378], [27.1607, 62.62859], [27.16561, 62.62201], [27.16462, 62.61502], [27.1579, 62.60869]]]}}, {"type": "Feature", "properties": {"name": "Kalasadam", "layer": "exclusions", "kind": "harbour"}, "geometry": {"type": "Polygon", "coordinates": [[[24.77717, 59.43602], [24.76722, 59.43113], [24.75439, 59.42854], [24.74062, 59.42862], [24.72801, 59.43138], [24.71848, 59.43638], [24.71348, 59.44287], [24.71377, 59.44987], [24.71931, 59.4563], [24.72926, 59.46119], [24.7421, 59.46378], [24.75588, 59.4637], [24.7685, 59.46094], [24.77803, 59.45593], [24.78302, 59.44944], [24.78271, 59.44244], [24.77717, 59.43602]]]}}, {"type": "Feature", "properties": {"name": "Mäntyharju vierasvenelaituri", "layer": "exclusions", "kind": "harbour"}, "geometry": {"type": "Polygon", "coordinates": [[[26.91089, 61.40943], [26.89997, 61.40471], [26.88615, 61.40232], [26.87154, 61.40263], [26.85837, 61.40559], [26.84863, 61.41075], [26.84381, 61.41732], [26.84465, 61.42431], [26.85101, 61.43065], [26.86194, 61.43537], [26.87577, 61.43776], [26.89039, 61.43745], [26.90358, 61.43448], [26.91331, 61.42932], [26.91812, 61.42275], [26.91727, 61.41576], [26.91089, 61.40943]]]}}, {"type": "Feature", "properties": {"name": "Kuivanuoron venesatama", "layer": "exclusions", "kind": "harbour"}, "geometry": {"type": "Polygon", "coordinates": [[[24.52658, 65.75693], [24.51422, 65.75203], [24.49835, 65.74943], [24.48139, 65.74952], [24.46592, 65.75229], [24.45429, 65.75732], [24.44828, 65.76384], [24.44879, 65.77086], [24.45575, 65.77731], [24.46812, 65.78222], [24.48401, 65.78482], [24.50099, 65.78473], [24.51647, 65.78196], [24.5281, 65.77693], [24.5341, 65.7704], [24.53357, 65.76338], [24.52658, 65.75693]]]}}, {"type": "Feature", "properties": {"name": "Liperin satama", "layer": "exclusions", "kind": "harbour"}, "geometry": {"type": "Polygon", "coordinates": [[[29.41865, 62.51522], [29.40691, 62.5107], [29.39238, 62.50857], [29.37728, 62.50914], [29.36388, 62.51233], [29.35424, 62.51765], [29.34983, 62.5243], [29.35131, 62.53126], [29.35846, 62.53748], [29.3702, 62.542], [29.38475, 62.54414], [29.39988, 62.54357], [29.41328, 62.54038], [29.42291, 62.53505], [29.42732, 62.5284], [29.42582, 62.52144], [29.41865, 62.51522]]]}}, {"type": "Feature", "properties": {"name": "Loviisan vierasvenesatama", "layer": "exclusions", "kind": "harbour"}, "geometry": {"type": "Polygon", "coordinates": [[[26.26419, 60.44179], [26.2537, 60.43702], [26.24035, 60.43457], [26.22617, 60.43481], [26.21331, 60.4377], [26.20374, 60.44281], [26.1989, 60.44935], [26.19954, 60.45634], [26.20557, 60.46271], [26.21606, 60.46748], [26.22942, 60.46994], [26.24362, 60.4697], [26.25648, 60.4668], [26.26606, 60.46169], [26.27088, 60.45514], [26.27022, 60.44815], [26.26419, 60.44179]]]}}, {"type": "Feature", "properties": {"name": "Tammio", "layer": "exclusions", "kind": "harbour"}, "geometry": {"type": "Polygon", "coordinates": [[[27.44583, 60.40559], [27.43518, 60.40091], [27.42175, 60.39857], [27.40759, 60.39893], [27.39485, 60.40193], [27.38546, 60.40712], [27.38086, 60.4137], [27.38175, 60.42068], [27.38799, 60.42699], [27.39865, 60.43167], [27.41209, 60.43401], [27.42626, 60.43366], [27.43902, 60.43065], [27.4484, 60.42546], [27.45299, 60.41888], [27.45209, 60.4119], [27.44583, 60.40559]]]}}, {"type": "Feature", "properties": {"name": "Hindersöstallarna", "layer": "exclusions", "kind": "harbour"}, "geometry": {"type": "Polygon", "coordinates": [[[22.43297, 65.53603], [22.42111, 65.53098], [22.4056, 65.52818], [22.38879, 65.52805], [22.37325, 65.53062], [22.36133, 65.5355], [22.35485, 65.54195], [22.3548, 65.54897], [22.36119, 65.55552], [22.37305, 65.56058], [22.38858, 65.56338], [22.40541, 65.56351], [22.42097, 65.56093], [22.43289, 65.55605], [22.43935, 65.5496], [22.43938, 65.54257], [22.43297, 65.53603]]]}}, {"type": "Feature", "properties": {"name": "Visavuori", "layer": "exclusions", "kind": "harbour"}, "geometry": {"type": "Polygon", "coordinates": [[[24.05146, 61.16561], [24.04106, 61.16068], [24.02759, 61.15802], [24.0131, 61.15804], [23.99978, 61.16074], [23.98967, 61.1657], [23.98431, 61.17218], [23.98451, 61.17918], [23.99024, 61.18564], [24.00064, 61.19058], [24.01413, 61.19324], [24.02864, 61.19322], [24.04196, 61.19052], [24.05207, 61.18555], [24.05742, 61.17908], [24.05721, 61.17207], [24.05146, 61.16561]]]}}, {"type": "Feature", "properties": {"name": "Nokian satama", "layer": "exclusions", "kind": "harbour"}, "geometry": {"type": "Polygon", "coordinates": [[[23.56011, 61.45891], [23.54968, 61.45394], [23.53613, 61.45123], [23.5215, 61.45121], [23.50803, 61.45386], [23.49776, 61.45879], [23.49225, 61.46525], [23.49235, 61.47226], [23.49805, 61.47874], [23.50847, 61.48372], [23.52204, 61.48643], [23.53668, 61.48645], [23.55017, 61.4838], [23.56044, 61.47886], [23.56593, 61.4724], [23.56581, 61.46539], [23.56011, 61.45891]]]}}, {"type": "Feature", "properties": {"name": "Ruulahti", "layer": "exclusions", "kind": "harbour"}, "geometry": {"type": "Polygon", "coordinates": [[[25.82417, 62.21938], [25.81311, 62.21458], [25.79901, 62.21209], [25.78402, 62.2123], [25.77042, 62.21516], [25.76027, 62.22025], [25.75512, 62.2268], [25.75576, 62.23379], [25.76209, 62.24018], [25.77316, 62.24499], [25.78727, 62.24748], [25.80227, 62.24727], [25.81589, 62.2444], [25.82603, 62.23931], [25.83117, 62.23276], [25.83051, 62.22577], [25.82417, 62.21938]]]}}, {"type": "Feature", "properties": {"name": "Kaunissaari", "layer": "exclusions", "kind": "harbour"}, "geometry": {"type": "Polygon", "coordinates": [[[25.3757, 60.16323], [25.36543, 60.15839], [25.35226, 60.15585], [25.3382, 60.156], [25.32538, 60.15881], [25.31574, 60.16386], [25.31077, 60.17038], [25.31121, 60.17737], [25.31701, 60.18378], [25.32727, 60.18862], [25.34045, 60.19116], [25.35453, 60.19101], [25.36736, 60.18819], [25.37699, 60.18314], [25.38196, 60.17662], [25.3815, 60.16963], [25.3757, 60.16323]]]}}, {"type": "Feature", "properties": {"name": "Hangon vierassatama", "layer": "exclusions", "kind": "harbour"}, "geometry": {"type": "Polygon", "coordinates": [[[22.99561, 59.81028], [22.98581, 59.80527], [22.97298, 59.8025], [22.95907, 59.80241], [22.9462, 59.80501], [22.93632, 59.80989], [22.93094, 59.81632], [22.93088, 59.82333], [22.93614, 59.82983], [22.94594, 59.83485], [22.95878, 59.83761], [22.97271, 59.8377], [22.98559, 59.8351], [22.99547, 59.83022], [23.00084, 59.82378], [23.00089, 59.81678], [22.99561, 59.81028]]]}}, {"type": "Feature", "properties": {"name": "Kuoppaniemen laivalaituri", "layer": "exclusions", "kind": "harbour"}, "geometry": {"type": "Polygon", "coordinates": [[[26.42369, 60.9296], [26.41301, 60.92485], [26.39944, 60.92241], [26.38504, 60.92267], [26.37202, 60.92558], [26.36234, 60.9307], [26.35747, 60.93726], [26.35818, 60.94425], [26.36434, 60.95061], [26.37502, 60.95537], [26.3886, 60.9578], [26.40301, 60.95755], [26.41605, 60.95463], [26.42573, 60.94951], [26.43058, 60.94295], [26.42986, 60.93596], [26.42369, 60.9296]]]}}, {"type": "Feature", "properties": {"name": "Sotkan helmi", "layer": "exclusions", "kind": "harbour"}, "geometry": {"type": "Polygon", "coordinates": [[[27.70369, 62.68673], [27.69214, 62.68207], [27.67767, 62.67977], [27.66245, 62.68017], [27.64882, 62.6832], [27.63884, 62.68842], [27.63403, 62.69502], [27.63513, 62.70201], [27.64197, 62.70831], [27.65352, 62.71297], [27.66801, 62.71527], [27.68324, 62.71487], [27.69688, 62.71183], [27.70686, 62.70661], [27.71166, 62.70001], [27.71054, 62.69302], [27.70369, 62.68673]]]}}, {"type": "Feature", "properties": {"name": "Furuholmsudd", "layer": "exclusions", "kind": "harbour"}, "geometry": {"type": "Polygon", "coordinates": [[[24.76618, 60.10788], [24.75602, 60.103], [24.74292, 60.1004], [24.72888, 60.10049], [24.71603, 60.10325], [24.70633, 60.10826], [24.70124, 60.11475], [24.70155, 60.12175], [24.70722, 60.12818], [24.71738, 60.13307], [24.73048, 60.13566], [24.74454, 60.13558], [24.7574, 60.13282], [24.7671, 60.12781], [24.77218, 60.12131], [24.77185, 60.11431], [24.76618, 60.10788]]]}}, {"type": "Feature", "properties": {"name": "Ristiina Asiointilaituri", "layer": "exclusions", "kind": "harbour"}, "geometry": {"type": "Polygon", "coordinates": [[[27.27514, 61.49992], [27.26412, 61.49523], [27.25024, 61.49288], [27.23559, 61.49323], [27.22241, 61.49622], [27.21271, 61.5014], [27.20795, 61.50798], [27.20887, 61.51497], [27.21533, 61.52129], [27.22635, 61.52598], [27.24025, 61.52833], [27.25491, 61.52799], [27.2681, 61.52499], [27.2778, 61.51981], [27.28255, 61.51322], [27.28161, 61.50624], [27.27514, 61.49992]]]}}, {"type": "Feature", "properties": {"name": "Risteilyalukset", "layer": "exclusions", "kind": "harbour"}, "geometry": {"type": "Polygon", "coordinates": [[[27.31286, 61.67823], [27.30177, 61.67354], [27.2878, 61.67119], [27.27307, 61.67154], [27.25982, 61.67454], [27.25007, 61.67973], [27.2453, 61.68631], [27.24624, 61.69329], [27.25275, 61.69961], [27.26385, 61.7043], [27.27783, 61.70665], [27.29257, 61.7063], [27.30583, 61.7033], [27.31558, 61.69811], [27.32033, 61.69152], [27.31938, 61.68454], [27.31286, 61.67823]]]}}, {"type": "Feature", "properties": {"name": "Ristiinan vierasvenelaituri", "layer": "exclusions", "kind": "harbour"}, "geometry": {"type": "Polygon", "coordinates": [[[27.29271, 61.49069], [27.28169, 61.486], [27.26781, 61.48365], [27.25316, 61.484], [27.23999, 61.48699], [27.23029, 61.49218], [27.22554, 61.49876], [27.22646, 61.50574], [27.23292, 61.51206], [27.24394, 61.51676], [27.25784, 61.51911], [27.2725, 61.51876], [27.28568, 61.51576], [27.29538, 61.51058], [27.30012, 61.50399], [27.29918, 61.49701], [27.29271, 61.49069]]]}}, {"type": "Feature", "properties": {"name": "Sisäsatama", "layer": "exclusions", "kind": "harbour"}, "geometry": {"type": "Polygon", "coordinates": [[[24.58632, 65.72044], [24.57396, 65.71554], [24.55811, 65.71294], [24.54118, 65.71304], [24.52574, 65.71582], [24.51413, 65.72085], [24.50814, 65.72737], [24.50866, 65.73439], [24.51563, 65.74084], [24.52799, 65.74574], [24.54386, 65.74834], [24.56082, 65.74824], [24.57627, 65.74547], [24.58788, 65.74043], [24.59386, 65.73391], [24.59331, 65.72688], [24.58632, 65.72044]]]}}, {"type": "Feature", "properties": {"name": "Mansikkanokka", "layer": "exclusions", "kind": "harbour"}, "geometry": {"type": "Polygon", "coordinates": [[[24.60709, 65.7167], [24.59473, 65.7118], [24.57888, 65.70921], [24.56194, 65.70931], [24.54651, 65.71208], [24.53491, 65.71712], [24.52892, 65.72364], [24.52945, 65.73066], [24.53642, 65.73711], [24.54879, 65.74201], [24.56466, 65.74461], [24.58161, 65.74451], [24.59706, 65.74173], [24.60866, 65.73669], [24.61463, 65.73017], [24.61408, 65.72314], [24.60709, 65.7167]]]}}, {"type": "Feature", "properties": {"name": "Rohuküla sadam", "layer": "exclusions", "kind": "harbour"}, "geometry": {"type": "Polygon", "coordinates": [[[23.45052, 58.89856], [23.44092, 58.89358], [23.4284, 58.89086], [23.41485, 58.89081], [23.40234, 58.89344], [23.39276, 58.89835], [23.38758, 58.9048], [23.38759, 58.9118], [23.39278, 58.91828], [23.40238, 58.92327], [23.41491, 58.92599], [23.42847, 58.92604], [23.441, 58.92341], [23.45057, 58.91849], [23.45574, 58.91204], [23.45572, 58.90505], [23.45052, 58.89856]]]}}, {"type": "Feature", "properties": {"name": "Kuorekarinsalmen venesatama", "layer": "exclusions", "kind": "harbour"}, "geometry": {"type": "Polygon", "coordinates": [[[25.02072, 60.1763], [25.0105, 60.17143], [24.99735, 60.16886], [24.98329, 60.16898], [24.97043, 60.17176], [24.96074, 60.17678], [24.9557, 60.18329], [24.95606, 60.19028], [24.96179, 60.1967], [24.97201, 60.20157], [24.98517, 60.20414], [24.99925, 60.20403], [25.01212, 60.20125], [25.0218, 60.19622], [25.02684, 60.18971], [25.02645, 60.18272], [25.02072, 60.1763]]]}}, {"type": "Feature", "properties": {"name": "Katajanokan vierassatama", "layer": "exclusions", "kind": "harbour"}, "geometry": {"type": "Polygon", "coordinates": [[[24.99291, 60.15909], [24.9827, 60.15422], [24.96957, 60.15165], [24.95551, 60.15176], [24.94265, 60.15454], [24.93297, 60.15956], [24.92792, 60.16606], [24.92828, 60.17306], [24.934, 60.17948], [24.94421, 60.18435], [24.95735, 60.18693], [24.97143, 60.18682], [24.98429, 60.18403], [24.99398, 60.17901], [24.99901, 60.1725], [24.99864, 60.16551], [24.99291, 60.15909]]]}}, {"type": "Feature", "properties": {"name": "Katajanokan venesatama", "layer": "exclusions", "kind": "harbour"}, "geometry": {"type": "Polygon", "coordinates": [[[24.99529, 60.15901], [24.98508, 60.15414], [24.97195, 60.15157], [24.95789, 60.15168], [24.94503, 60.15446], [24.93535, 60.15948], [24.9303, 60.16599], [24.93066, 60.17298], [24.93638, 60.1794], [24.94659, 60.18427], [24.95974, 60.18685], [24.97381, 60.18674], [24.98667, 60.18396], [24.99636, 60.17893], [25.0014, 60.17242], [25.00102, 60.16543], [24.99529, 60.15901]]]}}, {"type": "Feature", "properties": {"name": "Puotilan venesatama", "layer": "exclusions", "kind": "harbour"}, "geometry": {"type": "Polygon", "coordinates": [[[25.13263, 60.19697], [25.12239, 60.19211], [25.10923, 60.18955], [25.09515, 60.18968], [25.0823, 60.19247], [25.07262, 60.1975], [25.06759, 60.20401], [25.06798, 60.211], [25.07374, 60.21742], [25.08398, 60.22228], [25.09715, 60.22484], [25.11124, 60.22472], [25.12411, 60.22192], [25.13379, 60.21689], [25.1388, 60.21037], [25.13839, 60.20338], [25.13263, 60.19697]]]}}, {"type": "Feature", "properties": {"name": "Vattuniemen venesatama", "layer": "exclusions", "kind": "harbour"}, "geometry": {"type": "Polygon", "coordinates": [[[24.92017, 60.14101], [24.90998, 60.13613], [24.89686, 60.13355], [24.88281, 60.13366], [24.86996, 60.13643], [24.86026, 60.14144], [24.8552, 60.14795], [24.85555, 60.15494], [24.86125, 60.16137], [24.87144, 60.16624], [24.88457, 60.16883], [24.89864, 60.16872], [24.9115, 60.16595], [24.9212, 60.16093], [24.92624, 60.15442], [24.92588, 60.14743], [24.92017, 60.14101]]]}}, {"type": "Feature", "properties": {"name": "Virtakiven vierassatama", "layer": "exclusions", "kind": "harbour"}, "geometry": {"type": "Polygon", "coordinates": [[[26.62337, 60.93501], [26.61265, 60.93027], [26.59907, 60.92786], [26.58467, 60.92813], [26.57166, 60.93106], [26.56201, 60.9362], [26.55718, 60.94276], [26.55793, 60.94975], [26.56413, 60.9561], [26.57485, 60.96084], [26.58845, 60.96326], [26.60285, 60.96298], [26.61588, 60.96005], [26.62553, 60.95491], [26.63034, 60.94835], [26.62958, 60.94136], [26.62337, 60.93501]]]}}, {"type": "Feature", "properties": {"name": "Pilkanmaan venesatama", "layer": "exclusions", "kind": "harbour"}, "geometry": {"type": "Polygon", "coordinates": [[[26.61864, 60.93694], [26.60793, 60.9322], [26.59434, 60.92978], [26.57994, 60.93006], [26.56693, 60.93299], [26.55728, 60.93812], [26.55245, 60.94468], [26.5532, 60.95167], [26.5594, 60.95802], [26.57011, 60.96277], [26.58371, 60.96519], [26.59812, 60.96491], [26.61115, 60.96198], [26.6208, 60.95684], [26.62561, 60.95027], [26.62485, 60.94329], [26.61864, 60.93694]]]}}, {"type": "Feature", "properties": {"name": "Niinimäen-Radansuun venevalkama", "layer": "exclusions", "kind": "harbour"}, "geometry": {"type": "Polygon", "coordinates": [[[26.43697, 60.88991], [26.4263, 60.88515], [26.41275, 60.88272], [26.39837, 60.88298], [26.38536, 60.88589], [26.37569, 60.89101], [26.37084, 60.89757], [26.37154, 60.90456], [26.3777, 60.91091], [26.38837, 60.91567], [26.40193, 60.91811], [26.41632, 60.91785], [26.42934, 60.91493], [26.43901, 60.90981], [26.44385, 60.90325], [26.44314, 60.89626], [26.43697, 60.88991]]]}}, {"type": "Feature", "properties": {"name": "exclusions-46", "layer": "exclusions", "kind": "harbour"}, "geometry": {"type": "Polygon", "coordinates": [[[23.07414, 63.82829], [23.0629, 63.82328], [23.04827, 63.82054], [23.03246, 63.82047], [23.01788, 63.82309], [23.00674, 63.82801], [23.00075, 63.83446], [23.00081, 63.84148], [23.00692, 63.84799], [23.01816, 63.853], [23.03281, 63.85575], [23.04863, 63.85581], [23.06323, 63.85319], [23.07436, 63.84827], [23.08035, 63.84181], [23.08026, 63.8348], [23.07414, 63.82829]]]}}, {"type": "Feature", "properties": {"name": "Pikkuniemen valkama", "layer": "exclusions", "kind": "harbour"}, "geometry": {"type": "Polygon", "coordinates": [[[24.90364, 60.17745], [24.89344, 60.17258], [24.88031, 60.17], [24.86624, 60.1701], [24.85337, 60.17287], [24.84367, 60.17789], [24.8386, 60.18439], [24.83894, 60.19138], [24.84465, 60.19781], [24.85485, 60.20269], [24.868, 60.20527], [24.88208, 60.20517], [24.89495, 60.2024], [24.90466, 60.19737], [24.90972, 60.19087], [24.90936, 60.18388], [24.90364, 60.17745]]]}}, {"type": "Feature", "properties": {"name": "exclusions-48", "layer": "exclusions", "kind": "harbour"}, "geometry": {"type": "Polygon", "coordinates": [[[29.96008, 60.08138], [29.94918, 60.0769], [29.93571, 60.0748], [29.9217, 60.07541], [29.90929, 60.07863], [29.90037, 60.08397], [29.8963, 60.09062], [29.89769, 60.09757], [29.90434, 60.10376], [29.91524, 60.10825], [29.92873, 60.11035], [29.94275, 60.10974], [29.95516, 60.10651], [29.96408, 60.10117], [29.96814, 60.09451], [29.96673, 60.08756], [29.96008, 60.08138]]]}}, {"type": "Feature", "properties": {"name": "exclusions-49", "layer": "exclusions", "kind": "harbour"}, "geometry": {"type": "Polygon", "coordinates": [[[25.47483, 61.38351], [25.46413, 61.37868], [25.45044, 61.37615], [25.43585, 61.37632], [25.42256, 61.37915], [25.41261, 61.38421], [25.4075, 61.39073], [25.40802, 61.39773], [25.41409, 61.40413], [25.42479, 61.40897], [25.43849, 61.41149], [25.4531, 61.41133], [25.4664, 61.40849], [25.47635, 61.40343], [25.48145, 61.3969], [25.48091, 61.3899], [25.47483, 61.38351]]]}}, {"type": "Feature", "properties": {"name": "exclusions-50", "layer": "exclusions", "kind": "harbour"}, "geometry": {"type": "Polygon", "coordinates": [[[26.67718, 60.42229], [26.66664, 60.41755], [26.65326, 60.41513], [26.63909, 60.41541], [26.62628, 60.41835], [26.61677, 60.42348], [26.61202, 60.43004], [26.61275, 60.43703], [26.61885, 60.44337], [26.62939, 60.44812], [26.64278, 60.45053], [26.65697, 60.45025], [26.66979, 60.44732], [26.67929, 60.44218], [26.68404, 60.43561], [26.68329, 60.42863], [26.67718, 60.42229]]]}}, {"type": "Feature", "properties": {"name": "exclusions-51", "layer": "exclusions", "kind": "harbour"}, "geometry": {"type": "Polygon", "coordinates": [[[26.67146, 60.40596], [26.66093, 60.40122], [26.64756, 60.3988], [26.63339, 60.39908], [26.62058, 60.40201], [26.61108, 60.40715], [26.60633, 60.41371], [26.60705, 60.42069], [26.61315, 60.42704], [26.62369, 60.43178], [26.63707, 60.4342], [26.65125, 60.43392], [26.66407, 60.43099], [26.67357, 60.42585], [26.67831, 60.41928], [26.67757, 60.4123], [26.67146, 60.40596]]]}}, {"type": "Feature", "properties": {"name": "Patholmsvikens Båtklubb", "layer": "exclusions", "kind": "harbour"}, "geometry": {"type": "Polygon", "coordinates": [[[20.39537, 63.68586], [20.38467, 63.68066], [20.37038, 63.67766], [20.35468, 63.67733], [20.33995, 63.6797], [20.32843, 63.68442], [20.32187, 63.69077], [20.32129, 63.69779], [20.32676, 63.7044], [20.33745, 63.7096], [20.35176, 63.7126], [20.36748, 63.71294], [20.38222, 63.71056], [20.39374, 63.70584], [20.40029, 63.69948], [20.40086, 63.69247], [20.39537, 63.68586]]]}}, {"type": "Feature", "properties": {"name": "Strana", "layer": "exclusions", "kind": "harbour"}, "geometry": {"type": "Polygon", "coordinates": [[[20.52471, 63.82572], [20.51393, 63.82053], [20.49956, 63.81755], [20.48378, 63.81722], [20.46899, 63.81961], [20.45743, 63.82434], [20.45088, 63.8307], [20.45032, 63.83771], [20.45585, 63.84432], [20.46663, 63.84952], [20.48101, 63.8525], [20.49681, 63.85283], [20.51162, 63.85044], [20.52317, 63.8457], [20.52971, 63.83934], [20.53025, 63.83233], [20.52471, 63.82572]]]}}, {"type": "Feature", "properties": {"name": "Puumala", "layer": "exclusions", "kind": "harbour"}, "geometry": {"type": "Polygon", "coordinates": [[[28.20458, 61.51083], [28.19342, 61.50622], [28.17945, 61.50396], [28.16481, 61.5044], [28.15171, 61.50747], [28.14215, 61.51271], [28.13758, 61.51932], [28.13871, 61.5263], [28.14536, 61.53257], [28.15652, 61.53719], [28.1705, 61.53946], [28.18516, 61.53902], [28.19827, 61.53594], [28.20783, 61.53069], [28.21238, 61.52408], [28.21124, 61.51711], [28.20458, 61.51083]]]}}, {"type": "Feature", "properties": {"name": "Puumalan vierassatama", "layer": "exclusions", "kind": "harbour"}, "geometry": {"type": "Polygon", "coordinates": [[[28.20793, 61.50852], [28.19677, 61.50391], [28.18281, 61.50165], [28.16816, 61.50209], [28.15507, 61.50516], [28.14551, 61.5104], [28.14094, 61.51701], [28.14207, 61.52399], [28.14872, 61.53026], [28.15988, 61.53489], [28.17386, 61.53715], [28.18852, 61.53671], [28.20162, 61.53363], [28.21118, 61.52838], [28.21573, 61.52177], [28.21459, 61.5148], [28.20793, 61.50852]]]}}, {"type": "Feature", "properties": {"name": "Kaunissaari", "layer": "exclusions", "kind": "harbour"}, "geometry": {"type": "Polygon", "coordinates": [[[26.80468, 60.33384], [26.79414, 60.32912], [26.78079, 60.32671], [26.76666, 60.32701], [26.75389, 60.32995], [26.74443, 60.33509], [26.73971, 60.34166], [26.74046, 60.34864], [26.74656, 60.35498], [26.7571, 60.35971], [26.77046, 60.36212], [26.78461, 60.36182], [26.79739, 60.35888], [26.80685, 60.35373], [26.81156, 60.34717], [26.81079, 60.34018], [26.80468, 60.33384]]]}}, {"type": "Feature", "properties": {"name": "exclusions-57", "layer": "exclusions", "kind": "harbour"}, "geometry": {"type": "Polygon", "coordinates": [[[21.33648, 61.13412], [21.32652, 61.12899], [21.3133, 61.12608], [21.29884, 61.12582], [21.28534, 61.12827], [21.27484, 61.13305], [21.26894, 61.13942], [21.26855, 61.14643], [21.27372, 61.153], [21.28368, 61.15813], [21.29691, 61.16105], [21.31138, 61.1613], [21.3249, 61.15885], [21.3354, 61.15407], [21.34129, 61.14769], [21.34166, 61.14069], [21.33648, 61.13412]]]}}, {"type": "Feature", "properties": {"name": "exclusions-58", "layer": "exclusions", "kind": "harbour"}, "geometry": {"type": "Polygon", "coordinates": [[[21.45789, 61.18203], [21.4479, 61.17691], [21.43465, 61.17401], [21.42017, 61.17377], [21.40665, 61.17623], [21.39616, 61.18101], [21.39028, 61.18739], [21.38991, 61.1944], [21.39512, 61.20096], [21.40512, 61.20609], [21.41837, 61.20899], [21.43287, 61.20923], [21.4464, 61.20677], [21.4569, 61.20198], [21.46277, 61.1956], [21.46312, 61.18859], [21.45789, 61.18203]]]}}, {"type": "Feature", "properties": {"name": "Heltermaa sadam", "layer": "exclusions", "kind": "harbour"}, "geometry": {"type": "Polygon", "coordinates": [[[23.07791, 58.85655], [23.06838, 58.85154], [23.0559, 58.84879], [23.04237, 58.8487], [23.02984, 58.8513], [23.02023, 58.85618], [23.01498, 58.86261], [23.01492, 58.86961], [23.02003, 58.87611], [23.02956, 58.88112], [23.04205, 58.88388], [23.0556, 58.88397], [23.06813, 58.88137], [23.07775, 58.87648], [23.08298, 58.87005], [23.08304, 58.86305], [23.07791, 58.85655]]]}}, {"type": "Feature", "properties": {"name": "Käräjäniemen venesatama", "layer": "exclusions", "kind": "harbour"}, "geometry": {"type": "Polygon", "coordinates": [[[26.65503, 61.87867], [26.64397, 61.87393], [26.62996, 61.87152], [26.61513, 61.8718], [26.60175, 61.87474], [26.59184, 61.87989], [26.58691, 61.88645], [26.58771, 61.89344], [26.59413, 61.89979], [26.6052, 61.90453], [26.61922, 61.90694], [26.63406, 61.90666], [26.64746, 61.90372], [26.65737, 61.89857], [26.66229, 61.892], [26.66146, 61.88501], [26.65503, 61.87867]]]}}, {"type": "Feature", "properties": {"name": "Rauman Satama", "layer": "exclusions", "kind": "harbour"}, "geometry": {"type": "Polygon", "coordinates": [[[21.47777, 61.11925], [21.46779, 61.11413], [21.45457, 61.11123], [21.44012, 61.11099], [21.42663, 61.11345], [21.41615, 61.11824], [21.41028, 61.12462], [21.40992, 61.13162], [21.41513, 61.13819], [21.4251, 61.14331], [21.43833, 61.14621], [21.4528, 61.14645], [21.46631, 61.14399], [21.47678, 61.1392], [21.48264, 61.13282], [21.48298, 61.12581], [21.47777, 61.11925]]]}}, {"type": "Feature", "properties": {"name": "exclusions-62", "layer": "exclusions", "kind": "harbour"}, "geometry": {"type": "Polygon", "coordinates": [[[20.28985, 60.11264], [20.28037, 60.10743], [20.26767, 60.10442], [20.25366, 60.10407], [20.24049, 60.10641], [20.23015, 60.11111], [20.22421, 60.11743], [20.22359, 60.12444], [20.22838, 60.13104], [20.23786, 60.13625], [20.25057, 60.13926], [20.26459, 60.13962], [20.27778, 60.13727], [20.28812, 60.13257], [20.29404, 60.12624], [20.29465, 60.11924], [20.28985, 60.11264]]]}}, {"type": "Feature", "properties": {"name": "Laukontorin pienvenesatama", "layer": "exclusions", "kind": "harbour"}, "geometry": {"type": "Polygon", "coordinates": [[[23.78967, 61.48371], [23.7792, 61.47876], [23.76562, 61.47607], [23.75098, 61.47607], [23.73751, 61.47874], [23.72727, 61.48369], [23.72181, 61.49016], [23.72196, 61.49717], [23.72771, 61.50364], [23.73818, 61.5086], [23.75177, 61.51128], [23.76643, 61.51129], [23.7799, 61.50861], [23.79015, 61.50366], [23.7956, 61.49719], [23.79543, 61.49018], [23.78967, 61.48371]]]}}, {"type": "Feature", "properties": {"name": "Boatservices, storage", "layer": "exclusions", "kind": "harbour"}, "geometry": {"type": "Polygon", "coordinates": [[[22.33797, 60.26179], [22.32813, 60.25673], [22.31518, 60.25391], [22.30109, 60.25375], [22.288, 60.25629], [22.2779, 60.26113], [22.27233, 60.26754], [22.27214, 60.27454], [22.27736, 60.28107], [22.2872, 60.28614], [22.30016, 60.28896], [22.31426, 60.28912], [22.32736, 60.28658], [22.33746, 60.28173], [22.34302, 60.27532], [22.3432, 60.26832], [22.33797, 60.26179]]]}}, {"type": "Feature", "properties": {"name": "Каботажная гавань", "layer": "exclusions", "kind": "harbour"}, "geometry": {"type": "Polygon", "coordinates": [[[29.77286, 59.97821], [29.76202, 59.97371], [29.74861, 59.9716], [29.73464, 59.97219], [29.72225, 59.97539], [29.71333, 59.98072], [29.70923, 59.98737], [29.71057, 59.99432], [29.71716, 60.00052], [29.728, 60.00502], [29.74143, 60.00714], [29.75541, 60.00655], [29.7678, 60.00334], [29.77673, 59.99801], [29.78082, 59.99136], [29.77946, 59.98441], [29.77286, 59.97821]]]}}, {"type": "Feature", "properties": {"name": "Купеческая гавань", "layer": "exclusions", "kind": "harbour"}, "geometry": {"type": "Polygon", "coordinates": [[[29.78523, 59.97363], [29.7744, 59.96914], [29.76098, 59.96702], [29.74702, 59.96761], [29.73463, 59.97082], [29.72571, 59.97615], [29.72161, 59.9828], [29.72296, 59.98975], [29.72955, 59.99595], [29.74039, 60.00045], [29.75382, 60.00256], [29.7678, 60.00197], [29.78019, 59.99876], [29.78911, 59.99343], [29.7932, 59.98678], [29.79183, 59.97983], [29.78523, 59.97363]]]}}, {"type": "Feature", "properties": {"name": "Лесная гавань", "layer": "exclusions", "kind": "harbour"}, "geometry": {"type": "Polygon", "coordinates": [[[29.80743, 59.9681], [29.79659, 59.9636], [29.78317, 59.96149], [29.76921, 59.96208], [29.75683, 59.96529], [29.74792, 59.97062], [29.74382, 59.97727], [29.74517, 59.98422], [29.75177, 59.99042], [29.76261, 59.99491], [29.77604, 59.99703], [29.79001, 59.99643], [29.8024, 59.99323], [29.81131, 59.98789], [29.8154, 59.98124], [29.81403, 59.97429], [29.80743, 59.9681]]]}}, {"type": "Feature", "properties": {"name": "Средняя гавань", "layer": "exclusions", "kind": "harbour"}, "geometry": {"type": "Polygon", "coordinates": [[[29.79697, 59.97127], [29.78613, 59.96677], [29.77272, 59.96466], [29.75875, 59.96525], [29.74637, 59.96846], [29.73745, 59.97379], [29.73335, 59.98044], [29.7347, 59.98739], [29.7413, 59.99359], [29.75214, 59.99808], [29.76557, 60.0002], [29.77954, 59.99961], [29.79193, 59.9964], [29.80085, 59.99106], [29.80494, 59.98441], [29.80357, 59.97746], [29.79697, 59.97127]]]}}, {"type": "Feature", "properties": {"name": "Угольная гавань", "layer": "exclusions", "kind": "harbour"}, "geometry": {"type": "Polygon", "coordinates": [[[29.81758, 59.96607], [29.80674, 59.96157], [29.79332, 59.95946], [29.77936, 59.96006], [29.76698, 59.96326], [29.75807, 59.9686], [29.75398, 59.97524], [29.75533, 59.9822], [29.76193, 59.98839], [29.77276, 59.99289], [29.78619, 59.995], [29.80017, 59.99441], [29.81255, 59.9912], [29.82147, 59.98586], [29.82555, 59.97921], [29.82418, 59.97226], [29.81758, 59.96607]]]}}, {"type": "Feature", "properties": {"name": "Norra hamnen", "layer": "exclusions", "kind": "harbour"}, "geometry": {"type": "Polygon", "coordinates": [[[23.45996, 59.96793], [23.45004, 59.96295], [23.43711, 59.96024], [23.42314, 59.96019], [23.41024, 59.96283], [23.40038, 59.96775], [23.39507, 59.9742], [23.3951, 59.9812], [23.40049, 59.98768], [23.41041, 59.99267], [23.42335, 59.99539], [23.43734, 59.99543], [23.45025, 59.99279], [23.4601, 59.98787], [23.46541, 59.98142], [23.46536, 59.97442], [23.45996, 59.96793]]]}}, {"type": "Feature", "properties": {"name": "Parikkalan vierasvenesatama", "layer": "exclusions", "kind": "harbour"}, "geometry": {"type": "Polygon", "coordinates": [[[29.52491, 61.54533], [29.51354, 61.54082], [29.49946, 61.53869], [29.48481, 61.53926], [29.47182, 61.54245], [29.46247, 61.54778], [29.45817, 61.55443], [29.45959, 61.56138], [29.46651, 61.56759], [29.47788, 61.57211], [29.49198, 61.57424], [29.50664, 61.57367], [29.51964, 61.57047], [29.52899, 61.56515], [29.53327, 61.5585], [29.53184, 61.55154], [29.52491, 61.54533]]]}}, {"type": "Feature", "properties": {"name": "Padasjoen satama", "layer": "exclusions", "kind": "harbour"}, "geometry": {"type": "Polygon", "coordinates": [[[25.32733, 61.35199], [25.31667, 61.34716], [25.30301, 61.34462], [25.28843, 61.34477], [25.27514, 61.34758], [25.26517, 61.35263], [25.26004, 61.35916], [25.26052, 61.36615], [25.26655, 61.37256], [25.27722, 61.3774], [25.29089, 61.37994], [25.30549, 61.37979], [25.31879, 61.37698], [25.32876, 61.37192], [25.33388, 61.3654], [25.33338, 61.3584], [25.32733, 61.35199]]]}}, {"type": "Feature", "properties": {"name": "exclusions-73", "layer": "exclusions", "kind": "harbour"}, "geometry": {"type": "Polygon", "coordinates": [[[27.78328, 63.0804], [27.77156, 63.07576], [27.75688, 63.07346], [27.74147, 63.07387], [27.72768, 63.07692], [27.71759, 63.08214], [27.71275, 63.08875], [27.7139, 63.09573], [27.72086, 63.10203], [27.73258, 63.10668], [27.74728, 63.10898], [27.7627, 63.10857], [27.77651, 63.10552], [27.7866, 63.10029], [27.79142, 63.09368], [27.79026, 63.0867], [27.78328, 63.0804]]]}}, {"type": "Feature", "properties": {"name": "exclusions-74", "layer": "exclusions", "kind": "harbour"}, "geometry": {"type": "Polygon", "coordinates": [[[26.91601, 61.14646], [26.90518, 61.14174], [26.89147, 61.13936], [26.87699, 61.13967], [26.86392, 61.14262], [26.85425, 61.14778], [26.84946, 61.15435], [26.85028, 61.16134], [26.85659, 61.16767], [26.86743, 61.1724], [26.88114, 61.17478], [26.89564, 61.17447], [26.90872, 61.17151], [26.91839, 61.16636], [26.92316, 61.15978], [26.92233, 61.1528], [26.91601, 61.14646]]]}}, {"type": "Feature", "properties": {"name": "Nurmeksen satama", "layer": "exclusions", "kind": "harbour"}, "geometry": {"type": "Polygon", "coordinates": [[[29.16186, 63.53141], [29.14973, 63.52688], [29.1347, 63.52472], [29.11907, 63.52527], [29.1052, 63.52845], [29.09522, 63.53376], [29.09063, 63.54041], [29.09214, 63.54738], [29.09953, 63.55361], [29.11167, 63.55815], [29.12671, 63.56031], [29.14236, 63.55976], [29.15623, 63.55658], [29.16622, 63.55126], [29.17079, 63.54461], [29.16926, 63.53764], [29.16186, 63.53141]]]}}, {"type": "Feature", "properties": {"name": "Rauhalahti", "layer": "exclusions", "kind": "harbour"}, "geometry": {"type": "Polygon", "coordinates": [[[25.8319, 62.22914], [25.82083, 62.22434], [25.80673, 62.22185], [25.79173, 62.22206], [25.77813, 62.22492], [25.76798, 62.23002], [25.76283, 62.23656], [25.76347, 62.24355], [25.76981, 62.24994], [25.78087, 62.25475], [25.79499, 62.25724], [25.81, 62.25703], [25.82362, 62.25416], [25.83377, 62.24907], [25.8389, 62.24252], [25.83824, 62.23552], [25.8319, 62.22914]]]}}, {"type": "Feature", "properties": {"name": "Jokela", "layer": "exclusions", "kind": "harbour"}, "geometry": {"type": "Polygon", "coordinates": [[[26.78414, 60.90782], [26.77341, 60.90309], [26.75982, 60.90069], [26.74544, 60.90098], [26.73245, 60.90393], [26.72283, 60.90907], [26.71804, 60.91564], [26.71882, 60.92263], [26.72505, 60.92897], [26.73578, 60.9337], [26.74938, 60.9361], [26.76378, 60.93581], [26.77677, 60.93286], [26.78639, 60.92771], [26.79117, 60.92115], [26.79037, 60.91416], [26.78414, 60.90782]]]}}, {"type": "Feature", "properties": {"name": "Санкт-Петербургский Речной яхт-клуб Профсоюзов", "layer": "exclusions", "kind": "harbour"}, "geometry": {"type": "Polygon", "coordinates": [[[30.26807, 59.95338], [30.25718, 59.94893], [30.24373, 59.94686], [30.22979, 59.9475], [30.21745, 59.95074], [30.20861, 59.9561], [30.2046, 59.96276], [30.20605, 59.96971], [30.21273, 59.97588], [30.22362, 59.98034], [30.23708, 59.98241], [30.25104, 59.98177], [30.26338, 59.97852], [30.27222, 59.97316], [30.27622, 59.9665], [30.27476, 59.95955], [30.26807, 59.95338]]]}}, {"type": "Feature", "properties": {"name": "Hillosensalmi", "layer": "exclusions", "kind": "harbour"}, "geometry": {"type": "Polygon", "coordinates": [[[26.81837, 61.18795], [26.80754, 61.18322], [26.79383, 61.18083], [26.77932, 61.18112], [26.76623, 61.18407], [26.75653, 61.18922], [26.75172, 61.19579], [26.75252, 61.20278], [26.75882, 61.20912], [26.76966, 61.21385], [26.78338, 61.21625], [26.7979, 61.21595], [26.81101, 61.213], [26.82069, 61.20784], [26.8255, 61.20127], [26.82468, 61.19429], [26.81837, 61.18795]]]}}, {"type": "Feature", "properties": {"name": "Havsvidden gästhamn", "layer": "exclusions", "kind": "harbour"}, "geometry": {"type": "Polygon", "coordinates": [[[19.94388, 60.41254], [19.93437, 60.40732], [19.92158, 60.40427], [19.90746, 60.40388], [19.89414, 60.4062], [19.88367, 60.41087], [19.87762, 60.41718], [19.87693, 60.42418], [19.8817, 60.4308], [19.89121, 60.43603], [19.90401, 60.43908], [19.91815, 60.43947], [19.93147, 60.43715], [19.94195, 60.43248], [19.94799, 60.42616], [19.94867, 60.41916], [19.94388, 60.41254]]]}}, {"type": "Feature", "properties": {"name": "Skellefteå hamn", "layer": "exclusions", "kind": "harbour"}, "geometry": {"type": "Polygon", "coordinates": [[[21.27857, 64.6705], [21.26731, 64.66536], [21.25241, 64.66245], [21.23615, 64.6622], [21.22098, 64.66466], [21.20922, 64.66945], [21.20265, 64.67584], [21.20229, 64.68287], [21.20818, 64.68945], [21.21944, 64.69459], [21.23436, 64.69751], [21.25065, 64.69775], [21.26583, 64.69529], [21.27759, 64.6905], [21.28414, 64.6841], [21.28448, 64.67708], [21.27857, 64.6705]]]}}, {"type": "Feature", "properties": {"name": "exclusions-82", "layer": "exclusions", "kind": "anchorage"}, "geometry": {"type": "Polygon", "coordinates": [[[21.38787, 59.78148], [21.38309, 59.77892], [21.37675, 59.77747], [21.36981, 59.77734], [21.36332, 59.77857], [21.35828, 59.78095], [21.35544, 59.78414], [21.35525, 59.78764], [21.35773, 59.79092], [21.3625, 59.79349], [21.36884, 59.79494], [21.37579, 59.79507], [21.38228, 59.79384], [21.38732, 59.79145], [21.39016, 59.78827], [21.39035, 59.78477], [21.38787, 59.78148]]]}}, {"type": "Feature", "properties": {"name": "exclusions-83", "layer": "exclusions", "kind": "anchorage"}, "geometry": {"type": "Polygon", "coordinates": [[[21.40146, 59.81691], [21.39668, 59.81435], [21.39033, 59.8129], [21.38338, 59.81277], [21.37689, 59.814], [21.37184, 59.81638], [21.369, 59.81957], [21.36881, 59.82307], [21.37129, 59.82635], [21.37607, 59.82892], [21.38242, 59.83037], [21.38937, 59.8305], [21.39587, 59.82927], [21.40092, 59.82688], [21.40375, 59.8237], [21.40394, 59.8202], [21.40146, 59.81691]]]}}, {"type": "Feature", "properties": {"name": "exclusions-84", "layer": "exclusions", "kind": "anchorage"}, "geometry": {"type": "Polygon", "coordinates": [[[23.58509, 59.82614], [23.58014, 59.82365], [23.57369, 59.8223], [23.56673, 59.82229], [23.56032, 59.82361], [23.55542, 59.82607], [23.55278, 59.8293], [23.55282, 59.8328], [23.55551, 59.83604], [23.56046, 59.83853], [23.5669, 59.83988], [23.57387, 59.8399], [23.58029, 59.83857], [23.58519, 59.83611], [23.58782, 59.83288], [23.58778, 59.82938], [23.58509, 59.82614]]]}}, {"type": "Feature", "properties": {"name": "exclusions-85", "layer": "exclusions", "kind": "anchorage"}, "geometry": {"type": "Polygon", "coordinates": [[[21.41261, 59.82775], [21.40783, 59.82518], [21.40148, 59.82373], [21.39453, 59.82361], [21.38803, 59.82483], [21.38298, 59.82722], [21.38014, 59.83041], [21.37995, 59.83391], [21.38244, 59.83719], [21.38722, 59.83975], [21.39357, 59.84121], [21.40053, 59.84133], [21.40703, 59.8401], [21.41208, 59.83772], [21.41491, 59.83453], [21.4151, 59.83103], [21.41261, 59.82775]]]}}, {"type": "Feature", "properties": {"name": "exclusions-86", "layer": "exclusions", "kind": "anchorage"}, "geometry": {"type": "Polygon", "coordinates": [[[22.94171, 59.83184], [22.93681, 59.82933], [22.93039, 59.82795], [22.92343, 59.8279], [22.91699, 59.8292], [22.91204, 59.83164], [22.90935, 59.83485], [22.90932, 59.83835], [22.91195, 59.84161], [22.91685, 59.84412], [22.92327, 59.8455], [22.93023, 59.84555], [22.93668, 59.84425], [22.94162, 59.84181], [22.94431, 59.83859], [22.94434, 59.83509], [22.94171, 59.83184]]]}}, {"type": "Feature", "properties": {"name": "exclusions-87", "layer": "exclusions", "kind": "anchorage"}, "geometry": {"type": "Polygon", "coordinates": [[[23.5935, 59.8323], [23.58855, 59.82981], [23.58211, 59.82846], [23.57514, 59.82845], [23.56873, 59.82977], [23.56383, 59.83223], [23.56119, 59.83546], [23.56123, 59.83896], [23.56392, 59.8422], [23.56887, 59.84469], [23.57532, 59.84604], [23.58228, 59.84606], [23.5887, 59.84473], [23.5936, 59.84226], [23.59623, 59.83904], [23.5962, 59.83554], [23.5935, 59.8323]]]}}, {"type": "Feature", "properties": {"name": "exclusions-88", "layer": "exclusions", "kind": "anchorage"}, "geometry": {"type": "Polygon", "coordinates": [[[23.42753, 59.85099], [23.42259, 59.8485], [23.41615, 59.84714], [23.40919, 59.84711], [23.40276, 59.84843], [23.39784, 59.85089], [23.39519, 59.85411], [23.39521, 59.85761], [23.39789, 59.86086], [23.40283, 59.86335], [23.40928, 59.86471], [23.41624, 59.86473], [23.42267, 59.86341], [23.42759, 59.86095], [23.43024, 59.85773], [23.43022, 59.85423], [23.42753, 59.85099]]]}}, {"type": "Feature", "properties": {"name": "exclusions-89", "layer": "exclusions", "kind": "anchorage"}, "geometry": {"type": "Polygon", "coordinates": [[[23.37364, 59.85767], [23.36871, 59.85518], [23.36227, 59.85381], [23.3553, 59.85379], [23.34887, 59.8551], [23.34395, 59.85756], [23.3413, 59.86078], [23.34131, 59.86428], [23.34398, 59.86753], [23.34892, 59.87002], [23.35536, 59.87138], [23.36233, 59.87141], [23.36877, 59.87009], [23.37368, 59.86764], [23.37634, 59.86441], [23.37632, 59.86091], [23.37364, 59.85767]]]}}, {"type": "Feature", "properties": {"name": "exclusions-90", "layer": "exclusions", "kind": "anchorage"}, "geometry": {"type": "Polygon", "coordinates": [[[23.25908, 59.87741], [23.25415, 59.87491], [23.24771, 59.87354], [23.24074, 59.87351], [23.2343, 59.87482], [23.22937, 59.87728], [23.22671, 59.8805], [23.22671, 59.884], [23.22937, 59.88724], [23.2343, 59.88974], [23.24075, 59.89111], [23.24772, 59.89114], [23.25416, 59.88983], [23.25909, 59.88738], [23.26175, 59.88415], [23.26175, 59.88065], [23.25908, 59.87741]]]}}, {"type": "Feature", "properties": {"name": "Björkö", "layer": "exclusions", "kind": "anchorage"}, "geometry": {"type": "Polygon", "coordinates": [[[21.69003, 59.89977], [21.68521, 59.89722], [21.67884, 59.89578], [21.67187, 59.89567], [21.66537, 59.89691], [21.66033, 59.8993], [21.65751, 59.9025], [21.65735, 59.906], [21.65987, 59.90927], [21.66468, 59.91183], [21.67106, 59.91327], [21.67803, 59.91338], [21.68453, 59.91214], [21.68957, 59.90974], [21.69239, 59.90655], [21.69255, 59.90305], [21.69003, 59.89977]]]}}, {"type": "Feature", "properties": {"name": "exclusions-92", "layer": "exclusions", "kind": "anchorage"}, "geometry": {"type": "Polygon", "coordinates": [[[23.80236, 59.92691], [23.79738, 59.92443], [23.79091, 59.92309], [23.78393, 59.92308], [23.7775, 59.92442], [23.7726, 59.92689], [23.76998, 59.93012], [23.77004, 59.93362], [23.77276, 59.93686], [23.77774, 59.93933], [23.78422, 59.94068], [23.7912, 59.94068], [23.79763, 59.93935], [23.80253, 59.93687], [23.80514, 59.93364], [23.80508, 59.93014], [23.80236, 59.92691]]]}}, {"type": "Feature", "properties": {"name": "exclusions-93", "layer": "exclusions", "kind": "anchorage"}, "geometry": {"type": "Polygon", "coordinates": [[[20.90557, 59.94718], [20.90081, 59.9446], [20.89446, 59.94312], [20.88749, 59.94297], [20.88095, 59.94417], [20.87585, 59.94654], [20.87296, 59.94972], [20.87272, 59.95322], [20.87516, 59.95651], [20.87992, 59.95909], [20.88627, 59.96057], [20.89325, 59.96072], [20.89979, 59.95952], [20.90489, 59.95715], [20.90778, 59.95397], [20.90802, 59.95047], [20.90557, 59.94718]]]}}, {"type": "Feature", "properties": {"name": "exclusions-94", "layer": "exclusions", "kind": "anchorage"}, "geometry": {"type": "Polygon", "coordinates": [[[24.45175, 59.96549], [24.44671, 59.96304], [24.44021, 59.96173], [24.43322, 59.96176], [24.42681, 59.96312], [24.42195, 59.96561], [24.41939, 59.96886], [24.41951, 59.97236], [24.4223, 59.97558], [24.42734, 59.97803], [24.43385, 59.97935], [24.44084, 59.97932], [24.44725, 59.97795], [24.45211, 59.97546], [24.45467, 59.97221], [24.45454, 59.96871], [24.45175, 59.96549]]]}}, {"type": "Feature", "properties": {"name": "exclusions-95", "layer": "exclusions", "kind": "anchorage"}, "geometry": {"type": "Polygon", "coordinates": [[[24.49781, 59.97426], [24.49278, 59.9718], [24.48627, 59.97049], [24.47927, 59.97052], [24.47286, 59.97189], [24.46801, 59.97439], [24.46545, 59.97763], [24.46558, 59.98113], [24.46838, 59.98435], [24.47342, 59.9868], [24.47993, 59.98811], [24.48693, 59.98808], [24.49334, 59.98671], [24.49819, 59.98422], [24.50075, 59.98097], [24.50061, 59.97748], [24.49781, 59.97426]]]}}, {"type": "Feature", "properties": {"name": "exclusions-96", "layer": "exclusions", "kind": "anchorage"}, "geometry": {"type": "Polygon", "coordinates": [[[23.93495, 59.98782], [23.92995, 59.98535], [23.92346, 59.98402], [23.91646, 59.98402], [23.91003, 59.98536], [23.90513, 59.98784], [23.90252, 59.99107], [23.90259, 59.99457], [23.90534, 59.9978], [23.91033, 60.00027], [23.91683, 60.00161], [23.92383, 60.00161], [23.93026, 60.00027], [23.93516, 59.99779], [23.93777, 59.99456], [23.93769, 59.99106], [23.93495, 59.98782]]]}}, {"type": "Feature", "properties": {"name": "exclusions-97", "layer": "exclusions", "kind": "anchorage"}, "geometry": {"type": "Polygon", "coordinates": [[[20.36605, 60.01985], [20.36132, 60.01725], [20.35498, 60.01575], [20.348, 60.01558], [20.34143, 60.01676], [20.33628, 60.01911], [20.33333, 60.02227], [20.33303, 60.02577], [20.33543, 60.02907], [20.34016, 60.03167], [20.3465, 60.03318], [20.35349, 60.03335], [20.36006, 60.03217], [20.36521, 60.02982], [20.36816, 60.02665], [20.36845, 60.02315], [20.36605, 60.01985]]]}}, {"type": "Feature", "properties": {"name": "exclusions-98", "layer": "exclusions", "kind": "anchorage"}, "geometry": {"type": "Polygon", "coordinates": [[[19.93998, 60.02902], [19.93528, 60.02641], [19.92896, 60.02489], [19.92198, 60.02469], [19.91539, 60.02585], [19.91021, 60.02818], [19.90723, 60.03134], [19.90688, 60.03484], [19.90924, 60.03815], [19.91394, 60.04077], [19.92026, 60.04229], [19.92725, 60.04248], [19.93383, 60.04133], [19.93901, 60.03899], [19.942, 60.03583], [19.94234, 60.03233], [19.93998, 60.02902]]]}}, {"type": "Feature", "properties": {"name": "exclusions-99", "layer": "exclusions", "kind": "anchorage"}, "geometry": {"type": "Polygon", "coordinates": [[[19.91152, 60.05207], [19.90682, 60.04946], [19.9005, 60.04793], [19.89351, 60.04774], [19.88692, 60.04889], [19.88174, 60.05123], [19.87875, 60.05438], [19.8784, 60.05788], [19.88076, 60.06119], [19.88545, 60.06381], [19.89178, 60.06533], [19.89877, 60.06553], [19.90536, 60.06437], [19.91055, 60.06204], [19.91354, 60.05888], [19.91388, 60.05538], [19.91152, 60.05207]]]}}, {"type": "Feature", "properties": {"name": "exclusions-100", "layer": "exclusions", "kind": "anchorage"}, "geometry": {"type": "Polygon", "coordinates": [[[19.93762, 60.08528], [19.93291, 60.08266], [19.92658, 60.08114], [19.91958, 60.08095], [19.91299, 60.0821], [19.9078, 60.08444], [19.90481, 60.0876], [19.90447, 60.0911], [19.90683, 60.09441], [19.91153, 60.09702], [19.91787, 60.09854], [19.92487, 60.09874], [19.93146, 60.09758], [19.93665, 60.09524], [19.93964, 60.09209], [19.93998, 60.08859], [19.93762, 60.08528]]]}}, {"type": "Feature", "properties": {"name": "exclusions-101", "layer": "exclusions", "kind": "anchorage"}, "geometry": {"type": "Polygon", "coordinates": [[[19.81426, 60.08912], [19.80956, 60.0865], [19.80323, 60.08497], [19.79624, 60.08477], [19.78964, 60.08592], [19.78444, 60.08825], [19.78143, 60.09141], [19.78108, 60.09491], [19.78343, 60.09822], [19.78812, 60.10084], [19.79445, 60.10236], [19.80145, 60.10257], [19.80805, 60.10141], [19.81325, 60.09908], [19.81625, 60.09593], [19.81661, 60.09243], [19.81426, 60.08912]]]}}, {"type": "Feature", "properties": {"name": "exclusions-102", "layer": "exclusions", "kind": "anchorage"}, "geometry": {"type": "Polygon", "coordinates": [[[19.96943, 60.09641], [19.96472, 60.09379], [19.95838, 60.09227], [19.95138, 60.09208], [19.94479, 60.09324], [19.9396, 60.09558], [19.93661, 60.09873], [19.93627, 60.10223], [19.93863, 60.10554], [19.94334, 60.10816], [19.94968, 60.10968], [19.95668, 60.10987], [19.96328, 60.10871], [19.96847, 60.10637], [19.97146, 60.10321], [19.97179, 60.09971], [19.96943, 60.09641]]]}}, {"type": "Feature", "properties": {"name": "exclusions-103", "layer": "exclusions", "kind": "anchorage"}, "geometry": {"type": "Polygon", "coordinates": [[[19.70582, 60.14986], [19.70112, 60.14724], [19.69479, 60.14571], [19.68778, 60.1455], [19.68117, 60.14665], [19.67595, 60.14897], [19.67293, 60.15213], [19.67256, 60.15563], [19.67491, 60.15894], [19.6796, 60.16156], [19.68594, 60.16309], [19.69295, 60.1633], [19.69957, 60.16215], [19.70478, 60.15983], [19.7078, 60.15667], [19.70816, 60.15317], [19.70582, 60.14986]]]}}, {"type": "Feature", "properties": {"name": "exclusions-104", "layer": "exclusions", "kind": "anchorage"}, "geometry": {"type": "Polygon", "coordinates": [[[20.25884, 60.21183], [20.25409, 60.20923], [20.24772, 60.20773], [20.2407, 60.20755], [20.23409, 60.20872], [20.2289, 60.21107], [20.22593, 60.21423], [20.22562, 60.21773], [20.22802, 60.22103], [20.23277, 60.22364], [20.23915, 60.22514], [20.24618, 60.22532], [20.25279, 60.22415], [20.25797, 60.2218], [20.26094, 60.21864], [20.26125, 60.21514], [20.25884, 60.21183]]]}}, {"type": "Feature", "properties": {"name": "exclusions-105", "layer": "exclusions", "kind": "anchorage"}, "geometry": {"type": "Polygon", "coordinates": [[[19.53322, 60.21647], [19.52853, 60.21384], [19.52219, 60.21231], [19.51517, 60.21209], [19.50854, 60.21323], [19.5033, 60.21555], [19.50026, 60.2187], [19.49987, 60.2222], [19.5022, 60.22551], [19.5069, 60.22814], [19.51324, 60.22968], [19.52026, 60.2299], [19.5269, 60.22876], [19.53213, 60.22644], [19.53517, 60.22329], [19.53555, 60.21979], [19.53322, 60.21647]]]}}, {"type": "Feature", "properties": {"name": "exclusions-106", "layer": "exclusions", "kind": "anchorage"}, "geometry": {"type": "Polygon", "coordinates": [[[20.24888, 60.21753], [20.24413, 60.21493], [20.23776, 60.21342], [20.23073, 60.21324], [20.22413, 60.21442], [20.21894, 60.21676], [20.21596, 60.21993], [20.21565, 60.22343], [20.21805, 60.22673], [20.2228, 60.22933], [20.22918, 60.23084], [20.23621, 60.23102], [20.24282, 60.22985], [20.24801, 60.2275], [20.25098, 60.22434], [20.25129, 60.22084], [20.24888, 60.21753]]]}}, {"type": "Feature", "properties": {"name": "exclusions-107", "layer": "exclusions", "kind": "anchorage"}, "geometry": {"type": "Polygon", "coordinates": [[[20.0993, 60.21821], [20.09456, 60.2156], [20.08819, 60.21408], [20.08117, 60.2139], [20.07456, 60.21506], [20.06936, 60.2174], [20.06637, 60.22056], [20.06604, 60.22406], [20.06843, 60.22737], [20.07317, 60.22998], [20.07954, 60.23149], [20.08657, 60.23168], [20.09318, 60.23052], [20.09838, 60.22817], [20.10137, 60.22501], [20.10169, 60.22151], [20.0993, 60.21821]]]}}, {"type": "Feature", "properties": {"name": "exclusions-108", "layer": "exclusions", "kind": "anchorage"}, "geometry": {"type": "Polygon", "coordinates": [[[20.0403, 60.22443], [20.03556, 60.22182], [20.0292, 60.2203], [20.02217, 60.22011], [20.01555, 60.22127], [20.01035, 60.22361], [20.00736, 60.22677], [20.00702, 60.23027], [20.00941, 60.23358], [20.01414, 60.23619], [20.02051, 60.23771], [20.02754, 60.2379], [20.03416, 60.23673], [20.03936, 60.23439], [20.04235, 60.23123], [20.04268, 60.22773], [20.0403, 60.22443]]]}}, {"type": "Feature", "properties": {"name": "exclusions-109", "layer": "exclusions", "kind": "anchorage"}, "geometry": {"type": "Polygon", "coordinates": [[[20.03668, 60.23202], [20.03195, 60.22941], [20.02558, 60.22789], [20.01856, 60.2277], [20.01194, 60.22886], [20.00673, 60.2312], [20.00374, 60.23436], [20.00341, 60.23786], [20.00579, 60.24117], [20.01052, 60.24378], [20.01689, 60.2453], [20.02392, 60.24549], [20.03054, 60.24433], [20.03575, 60.24199], [20.03874, 60.23883], [20.03907, 60.23533], [20.03668, 60.23202]]]}}, {"type": "Feature", "properties": {"name": "exclusions-110", "layer": "exclusions", "kind": "anchorage"}, "geometry": {"type": "Polygon", "coordinates": [[[20.34044, 60.23323], [20.33568, 60.23063], [20.3293, 60.22913], [20.32227, 60.22895], [20.31566, 60.23013], [20.31048, 60.23248], [20.30751, 60.23564], [20.30721, 60.23915], [20.30962, 60.24245], [20.31438, 60.24505], [20.32076, 60.24655], [20.3278, 60.24673], [20.33441, 60.24555], [20.33959, 60.2432], [20.34256, 60.24003], [20.34285, 60.23653], [20.34044, 60.23323]]]}}, {"type": "Feature", "properties": {"name": "exclusions-111", "layer": "exclusions", "kind": "anchorage"}, "geometry": {"type": "Polygon", "coordinates": [[[19.99492, 60.27248], [19.99019, 60.26987], [19.98381, 60.26835], [19.97678, 60.26816], [19.97015, 60.26932], [19.96494, 60.27166], [19.96194, 60.27482], [19.9616, 60.27832], [19.96398, 60.28163], [19.96872, 60.28424], [19.97509, 60.28576], [19.98213, 60.28595], [19.98876, 60.28479], [19.99397, 60.28245], [19.99697, 60.27929], [19.99731, 60.27579], [19.99492, 60.27248]]]}}, {"type": "Feature", "properties": {"name": "exclusions-112", "layer": "exclusions", "kind": "anchorage"}, "geometry": {"type": "Polygon", "coordinates": [[[19.59086, 60.33156], [19.58615, 60.32893], [19.57978, 60.32739], [19.57274, 60.32718], [19.56609, 60.32832], [19.56084, 60.33065], [19.55779, 60.3338], [19.55741, 60.3373], [19.55976, 60.34061], [19.56447, 60.34324], [19.57084, 60.34477], [19.57789, 60.34499], [19.58454, 60.34385], [19.58979, 60.34152], [19.59284, 60.33837], [19.59321, 60.33487], [19.59086, 60.33156]]]}}, {"type": "Feature", "properties": {"name": "exclusions-113", "layer": "exclusions", "kind": "anchorage"}, "geometry": {"type": "Polygon", "coordinates": [[[19.62187, 60.34589], [19.61715, 60.34326], [19.61079, 60.34173], [19.60374, 60.34151], [19.59708, 60.34266], [19.59184, 60.34498], [19.58879, 60.34813], [19.58841, 60.35163], [19.59076, 60.35495], [19.59548, 60.35757], [19.60185, 60.35911], [19.60891, 60.35932], [19.61556, 60.35818], [19.62081, 60.35585], [19.62385, 60.3527], [19.62423, 60.3492], [19.62187, 60.34589]]]}}, {"type": "Feature", "properties": {"name": "exclusions-114", "layer": "exclusions", "kind": "anchorage"}, "geometry": {"type": "Polygon", "coordinates": [[[19.731, 60.35072], [19.72627, 60.3481], [19.7199, 60.34657], [19.71285, 60.34637], [19.7062, 60.34751], [19.70096, 60.34984], [19.69792, 60.353], [19.69756, 60.3565], [19.69992, 60.35981], [19.70465, 60.36243], [19.71102, 60.36396], [19.71808, 60.36417], [19.72473, 60.36302], [19.72997, 60.36069], [19.733, 60.35753], [19.73337, 60.35403], [19.731, 60.35072]]]}}, {"type": "Feature", "properties": {"name": "exclusions-115", "layer": "exclusions", "kind": "anchorage"}, "geometry": {"type": "Polygon", "coordinates": [[[21.38942, 60.36571], [21.38456, 60.36314], [21.3781, 60.36169], [21.37104, 60.36156], [21.36444, 60.36279], [21.35931, 60.36518], [21.35643, 60.36837], [21.35624, 60.37187], [21.35877, 60.37515], [21.36363, 60.37771], [21.37009, 60.37917], [21.37716, 60.37929], [21.38376, 60.37807], [21.38889, 60.37568], [21.39176, 60.37249], [21.39195, 60.36899], [21.38942, 60.36571]]]}}, {"type": "Feature", "properties": {"name": "exclusions-116", "layer": "exclusions", "kind": "anchorage"}, "geometry": {"type": "Polygon", "coordinates": [[[19.78867, 60.38545], [19.78393, 60.38283], [19.77755, 60.3813], [19.77049, 60.3811], [19.76383, 60.38225], [19.75859, 60.38458], [19.75556, 60.38774], [19.7552, 60.39124], [19.75757, 60.39455], [19.76231, 60.39717], [19.76869, 60.3987], [19.77575, 60.3989], [19.78241, 60.39775], [19.78766, 60.39542], [19.79069, 60.39226], [19.79104, 60.38876], [19.78867, 60.38545]]]}}, {"type": "Feature", "properties": {"name": "exclusions-117", "layer": "exclusions", "kind": "anchorage"}, "geometry": {"type": "Polygon", "coordinates": [[[19.77302, 60.40187], [19.76828, 60.39925], [19.7619, 60.39772], [19.75484, 60.39752], [19.74818, 60.39867], [19.74293, 60.401], [19.73989, 60.40415], [19.73953, 60.40765], [19.7419, 60.41097], [19.74664, 60.41359], [19.75303, 60.41511], [19.7601, 60.41532], [19.76676, 60.41417], [19.77201, 60.41184], [19.77504, 60.40868], [19.7754, 60.40518], [19.77302, 60.40187]]]}}, {"type": "Feature", "properties": {"name": "exclusions-118", "layer": "exclusions", "kind": "anchorage"}, "geometry": {"type": "Polygon", "coordinates": [[[21.26993, 60.5878], [21.26504, 60.58523], [21.25855, 60.58377], [21.25144, 60.58364], [21.24479, 60.58486], [21.23962, 60.58725], [21.23671, 60.59043], [21.23651, 60.59394], [21.23904, 60.59722], [21.24393, 60.59979], [21.25043, 60.60125], [21.25754, 60.60138], [21.26419, 60.60016], [21.26936, 60.59777], [21.27227, 60.59459], [21.27246, 60.59108], [21.26993, 60.5878]]]}}, {"type": "Feature", "properties": {"name": "Järnasklubb Guest Harbour", "layer": "exclusions", "kind": "harbour"}, "geometry": {"type": "Polygon", "coordinates": [[[19.70795, 63.4278], [19.69747, 63.42255], [19.68338, 63.41949], [19.66783, 63.41908], [19.65317, 63.42139], [19.64164, 63.42606], [19.63499, 63.43238], [19.63424, 63.43939], [19.6395, 63.44603], [19.64997, 63.45128], [19.66407, 63.45434], [19.67965, 63.45475], [19.69432, 63.45244], [19.70585, 63.44777], [19.71249, 63.44144], [19.71322, 63.43443], [19.70795, 63.4278]]]}}, {"type": "Feature", "properties": {"name": "Bärö", "layer": "exclusions", "kind": "harbour"}, "geometry": {"type": "Polygon", "coordinates": [[[20.77471, 60.29449], [20.7651, 60.28932], [20.75228, 60.28635], [20.73819, 60.28604], [20.72498, 60.28843], [20.71465, 60.29316], [20.70878, 60.29951], [20.70826, 60.30651], [20.71318, 60.3131], [20.72279, 60.31828], [20.73562, 60.32124], [20.74972, 60.32155], [20.76294, 60.31916], [20.77327, 60.31443], [20.77913, 60.30808], [20.77963, 60.30107], [20.77471, 60.29449]]]}}, {"type": "Feature", "properties": {"name": "Remmarhamn", "layer": "exclusions", "kind": "harbour"}, "geometry": {"type": "Polygon", "coordinates": [[[20.7678, 60.24763], [20.75821, 60.24246], [20.74541, 60.2395], [20.73134, 60.23919], [20.71815, 60.24158], [20.70783, 60.24631], [20.70197, 60.25266], [20.70145, 60.25966], [20.70636, 60.26625], [20.71595, 60.27142], [20.72876, 60.27439], [20.74284, 60.2747], [20.75605, 60.27231], [20.76636, 60.26758], [20.77222, 60.26122], [20.77272, 60.25422], [20.7678, 60.24763]]]}}, {"type": "Feature", "properties": {"name": "exclusions-122", "layer": "exclusions", "kind": "harbour"}, "geometry": {"type": "Polygon", "coordinates": [[[25.47282, 64.93827], [25.46068, 64.93344], [25.4452, 64.93093], [25.42875, 64.93111], [25.41382, 64.93396], [25.40269, 64.93905], [25.39705, 64.94559], [25.39776, 64.9526], [25.40472, 64.95901], [25.41687, 64.96385], [25.43236, 64.96636], [25.44883, 64.96618], [25.46377, 64.96332], [25.4749, 64.95823], [25.48053, 64.95168], [25.4798, 64.94467], [25.47282, 64.93827]]]}}, {"type": "Feature", "properties": {"name": "Baggö Marina", "layer": "exclusions", "kind": "harbour"}, "geometry": {"type": "Polygon", "coordinates": [[[23.54002, 59.87968], [23.53011, 59.8747], [23.51721, 59.87199], [23.50327, 59.87196], [23.49041, 59.8746], [23.48059, 59.87952], [23.4753, 59.88597], [23.47535, 59.89297], [23.48074, 59.89946], [23.49064, 59.90443], [23.50355, 59.90715], [23.51751, 59.90718], [23.53038, 59.90454], [23.5402, 59.89961], [23.54548, 59.89316], [23.54541, 59.88616], [23.54002, 59.87968]]]}}, {"type": "Feature", "properties": {"name": "Rantaperkiön pienvenesatama", "layer": "exclusions", "kind": "harbour"}, "geometry": {"type": "Polygon", "coordinates": [[[23.77774, 61.46366], [23.76728, 61.4587], [23.7537, 61.45602], [23.73907, 61.45601], [23.72562, 61.45869], [23.71538, 61.46364], [23.70992, 61.4701], [23.71006, 61.47711], [23.71581, 61.48358], [23.72627, 61.48854], [23.73986, 61.49123], [23.7545, 61.49123], [23.76797, 61.48856], [23.77821, 61.48361], [23.78366, 61.47714], [23.78349, 61.47013], [23.77774, 61.46366]]]}}, {"type": "Feature", "properties": {"name": "Härmälänsaaren pienvenesatama", "layer": "exclusions", "kind": "harbour"}, "geometry": {"type": "Polygon", "coordinates": [[[23.75968, 61.46642], [23.74922, 61.46146], [23.73564, 61.45877], [23.72101, 61.45877], [23.70755, 61.46144], [23.69731, 61.46638], [23.69184, 61.47285], [23.69199, 61.47986], [23.69773, 61.48633], [23.70818, 61.49129], [23.72177, 61.49398], [23.73642, 61.49399], [23.74989, 61.49131], [23.76013, 61.48636], [23.76559, 61.47989], [23.76543, 61.47289], [23.75968, 61.46642]]]}}, {"type": "Feature", "properties": {"name": "Perkiönlahden venesatama", "layer": "exclusions", "kind": "harbour"}, "geometry": {"type": "Polygon", "coordinates": [[[23.71167, 61.52265], [23.7012, 61.51769], [23.6876, 61.515], [23.67295, 61.51499], [23.65946, 61.51766], [23.64919, 61.5226], [23.64371, 61.52907], [23.64384, 61.53607], [23.64958, 61.54255], [23.66005, 61.54751], [23.67366, 61.55021], [23.68833, 61.55022], [23.70183, 61.54755], [23.7121, 61.5426], [23.71757, 61.53613], [23.71742, 61.52913], [23.71167, 61.52265]]]}}, {"type": "Feature", "properties": {"name": "Elvalan pienvenesatama", "layer": "exclusions", "kind": "harbour"}, "geometry": {"type": "Polygon", "coordinates": [[[23.70049, 61.48787], [23.69003, 61.48291], [23.67645, 61.48022], [23.66181, 61.4802], [23.64834, 61.48287], [23.63808, 61.48781], [23.6326, 61.49428], [23.63273, 61.50128], [23.63846, 61.50776], [23.64892, 61.51273], [23.66251, 61.51542], [23.67717, 61.51543], [23.69065, 61.51276], [23.70091, 61.50782], [23.70638, 61.50135], [23.70623, 61.49434], [23.70049, 61.48787]]]}}, {"type": "Feature", "properties": {"name": "Soutukeskus", "layer": "exclusions", "kind": "harbour"}, "geometry": {"type": "Polygon", "coordinates": [[[23.79049, 61.47708], [23.78002, 61.47212], [23.76644, 61.46944], [23.7518, 61.46944], [23.73834, 61.47211], [23.7281, 61.47706], [23.72263, 61.48353], [23.72279, 61.49053], [23.72853, 61.49701], [23.739, 61.50196], [23.7526, 61.50465], [23.76725, 61.50465], [23.78072, 61.50198], [23.79096, 61.49702], [23.79641, 61.49055], [23.79624, 61.48355], [23.79049, 61.47708]]]}}, {"type": "Feature", "properties": {"name": "Eteläpuiston laituri", "layer": "exclusions", "kind": "harbour"}, "geometry": {"type": "Polygon", "coordinates": [[[23.78417, 61.47971], [23.7737, 61.47475], [23.76012, 61.47207], [23.74548, 61.47206], [23.73202, 61.47474], [23.72177, 61.47969], [23.71631, 61.48616], [23.71646, 61.49316], [23.72221, 61.49963], [23.73267, 61.50459], [23.74627, 61.50728], [23.76092, 61.50728], [23.7744, 61.50461], [23.78464, 61.49965], [23.79009, 61.49318], [23.78993, 61.48618], [23.78417, 61.47971]]]}}, {"type": "Feature", "properties": {"name": "Rosendahlin laituri", "layer": "exclusions", "kind": "harbour"}, "geometry": {"type": "Polygon", "coordinates": [[[23.76167, 61.48022], [23.7512, 61.47526], [23.73762, 61.47257], [23.72298, 61.47257], [23.70952, 61.47524], [23.69927, 61.48019], [23.6938, 61.48665], [23.69395, 61.49366], [23.69969, 61.50013], [23.71015, 61.50509], [23.72375, 61.50778], [23.7384, 61.50779], [23.75188, 61.50511], [23.76212, 61.50016], [23.76758, 61.49369], [23.76742, 61.48669], [23.76167, 61.48022]]]}}, {"type": "Feature", "properties": {"name": "Ratinanrannan pienvenesatama", "layer": "exclusions", "kind": "harbour"}, "geometry": {"type": "Polygon", "coordinates": [[[23.79301, 61.47979], [23.78254, 61.47483], [23.76896, 61.47215], [23.75432, 61.47215], [23.74086, 61.47482], [23.73062, 61.47977], [23.72515, 61.48624], [23.72531, 61.49324], [23.73105, 61.49972], [23.74152, 61.50468], [23.75512, 61.50736], [23.76977, 61.50737], [23.78325, 61.50469], [23.79349, 61.49973], [23.79894, 61.49326], [23.79877, 61.48626], [23.79301, 61.47979]]]}}, {"type": "Feature", "properties": {"name": "Viikinsaaren satama", "layer": "exclusions", "kind": "harbour"}, "geometry": {"type": "Polygon", "coordinates": [[[23.73094, 61.47493], [23.72048, 61.46997], [23.70691, 61.46728], [23.69227, 61.46727], [23.67881, 61.46994], [23.66856, 61.47489], [23.66308, 61.48135], [23.66322, 61.48836], [23.66896, 61.49483], [23.67941, 61.4998], [23.693, 61.50249], [23.70765, 61.5025], [23.72113, 61.49982], [23.73138, 61.49488], [23.73684, 61.48841], [23.73669, 61.4814], [23.73094, 61.47493]]]}}, {"type": "Feature", "properties": {"name": "Pajasaaren satama", "layer": "exclusions", "kind": "harbour"}, "geometry": {"type": "Polygon", "coordinates": [[[23.78607, 61.49523], [23.7756, 61.49028], [23.76201, 61.48759], [23.74736, 61.48759], [23.73389, 61.49026], [23.72365, 61.49521], [23.71818, 61.50168], [23.71833, 61.50868], [23.72408, 61.51516], [23.73455, 61.52012], [23.74816, 61.5228], [23.76282, 61.52281], [23.7763, 61.52013], [23.78655, 61.51518], [23.792, 61.50871], [23.79183, 61.5017], [23.78607, 61.49523]]]}}, {"type": "Feature", "properties": {"name": "Laivaranta Ikaalinen", "layer": "exclusions", "kind": "harbour"}, "geometry": {"type": "Polygon", "coordinates": [[[23.0847, 61.76485], [23.07424, 61.75985], [23.0606, 61.7571], [23.04583, 61.75702], [23.03219, 61.75964], [23.02176, 61.76454], [23.01611, 61.77098], [23.01611, 61.77799], [23.02177, 61.78449], [23.03223, 61.7895], [23.04589, 61.79225], [23.06067, 61.79233], [23.07432, 61.78971], [23.08475, 61.78481], [23.09039, 61.77836], [23.09037, 61.77135], [23.0847, 61.76485]]]}}, {"type": "Feature", "properties": {"name": "Venevalkama", "layer": "exclusions", "kind": "harbour"}, "geometry": {"type": "Polygon", "coordinates": [[[23.08984, 61.75161], [23.07939, 61.7466], [23.06575, 61.74386], [23.05099, 61.74378], [23.03736, 61.7464], [23.02693, 61.7513], [23.02128, 61.75774], [23.02129, 61.76475], [23.02695, 61.77125], [23.0374, 61.77626], [23.05105, 61.77901], [23.06583, 61.77909], [23.07947, 61.77647], [23.0899, 61.77156], [23.09553, 61.76512], [23.09551, 61.75811], [23.08984, 61.75161]]]}}, {"type": "Feature", "properties": {"name": "exclusions-136", "layer": "exclusions", "kind": "harbour"}, "geometry": {"type": "Polygon", "coordinates": [[[23.4954, 61.41404], [23.48501, 61.40907], [23.47148, 61.40635], [23.45687, 61.40632], [23.44341, 61.40897], [23.43314, 61.4139], [23.42763, 61.42035], [23.42772, 61.42736], [23.43339, 61.43385], [23.44379, 61.43883], [23.45733, 61.44154], [23.47195, 61.44157], [23.48542, 61.43892], [23.49569, 61.43399], [23.50119, 61.42753], [23.50109, 61.42052], [23.4954, 61.41404]]]}}, {"type": "Feature", "properties": {"name": "exclusions-137", "layer": "exclusions", "kind": "harbour"}, "geometry": {"type": "Polygon", "coordinates": [[[27.18239, 65.96207], [27.16943, 65.95738], [27.15317, 65.95504], [27.13609, 65.9554], [27.12079, 65.95841], [27.10958, 65.96362], [27.10418, 65.97023], [27.10541, 65.97723], [27.1131, 65.98357], [27.12606, 65.98826], [27.14234, 65.99061], [27.15944, 65.99024], [27.17476, 65.98723], [27.18597, 65.98201], [27.19135, 65.9754], [27.19009, 65.9684], [27.18239, 65.96207]]]}}, {"type": "Feature", "properties": {"name": "exclusions-138", "layer": "exclusions", "kind": "harbour"}, "geometry": {"type": "Polygon", "coordinates": [[[26.55842, 65.91883], [26.54559, 65.91409], [26.52942, 65.91168], [26.51237, 65.91198], [26.49702, 65.91494], [26.48571, 65.92011], [26.48016, 65.92669], [26.48122, 65.9337], [26.48874, 65.94007], [26.50157, 65.94481], [26.51776, 65.94722], [26.53484, 65.94692], [26.5502, 65.94396], [26.56151, 65.93879], [26.56704, 65.9322], [26.56595, 65.92519], [26.55842, 65.91883]]]}}, {"type": "Feature", "properties": {"name": "exclusions-139", "layer": "exclusions", "kind": "harbour"}, "geometry": {"type": "Polygon", "coordinates": [[[27.70775, 61.19048], [27.69678, 61.18582], [27.683, 61.18351], [27.6685, 61.1839], [27.65548, 61.18693], [27.64593, 61.19214], [27.6413, 61.19873], [27.64229, 61.20571], [27.64876, 61.21201], [27.65974, 61.21667], [27.67353, 61.21898], [27.68805, 61.21859], [27.70108, 61.21556], [27.71063, 61.21035], [27.71525, 61.20375], [27.71424, 61.19678], [27.70775, 61.19048]]]}}, {"type": "Feature", "properties": {"name": "Saaribaari Guest Harbour", "layer": "exclusions", "kind": "harbour"}, "geometry": {"type": "Polygon", "coordinates": [[[22.24734, 60.36622], [22.23748, 60.36116], [22.2245, 60.35833], [22.21036, 60.35816], [22.19723, 60.36069], [22.18709, 60.36553], [22.18148, 60.37193], [22.18128, 60.37894], [22.1865, 60.38547], [22.19635, 60.39054], [22.20935, 60.39337], [22.2235, 60.39354], [22.23664, 60.39101], [22.24679, 60.38617], [22.25238, 60.37976], [22.25257, 60.37276], [22.24734, 60.36622]]]}}, {"type": "Feature", "properties": {"name": "Arholma Östra Gästhamn", "layer": "exclusions", "kind": "harbour"}, "geometry": {"type": "Polygon", "coordinates": [[[19.15166, 59.83421], [19.14244, 59.82893], [19.12995, 59.82582], [19.11608, 59.82534], [19.10294, 59.82758], [19.09253, 59.83219], [19.08643, 59.83847], [19.08557, 59.84547], [19.0901, 59.85211], [19.09931, 59.8574], [19.11181, 59.86051], [19.1257, 59.86099], [19.13885, 59.85875], [19.14927, 59.85413], [19.15535, 59.84785], [19.15619, 59.84085], [19.15166, 59.83421]]]}}, {"type": "Feature", "properties": {"name": "exclusions-142", "layer": "exclusions", "kind": "anchorage"}, "geometry": {"type": "Polygon", "coordinates": [[[22.01247, 60.29551], [22.00757, 60.29297], [22.0011, 60.29154], [21.99405, 60.29145], [21.98749, 60.2927], [21.98241, 60.29511], [21.9796, 60.29831], [21.97947, 60.30181], [21.98206, 60.30508], [21.98696, 60.30763], [21.99343, 60.30905], [22.00048, 60.30914], [22.00705, 60.30789], [22.01212, 60.30548], [22.01494, 60.30228], [22.01506, 60.29878], [22.01247, 60.29551]]]}}, {"type": "Feature", "properties": {"name": "Heinolan satama", "layer": "exclusions", "kind": "harbour"}, "geometry": {"type": "Polygon", "coordinates": [[[26.05566, 61.19061], [26.04494, 61.18583], [26.03128, 61.18336], [26.01678, 61.18358], [26.00362, 61.18646], [25.9938, 61.19156], [25.98884, 61.19811], [25.98947, 61.2051], [25.99562, 61.21147], [26.00634, 61.21626], [26.02, 61.21873], [26.03453, 61.21851], [26.0477, 61.21563], [26.05751, 61.21052], [26.06246, 61.20398], [26.06181, 61.19699], [26.05566, 61.19061]]]}}, {"type": "Feature", "properties": {"name": "Paldiski Põhjasadam", "layer": "exclusions", "kind": "harbour"}, "geometry": {"type": "Polygon", "coordinates": [[[24.07487, 59.34193], [24.06506, 59.33699], [24.05232, 59.33433], [24.03859, 59.33434], [24.02597, 59.33703], [24.01636, 59.34199], [24.01124, 59.34846], [24.01139, 59.35546], [24.01678, 59.36192], [24.02659, 59.36685], [24.03934, 59.36952], [24.05308, 59.3695], [24.06572, 59.36681], [24.07532, 59.36185], [24.08043, 59.35538], [24.08027, 59.34838], [24.07487, 59.34193]]]}}, {"type": "Feature", "properties": {"name": "exclusions-145", "layer": "exclusions", "kind": "harbour"}, "geometry": {"type": "Polygon", "coordinates": [[[27.07989, 62.65603], [27.06846, 62.65133], [27.05404, 62.64896], [27.03884, 62.6493], [27.02517, 62.65228], [27.01509, 62.65746], [27.01015, 62.66404], [27.01111, 62.67103], [27.01781, 62.67736], [27.02924, 62.68207], [27.04367, 62.68443], [27.05888, 62.6841], [27.07257, 62.68111], [27.08265, 62.67593], [27.08757, 62.66935], [27.0866, 62.66236], [27.07989, 62.65603]]]}}, {"type": "Feature", "properties": {"name": "exclusions-146", "layer": "exclusions", "kind": "harbour"}, "geometry": {"type": "Polygon", "coordinates": [[[27.01373, 62.67086], [27.0023, 62.66615], [26.98789, 62.66378], [26.97268, 62.66411], [26.95899, 62.66708], [26.9489, 62.67226], [26.94395, 62.67884], [26.94488, 62.68583], [26.95158, 62.69216], [26.96301, 62.69687], [26.97743, 62.69925], [26.99266, 62.69892], [27.00636, 62.69594], [27.01645, 62.69077], [27.02139, 62.68418], [27.02043, 62.67719], [27.01373, 62.67086]]]}}, {"type": "Feature", "properties": {"name": "exclusions-147", "layer": "exclusions", "kind": "anchorage"}, "geometry": {"type": "Polygon", "coordinates": [[[24.92591, 65.58844], [24.91973, 65.586], [24.91182, 65.58472], [24.9034, 65.58479], [24.89573, 65.58619], [24.88999, 65.58872], [24.88705, 65.59199], [24.88736, 65.5955], [24.89087, 65.59871], [24.89705, 65.60115], [24.90496, 65.60243], [24.91339, 65.60236], [24.92106, 65.60096], [24.9268, 65.59843], [24.92974, 65.59516], [24.92942, 65.59165], [24.92591, 65.58844]]]}}, {"type": "Feature", "properties": {"name": "exclusions-148", "layer": "exclusions", "kind": "anchorage"}, "geometry": {"type": "Polygon", "coordinates": [[[24.59679, 65.64132], [24.59062, 65.63888], [24.58272, 65.63758], [24.57428, 65.63763], [24.56658, 65.63902], [24.5608, 65.64153], [24.55781, 65.6448], [24.55808, 65.64831], [24.56156, 65.65153], [24.56772, 65.65398], [24.57563, 65.65528], [24.58408, 65.65523], [24.59178, 65.65384], [24.59756, 65.65132], [24.60054, 65.64806], [24.60027, 65.64455], [24.59679, 65.64132]]]}}, {"type": "Feature", "properties": {"name": "exclusions-149", "layer": "exclusions", "kind": "anchorage"}, "geometry": {"type": "Polygon", "coordinates": [[[24.50994, 65.64233], [24.50379, 65.63988], [24.49589, 65.63858], [24.48745, 65.63862], [24.47975, 65.64001], [24.47396, 65.64252], [24.47096, 65.64578], [24.47122, 65.64929], [24.47468, 65.65252], [24.48084, 65.65497], [24.48874, 65.65627], [24.49719, 65.65623], [24.5049, 65.65484], [24.51069, 65.65232], [24.51368, 65.64906], [24.51342, 65.64555], [24.50994, 65.64233]]]}}, {"type": "Feature", "properties": {"name": "exclusions-150", "layer": "exclusions", "kind": "anchorage"}, "geometry": {"type": "Polygon", "coordinates": [[[24.53249, 65.67724], [24.52632, 65.67479], [24.51841, 65.67349], [24.50996, 65.67353], [24.50225, 65.67492], [24.49645, 65.67743], [24.49346, 65.6807], [24.49372, 65.68421], [24.49719, 65.68743], [24.50336, 65.68988], [24.51127, 65.69118], [24.51973, 65.69114], [24.52745, 65.68975], [24.53324, 65.68724], [24.53623, 65.68397], [24.53597, 65.68046], [24.53249, 65.67724]]]}}, {"type": "Feature", "properties": {"name": "exclusions-151", "layer": "exclusions", "kind": "anchorage"}, "geometry": {"type": "Polygon", "coordinates": [[[22.42958, 63.5884], [22.42406, 63.58587], [22.41684, 63.58447], [22.409, 63.58441], [22.40174, 63.58569], [22.39617, 63.58812], [22.39312, 63.59134], [22.39308, 63.59485], [22.39604, 63.59811], [22.40155, 63.60064], [22.40878, 63.60204], [22.41662, 63.60211], [22.42388, 63.60083], [22.42946, 63.59839], [22.4325, 63.59518], [22.43254, 63.59167], [22.42958, 63.5884]]]}}, {"type": "Feature", "properties": {"name": "exclusions-152", "layer": "exclusions", "kind": "anchorage"}, "geometry": {"type": "Polygon", "coordinates": [[[23.0414, 63.83323], [23.03578, 63.83073], [23.02846, 63.82935], [23.02056, 63.82932], [23.01326, 63.83063], [23.00769, 63.83309], [23.0047, 63.83631], [23.00473, 63.83982], [23.00778, 63.84308], [23.0134, 63.84558], [23.02072, 63.84696], [23.02863, 63.84699], [23.03593, 63.84568], [23.0415, 63.84322], [23.04449, 63.83999], [23.04446, 63.83648], [23.0414, 63.83323]]]}}, {"type": "Feature", "properties": {"name": "exclusions-153", "layer": "exclusions", "kind": "anchorage"}, "geometry": {"type": "Polygon", "coordinates": [[[21.36708, 62.14789], [21.36192, 62.14533], [21.35509, 62.14388], [21.34763, 62.14375], [21.34066, 62.14498], [21.33525, 62.14737], [21.33222, 62.15057], [21.33204, 62.15407], [21.33473, 62.15736], [21.33988, 62.15992], [21.34672, 62.16138], [21.35419, 62.1615], [21.36116, 62.16027], [21.36657, 62.15788], [21.36959, 62.15468], [21.36977, 62.15118], [21.36708, 62.14789]]]}}, {"type": "Feature", "properties": {"name": "exclusions-154", "layer": "exclusions", "kind": "anchorage"}, "geometry": {"type": "Polygon", "coordinates": [[[21.38009, 62.23165], [21.37493, 62.22909], [21.36808, 62.22763], [21.36059, 62.22751], [21.3536, 62.22874], [21.34818, 62.23113], [21.34515, 62.23433], [21.34497, 62.23783], [21.34767, 62.24112], [21.35284, 62.24368], [21.35969, 62.24513], [21.36718, 62.24526], [21.37417, 62.24403], [21.37959, 62.24163], [21.38262, 62.23844], [21.3828, 62.23493], [21.38009, 62.23165]]]}}, {"type": "Feature", "properties": {"name": "exclusions-155", "layer": "exclusions", "kind": "anchorage"}, "geometry": {"type": "Polygon", "coordinates": [[[21.36599, 62.98775], [21.36068, 62.98519], [21.35366, 62.98374], [21.34598, 62.98362], [21.33883, 62.98485], [21.33327, 62.98724], [21.33017, 62.99043], [21.32999, 62.99394], [21.33277, 62.99723], [21.33807, 62.99979], [21.3451, 63.00125], [21.35278, 63.00137], [21.35994, 63.00014], [21.3655, 62.99774], [21.36859, 62.99455], [21.36877, 62.99104], [21.36599, 62.98775]]]}}, {"type": "Feature", "properties": {"name": "exclusions-156", "layer": "exclusions", "kind": "anchorage"}, "geometry": {"type": "Polygon", "coordinates": [[[21.36055, 63.18108], [21.35521, 63.17851], [21.34814, 63.17706], [21.34041, 63.17694], [21.33321, 63.17817], [21.32762, 63.18056], [21.3245, 63.18376], [21.32433, 63.18727], [21.32712, 63.19055], [21.33246, 63.19312], [21.33953, 63.19457], [21.34726, 63.19469], [21.35447, 63.19346], [21.36006, 63.19106], [21.36318, 63.18787], [21.36335, 63.18436], [21.36055, 63.18108]]]}}, {"type": "Feature", "properties": {"name": "exclusions-157", "layer": "exclusions", "kind": "anchorage"}, "geometry": {"type": "Polygon", "coordinates": [[[21.48416, 61.59973], [21.47909, 61.59717], [21.47237, 61.59572], [21.46504, 61.5956], [21.45819, 61.59683], [21.45288, 61.59923], [21.44991, 61.60242], [21.44974, 61.60592], [21.45239, 61.60921], [21.45746, 61.61177], [21.46417, 61.61322], [21.47152, 61.61333], [21.47836, 61.6121], [21.48368, 61.6097], [21.48664, 61.60651], [21.48681, 61.60301], [21.48416, 61.59973]]]}}, {"type": "Feature", "properties": {"name": "exclusions-158", "layer": "exclusions", "kind": "anchorage"}, "geometry": {"type": "Polygon", "coordinates": [[[21.48483, 61.60409], [21.47976, 61.60153], [21.47305, 61.60008], [21.46571, 61.59996], [21.45886, 61.60119], [21.45355, 61.60359], [21.45058, 61.60678], [21.45041, 61.61029], [21.45306, 61.61357], [21.45813, 61.61613], [21.46485, 61.61758], [21.47219, 61.6177], [21.47904, 61.61646], [21.48435, 61.61407], [21.48732, 61.61087], [21.48748, 61.60737], [21.48483, 61.60409]]]}}, {"type": "Feature", "properties": {"name": "exclusions-159", "layer": "exclusions", "kind": "anchorage"}, "geometry": {"type": "Polygon", "coordinates": [[[21.40326, 61.64115], [21.39819, 61.63859], [21.39147, 61.63713], [21.38412, 61.63701], [21.37727, 61.63824], [21.37194, 61.64063], [21.36896, 61.64382], [21.36878, 61.64733], [21.37143, 61.65061], [21.3765, 61.65318], [21.38322, 61.65463], [21.39057, 61.65475], [21.39743, 61.65352], [21.40275, 61.65113], [21.40573, 61.64794], [21.40591, 61.64443], [21.40326, 61.64115]]]}}, {"type": "Feature", "properties": {"name": "exclusions-160", "layer": "exclusions", "kind": "anchorage"}, "geometry": {"type": "Polygon", "coordinates": [[[21.3203, 61.68571], [21.31523, 61.68314], [21.30851, 61.68169], [21.30115, 61.68156], [21.29428, 61.68279], [21.28894, 61.68517], [21.28595, 61.68836], [21.28576, 61.69187], [21.2884, 61.69515], [21.29347, 61.69772], [21.3002, 61.69918], [21.30756, 61.6993], [21.31443, 61.69808], [21.31977, 61.69569], [21.32276, 61.6925], [21.32294, 61.68899], [21.3203, 61.68571]]]}}, {"type": "Feature", "properties": {"name": "exclusions-161", "layer": "exclusions", "kind": "harbour"}, "geometry": {"type": "Polygon", "coordinates": [[[24.75799, 59.44294], [24.74805, 59.43806], [24.73521, 59.43546], [24.72144, 59.43554], [24.70883, 59.4383], [24.6993, 59.4433], [24.69429, 59.44979], [24.69458, 59.45679], [24.70012, 59.46322], [24.71007, 59.46811], [24.72291, 59.47071], [24.73669, 59.47063], [24.74931, 59.46787], [24.75884, 59.46286], [24.76384, 59.45637], [24.76354, 59.44937], [24.75799, 59.44294]]]}}, {"type": "Feature", "properties": {"name": "Kuressaare jahisadam", "layer": "exclusions", "kind": "harbour"}, "geometry": {"type": "Polygon", "coordinates": [[[22.50003, 58.23531], [22.49076, 58.23026], [22.47855, 58.22745], [22.46526, 58.2273], [22.4529, 58.22984], [22.44336, 58.23468], [22.4381, 58.24109], [22.4379, 58.24809], [22.44281, 58.25461], [22.45208, 58.25967], [22.4643, 58.26248], [22.47761, 58.26263], [22.48997, 58.26008], [22.49951, 58.25524], [22.50477, 58.24883], [22.50495, 58.24183], [22.50003, 58.23531]]]}}, {"type": "Feature", "properties": {"name": "Roomassaare sadam", "layer": "exclusions", "kind": "harbour"}, "geometry": {"type": "Polygon", "coordinates": [[[22.53488, 58.20752], [22.52561, 58.20247], [22.51341, 58.19966], [22.50012, 58.19952], [22.48778, 58.20206], [22.47825, 58.20691], [22.473, 58.21332], [22.47281, 58.22031], [22.47772, 58.22684], [22.48699, 58.23189], [22.4992, 58.2347], [22.5125, 58.23484], [22.52485, 58.2323], [22.53438, 58.22745], [22.53963, 58.22104], [22.5398, 58.21404], [22.53488, 58.20752]]]}}, {"type": "Feature", "properties": {"name": "exclusions-164", "layer": "exclusions", "kind": "harbour"}, "geometry": {"type": "Polygon", "coordinates": [[[21.96569, 60.44838], [21.95585, 60.4433], [21.94286, 60.44044], [21.9287, 60.44025], [21.91551, 60.44275], [21.9053, 60.44757], [21.89964, 60.45397], [21.89937, 60.46097], [21.90455, 60.46751], [21.91439, 60.4726], [21.92739, 60.47546], [21.94157, 60.47565], [21.95477, 60.47315], [21.96498, 60.46833], [21.97063, 60.46193], [21.97088, 60.45493], [21.96569, 60.44838]]]}}, {"type": "Feature", "properties": {"name": "Södra hamn", "layer": "exclusions", "kind": "harbour"}, "geometry": {"type": "Polygon", "coordinates": [[[22.18795, 65.57012], [22.17612, 65.56505], [22.16061, 65.56222], [22.14379, 65.56207], [22.1282, 65.56462], [22.11623, 65.56949], [22.10968, 65.57592], [22.10957, 65.58295], [22.11591, 65.5895], [22.12774, 65.59458], [22.14326, 65.59741], [22.16011, 65.59756], [22.17571, 65.595], [22.18769, 65.59014], [22.19422, 65.5837], [22.19431, 65.57667], [22.18795, 65.57012]]]}}, {"type": "Feature", "properties": {"name": "Suomenlinnan Pursiseuran (SuPs) satama", "layer": "exclusions", "kind": "harbour"}, "geometry": {"type": "Polygon", "coordinates": [[[25.01269, 60.13665], [25.00249, 60.13178], [24.98936, 60.12921], [24.97531, 60.12932], [24.96247, 60.1321], [24.95279, 60.13713], [24.94775, 60.14363], [24.94811, 60.15063], [24.95383, 60.15705], [24.96404, 60.16191], [24.97717, 60.16449], [24.99124, 60.16438], [25.00409, 60.16159], [25.01377, 60.15657], [25.0188, 60.15006], [25.01842, 60.14306], [25.01269, 60.13665]]]}}, {"type": "Feature", "properties": {"name": "Nötö", "layer": "exclusions", "kind": "harbour"}, "geometry": {"type": "Polygon", "coordinates": [[[21.78666, 59.9445], [21.777, 59.9394], [21.76422, 59.93653], [21.75027, 59.93632], [21.73726, 59.9388], [21.72717, 59.9436], [21.72155, 59.94999], [21.72124, 59.95699], [21.72629, 59.96354], [21.73595, 59.96864], [21.74874, 59.97152], [21.7627, 59.97173], [21.77572, 59.96924], [21.78581, 59.96444], [21.79143, 59.95805], [21.79172, 59.95105], [21.78666, 59.9445]]]}}, {"type": "Feature", "properties": {"name": "exclusions-168", "layer": "exclusions", "kind": "harbour"}, "geometry": {"type": "Polygon", "coordinates": [[[24.8634, 60.13295], [24.85322, 60.12808], [24.84011, 60.12549], [24.82606, 60.12559], [24.81321, 60.12836], [24.80351, 60.13337], [24.79844, 60.13987], [24.79877, 60.14686], [24.80446, 60.15329], [24.81464, 60.15817], [24.82776, 60.16076], [24.84183, 60.16066], [24.85469, 60.15789], [24.86439, 60.15288], [24.86945, 60.14637], [24.8691, 60.13938], [24.8634, 60.13295]]]}}, {"type": "Feature", "properties": {"name": "exclusions-169", "layer": "exclusions", "kind": "harbour"}, "geometry": {"type": "Polygon", "coordinates": [[[28.04882, 62.75183], [28.03719, 62.7472], [28.02265, 62.74493], [28.00741, 62.74536], [27.99379, 62.74843], [27.98384, 62.75367], [27.9791, 62.76029], [27.98029, 62.76727], [27.98722, 62.77355], [27.99885, 62.77818], [28.0134, 62.78045], [28.02866, 62.78002], [28.0423, 62.77695], [28.05223, 62.7717], [28.05696, 62.76509], [28.05576, 62.75811], [28.04882, 62.75183]]]}}, {"type": "Feature", "properties": {"name": "Niskalammen satama", "layer": "exclusions", "kind": "harbour"}, "geometry": {"type": "Polygon", "coordinates": [[[28.81467, 61.21385], [28.80353, 61.20928], [28.78965, 61.20708], [28.77515, 61.20758], [28.76222, 61.2107], [28.75284, 61.21598], [28.74843, 61.22261], [28.74966, 61.22958], [28.75636, 61.23582], [28.76751, 61.2404], [28.7814, 61.2426], [28.79592, 61.2421], [28.80885, 61.23897], [28.81823, 61.23369], [28.82263, 61.22706], [28.82138, 61.22009], [28.81467, 61.21385]]]}}, {"type": "Feature", "properties": {"name": "exclusions-171", "layer": "exclusions", "kind": "harbour"}, "geometry": {"type": "Polygon", "coordinates": [[[25.96789, 60.48176], [25.95743, 60.47697], [25.94409, 60.47449], [25.92989, 60.4747], [25.917, 60.47756], [25.90737, 60.48265], [25.90247, 60.48919], [25.90305, 60.49618], [25.90903, 60.50256], [25.91949, 60.50736], [25.93284, 60.50984], [25.94706, 60.50963], [25.95996, 60.50676], [25.96959, 60.50167], [25.97448, 60.49513], [25.97388, 60.48814], [25.96789, 60.48176]]]}}, {"type": "Feature", "properties": {"name": "Väärnin vierasvenesatama", "layer": "exclusions", "kind": "harbour"}, "geometry": {"type": "Polygon", "coordinates": [[[27.40367, 63.34293], [27.39191, 63.33825], [27.37712, 63.33592], [27.36157, 63.33629], [27.34762, 63.33931], [27.33739, 63.34451], [27.33243, 63.35111], [27.33351, 63.3581], [27.34046, 63.36441], [27.35223, 63.36909], [27.36703, 63.37143], [27.38259, 63.37106], [27.39656, 63.36804], [27.40679, 63.36283], [27.41173, 63.35623], [27.41064, 63.34924], [27.40367, 63.34293]]]}}, {"type": "Feature", "properties": {"name": "exclusions-173", "layer": "exclusions", "kind": "harbour"}, "geometry": {"type": "Polygon", "coordinates": [[[24.92132, 60.13937], [24.91113, 60.1345], [24.89801, 60.13192], [24.88396, 60.13203], [24.87111, 60.1348], [24.86141, 60.13981], [24.85635, 60.14632], [24.8567, 60.15331], [24.8624, 60.15974], [24.8726, 60.16461], [24.88573, 60.1672], [24.89979, 60.16709], [24.91265, 60.16432], [24.92235, 60.1593], [24.92739, 60.15279], [24.92703, 60.1458], [24.92132, 60.13937]]]}}, {"type": "Feature", "properties": {"name": "exclusions-174", "layer": "exclusions", "kind": "harbour"}, "geometry": {"type": "Polygon", "coordinates": [[[24.92454, 60.14159], [24.91434, 60.13671], [24.90122, 60.13413], [24.88717, 60.13424], [24.87432, 60.13701], [24.86463, 60.14203], [24.85957, 60.14853], [24.85991, 60.15552], [24.86562, 60.16195], [24.87581, 60.16682], [24.88894, 60.16941], [24.90301, 60.1693], [24.91587, 60.16653], [24.92556, 60.16151], [24.93061, 60.155], [24.93025, 60.14801], [24.92454, 60.14159]]]}}, {"type": "Feature", "properties": {"name": "exclusions-175", "layer": "exclusions", "kind": "anchorage"}, "geometry": {"type": "Polygon", "coordinates": [[[24.98401, 60.13765], [24.97891, 60.13522], [24.97235, 60.13393], [24.96532, 60.13399], [24.9589, 60.13538], [24.95406, 60.13789], [24.95154, 60.14114], [24.95172, 60.14464], [24.95458, 60.14785], [24.95968, 60.15028], [24.96625, 60.15157], [24.97328, 60.15152], [24.9797, 60.15013], [24.98454, 60.14761], [24.98706, 60.14436], [24.98687, 60.14086], [24.98401, 60.13765]]]}}, {"type": "Feature", "properties": {"name": "exclusions-176", "layer": "exclusions", "kind": "anchorage"}, "geometry": {"type": "Polygon", "coordinates": [[[25.43737, 60.15732], [25.43224, 60.15491], [25.42565, 60.15364], [25.41862, 60.15372], [25.41221, 60.15513], [25.4074, 60.15766], [25.40493, 60.16092], [25.40516, 60.16441], [25.40806, 60.16761], [25.4132, 60.17003], [25.41979, 60.1713], [25.42682, 60.17122], [25.43323, 60.16981], [25.43804, 60.16728], [25.44052, 60.16402], [25.44028, 60.16052], [25.43737, 60.15732]]]}}, {"type": "Feature", "properties": {"name": "exclusions-177", "layer": "exclusions", "kind": "anchorage"}, "geometry": {"type": "Polygon", "coordinates": [[[25.46543, 60.16244], [25.46029, 60.16003], [25.4537, 60.15876], [25.44667, 60.15884], [25.44026, 60.16025], [25.43545, 60.16278], [25.43298, 60.16604], [25.43321, 60.16954], [25.43612, 60.17274], [25.44126, 60.17515], [25.44785, 60.17642], [25.45488, 60.17634], [25.46129, 60.17493], [25.4661, 60.1724], [25.46858, 60.16914], [25.46834, 60.16564], [25.46543, 60.16244]]]}}, {"type": "Feature", "properties": {"name": "exclusions-178", "layer": "exclusions", "kind": "anchorage"}, "geometry": {"type": "Polygon", "coordinates": [[[25.51453, 60.18215], [25.50938, 60.17973], [25.50279, 60.17847], [25.49575, 60.17855], [25.48934, 60.17997], [25.48454, 60.1825], [25.48206, 60.18576], [25.4823, 60.18925], [25.48522, 60.19245], [25.49037, 60.19487], [25.49696, 60.19613], [25.504, 60.19605], [25.51041, 60.19463], [25.51522, 60.1921], [25.51769, 60.18884], [25.51745, 60.18534], [25.51453, 60.18215]]]}}, {"type": "Feature", "properties": {"name": "exclusions-179", "layer": "exclusions", "kind": "anchorage"}, "geometry": {"type": "Polygon", "coordinates": [[[25.85989, 60.19435], [25.85471, 60.19195], [25.8481, 60.1907], [25.84106, 60.1908], [25.83466, 60.19223], [25.82988, 60.19477], [25.82744, 60.19804], [25.82772, 60.20153], [25.83067, 60.20472], [25.83584, 60.20713], [25.84245, 60.20837], [25.8495, 60.20827], [25.8559, 60.20684], [25.86068, 60.2043], [25.86312, 60.20103], [25.86284, 60.19754], [25.85989, 60.19435]]]}}, {"type": "Feature", "properties": {"name": "exclusions-180", "layer": "exclusions", "kind": "anchorage"}, "geometry": {"type": "Polygon", "coordinates": [[[25.65191, 60.21124], [25.64675, 60.20883], [25.64014, 60.20757], [25.6331, 60.20766], [25.62669, 60.20908], [25.62189, 60.21162], [25.61943, 60.21488], [25.61968, 60.21838], [25.62261, 60.22157], [25.62778, 60.22398], [25.63438, 60.22524], [25.64143, 60.22515], [25.64784, 60.22373], [25.65264, 60.22119], [25.6551, 60.21793], [25.65484, 60.21443], [25.65191, 60.21124]]]}}, {"type": "Feature", "properties": {"name": "exclusions-181", "layer": "exclusions", "kind": "anchorage"}, "geometry": {"type": "Polygon", "coordinates": [[[25.6664, 60.21768], [25.66124, 60.21527], [25.65463, 60.21402], [25.64759, 60.21411], [25.64118, 60.21553], [25.63638, 60.21806], [25.63392, 60.22133], [25.63417, 60.22482], [25.6371, 60.22802], [25.64227, 60.23043], [25.64888, 60.23168], [25.65593, 60.23159], [25.66234, 60.23017], [25.66714, 60.22764], [25.6696, 60.22437], [25.66934, 60.22088], [25.6664, 60.21768]]]}}, {"type": "Feature", "properties": {"name": "exclusions-182", "layer": "exclusions", "kind": "anchorage"}, "geometry": {"type": "Polygon", "coordinates": [[[25.90016, 60.22774], [25.89498, 60.22534], [25.88836, 60.2241], [25.88132, 60.2242], [25.87492, 60.22563], [25.87013, 60.22817], [25.86769, 60.23144], [25.86797, 60.23493], [25.87093, 60.23813], [25.87611, 60.24053], [25.88273, 60.24177], [25.88978, 60.24167], [25.89619, 60.24024], [25.90097, 60.23769], [25.90341, 60.23442], [25.90312, 60.23093], [25.90016, 60.22774]]]}}, {"type": "Feature", "properties": {"name": "exclusions-183", "layer": "exclusions", "kind": "anchorage"}, "geometry": {"type": "Polygon", "coordinates": [[[25.86895, 60.2279], [25.86377, 60.2255], [25.85715, 60.22426], [25.8501, 60.22436], [25.8437, 60.22579], [25.83891, 60.22833], [25.83647, 60.23159], [25.83675, 60.23509], [25.8397, 60.23828], [25.84488, 60.24068], [25.8515, 60.24193], [25.85855, 60.24183], [25.86496, 60.2404], [25.86975, 60.23785], [25.87218, 60.23459], [25.8719, 60.23109], [25.86895, 60.2279]]]}}, {"type": "Feature", "properties": {"name": "exclusions-184", "layer": "exclusions", "kind": "anchorage"}, "geometry": {"type": "Polygon", "coordinates": [[[25.91329, 60.2372], [25.90811, 60.2348], [25.90149, 60.23356], [25.89444, 60.23366], [25.88804, 60.23509], [25.88325, 60.23763], [25.88081, 60.2409], [25.8811, 60.2444], [25.88406, 60.24759], [25.88924, 60.24999], [25.89586, 60.25123], [25.90292, 60.25113], [25.90932, 60.24969], [25.91411, 60.24715], [25.91654, 60.24388], [25.91625, 60.24039], [25.91329, 60.2372]]]}}, {"type": "Feature", "properties": {"name": "exclusions-185", "layer": "exclusions", "kind": "anchorage"}, "geometry": {"type": "Polygon", "coordinates": [[[25.68252, 60.25872], [25.67735, 60.25632], [25.67074, 60.25506], [25.66368, 60.25515], [25.65727, 60.25658], [25.65246, 60.25911], [25.65, 60.26238], [25.65026, 60.26587], [25.6532, 60.26907], [25.65837, 60.27147], [25.66499, 60.27273], [25.67205, 60.27264], [25.67847, 60.27122], [25.68327, 60.26868], [25.68573, 60.26541], [25.68546, 60.26192], [25.68252, 60.25872]]]}}, {"type": "Feature", "properties": {"name": "exclusions-186", "layer": "exclusions", "kind": "anchorage"}, "geometry": {"type": "Polygon", "coordinates": [[[25.64665, 60.2898], [25.64148, 60.2874], [25.63486, 60.28614], [25.6278, 60.28623], [25.62137, 60.28765], [25.61656, 60.29018], [25.6141, 60.29345], [25.61435, 60.29694], [25.61729, 60.30014], [25.62246, 60.30255], [25.62909, 60.3038], [25.63615, 60.30372], [25.64258, 60.30229], [25.64739, 60.29976], [25.64985, 60.2965], [25.64959, 60.293], [25.64665, 60.2898]]]}}, {"type": "Feature", "properties": {"name": "exclusions-187", "layer": "exclusions", "kind": "anchorage"}, "geometry": {"type": "Polygon", "coordinates": [[[25.66144, 60.29012], [25.65627, 60.28771], [25.64965, 60.28646], [25.64259, 60.28655], [25.63616, 60.28797], [25.63135, 60.2905], [25.62889, 60.29377], [25.62915, 60.29726], [25.63209, 60.30046], [25.63726, 60.30287], [25.64389, 60.30412], [25.65095, 60.30403], [25.65737, 60.30261], [25.66218, 60.30007], [25.66465, 60.29681], [25.66439, 60.29331], [25.66144, 60.29012]]]}}, {"type": "Feature", "properties": {"name": "exclusions-188", "layer": "exclusions", "kind": "anchorage"}, "geometry": {"type": "Polygon", "coordinates": [[[25.57813, 60.31267], [25.57296, 60.31026], [25.56634, 60.309], [25.55927, 60.30908], [25.55284, 60.3105], [25.54802, 60.31303], [25.54555, 60.3163], [25.5458, 60.31979], [25.54873, 60.32299], [25.55391, 60.3254], [25.56053, 60.32666], [25.5676, 60.32658], [25.57403, 60.32516], [25.57885, 60.32262], [25.58132, 60.31936], [25.58107, 60.31587], [25.57813, 60.31267]]]}}, {"type": "Feature", "properties": {"name": "exclusions-189", "layer": "exclusions", "kind": "anchorage"}, "geometry": {"type": "Polygon", "coordinates": [[[25.64684, 60.32765], [25.64165, 60.32524], [25.63503, 60.32399], [25.62796, 60.32408], [25.62153, 60.3255], [25.61671, 60.32803], [25.61424, 60.3313], [25.6145, 60.33479], [25.61744, 60.33799], [25.62262, 60.3404], [25.62925, 60.34165], [25.63633, 60.34156], [25.64276, 60.34014], [25.64757, 60.33761], [25.65004, 60.33434], [25.64978, 60.33085], [25.64684, 60.32765]]]}}, {"type": "Feature", "properties": {"name": "exclusions-190", "layer": "exclusions", "kind": "anchorage"}, "geometry": {"type": "Polygon", "coordinates": [[[25.64914, 60.33206], [25.64396, 60.32965], [25.63733, 60.3284], [25.63026, 60.32849], [25.62383, 60.32991], [25.61901, 60.33244], [25.61654, 60.3357], [25.6168, 60.3392], [25.61974, 60.3424], [25.62492, 60.34481], [25.63156, 60.34606], [25.63863, 60.34597], [25.64506, 60.34455], [25.64988, 60.34201], [25.65234, 60.33875], [25.65208, 60.33525], [25.64914, 60.33206]]]}}, {"type": "Feature", "properties": {"name": "exclusions-191", "layer": "exclusions", "kind": "anchorage"}, "geometry": {"type": "Polygon", "coordinates": [[[25.65134, 60.34861], [25.64616, 60.3462], [25.63953, 60.34494], [25.63245, 60.34503], [25.62602, 60.34645], [25.6212, 60.34899], [25.61873, 60.35225], [25.61899, 60.35575], [25.62193, 60.35895], [25.62712, 60.36135], [25.63375, 60.36261], [25.64083, 60.36252], [25.64727, 60.3611], [25.65208, 60.35856], [25.65455, 60.3553], [25.65429, 60.3518], [25.65134, 60.34861]]]}}, {"type": "Feature", "properties": {"name": "exclusions-192", "layer": "exclusions", "kind": "anchorage"}, "geometry": {"type": "Polygon", "coordinates": [[[26.15586, 60.28158], [26.15065, 60.2792], [26.14401, 60.27796], [26.13695, 60.27808], [26.13055, 60.27952], [26.12578, 60.28207], [26.12336, 60.28534], [26.12367, 60.28884], [26.12666, 60.29202], [26.13187, 60.29441], [26.13851, 60.29565], [26.14557, 60.29553], [26.15197, 60.29409], [26.15675, 60.29154], [26.15916, 60.28826], [26.15885, 60.28477], [26.15586, 60.28158]]]}}, {"type": "Feature", "properties": {"name": "exclusions-193", "layer": "exclusions", "kind": "anchorage"}, "geometry": {"type": "Polygon", "coordinates": [[[28.65762, 60.31565], [28.65222, 60.31336], [28.64548, 60.31225], [28.63842, 60.31249], [28.63212, 60.31404], [28.62753, 60.31667], [28.62536, 60.31998], [28.62593, 60.32347], [28.62916, 60.32659], [28.63456, 60.32889], [28.64131, 60.33], [28.64837, 60.32976], [28.65467, 60.3282], [28.65926, 60.32557], [28.66143, 60.32226], [28.66085, 60.31878], [28.65762, 60.31565]]]}}, {"type": "Feature", "properties": {"name": "exclusions-194", "layer": "exclusions", "kind": "anchorage"}, "geometry": {"type": "Polygon", "coordinates": [[[28.60581, 60.34278], [28.60041, 60.34048], [28.59367, 60.33937], [28.5866, 60.33961], [28.58029, 60.34116], [28.5757, 60.34379], [28.57352, 60.3471], [28.57408, 60.35058], [28.57731, 60.35371], [28.58271, 60.356], [28.58946, 60.35712], [28.59653, 60.35688], [28.60284, 60.35533], [28.60743, 60.3527], [28.60961, 60.34939], [28.60904, 60.3459], [28.60581, 60.34278]]]}}, {"type": "Feature", "properties": {"name": "exclusions-195", "layer": "exclusions", "kind": "anchorage"}, "geometry": {"type": "Polygon", "coordinates": [[[28.57144, 60.34598], [28.56604, 60.34368], [28.5593, 60.34257], [28.55223, 60.34281], [28.54592, 60.34436], [28.54133, 60.34699], [28.53914, 60.35029], [28.53971, 60.35378], [28.54293, 60.35691], [28.54833, 60.3592], [28.55508, 60.36032], [28.56215, 60.36008], [28.56846, 60.35853], [28.57306, 60.3559], [28.57524, 60.35259], [28.57467, 60.34911], [28.57144, 60.34598]]]}}, {"type": "Feature", "properties": {"name": "exclusions-196", "layer": "exclusions", "kind": "anchorage"}, "geometry": {"type": "Polygon", "coordinates": [[[26.46423, 60.34625], [26.45898, 60.34387], [26.45232, 60.34266], [26.44525, 60.34279], [26.43885, 60.34424], [26.43409, 60.3468], [26.4317, 60.35008], [26.43204, 60.35357], [26.43507, 60.35675], [26.44031, 60.35913], [26.44698, 60.36035], [26.45405, 60.36022], [26.46046, 60.35876], [26.46521, 60.3562], [26.4676, 60.35292], [26.46725, 60.34943], [26.46423, 60.34625]]]}}, {"type": "Feature", "properties": {"name": "exclusions-197", "layer": "exclusions", "kind": "anchorage"}, "geometry": {"type": "Polygon", "coordinates": [[[26.49598, 60.37439], [26.49073, 60.37201], [26.48406, 60.3708], [26.47698, 60.37093], [26.47058, 60.37239], [26.46582, 60.37495], [26.46343, 60.37823], [26.46378, 60.38172], [26.46681, 60.3849], [26.47206, 60.38728], [26.47873, 60.38849], [26.48581, 60.38836], [26.49222, 60.3869], [26.49698, 60.38434], [26.49936, 60.38106], [26.49901, 60.37757], [26.49598, 60.37439]]]}}, {"type": "Feature", "properties": {"name": "exclusions-198", "layer": "exclusions", "kind": "anchorage"}, "geometry": {"type": "Polygon", "coordinates": [[[26.86727, 60.37998], [26.86199, 60.37762], [26.8553, 60.37642], [26.84823, 60.37657], [26.84183, 60.37805], [26.8371, 60.38062], [26.83475, 60.38391], [26.83514, 60.3874], [26.8382, 60.39057], [26.84348, 60.39293], [26.85017, 60.39413], [26.85725, 60.39398], [26.86365, 60.3925], [26.86838, 60.38993], [26.87073, 60.38664], [26.87034, 60.38315], [26.86727, 60.37998]]]}}, {"type": "Feature", "properties": {"name": "exclusions-199", "layer": "exclusions", "kind": "anchorage"}, "geometry": {"type": "Polygon", "coordinates": [[[26.1288, 60.39499], [26.12357, 60.3926], [26.11691, 60.39137], [26.10983, 60.39148], [26.1034, 60.39293], [26.09861, 60.39548], [26.09619, 60.39875], [26.0965, 60.40224], [26.09949, 60.40543], [26.10472, 60.40782], [26.11139, 60.40905], [26.11847, 60.40894], [26.1249, 60.4075], [26.12969, 60.40494], [26.13211, 60.40167], [26.1318, 60.39818], [26.1288, 60.39499]]]}}, {"type": "Feature", "properties": {"name": "exclusions-200", "layer": "exclusions", "kind": "anchorage"}, "geometry": {"type": "Polygon", "coordinates": [[[26.10545, 60.39899], [26.10022, 60.3966], [26.09356, 60.39536], [26.08648, 60.39548], [26.08005, 60.39692], [26.07526, 60.39947], [26.07283, 60.40274], [26.07314, 60.40623], [26.07613, 60.40942], [26.08136, 60.41181], [26.08802, 60.41305], [26.09511, 60.41293], [26.10154, 60.41149], [26.10633, 60.40894], [26.10875, 60.40567], [26.10844, 60.40217], [26.10545, 60.39899]]]}}, {"type": "Feature", "properties": {"name": "exclusions-201", "layer": "exclusions", "kind": "anchorage"}, "geometry": {"type": "Polygon", "coordinates": [[[26.05664, 60.41843], [26.05141, 60.41604], [26.04475, 60.4148], [26.03766, 60.41491], [26.03123, 60.41635], [26.02644, 60.4189], [26.024, 60.42217], [26.0243, 60.42566], [26.02729, 60.42885], [26.03252, 60.43124], [26.03919, 60.43248], [26.04628, 60.43237], [26.05271, 60.43093], [26.05751, 60.42838], [26.05994, 60.42511], [26.05963, 60.42161], [26.05664, 60.41843]]]}}, {"type": "Feature", "properties": {"name": "exclusions-202", "layer": "exclusions", "kind": "anchorage"}, "geometry": {"type": "Polygon", "coordinates": [[[26.2659, 60.43262], [26.26066, 60.43024], [26.25398, 60.42901], [26.24689, 60.42913], [26.24047, 60.43058], [26.23568, 60.43314], [26.23327, 60.43641], [26.23359, 60.4399], [26.23661, 60.44309], [26.24185, 60.44547], [26.24853, 60.4467], [26.25562, 60.44658], [26.26205, 60.44513], [26.26683, 60.44257], [26.26924, 60.4393], [26.26892, 60.4358], [26.2659, 60.43262]]]}}, {"type": "Feature", "properties": {"name": "exclusions-203", "layer": "exclusions", "kind": "anchorage"}, "geometry": {"type": "Polygon", "coordinates": [[[26.92785, 60.45604], [26.92255, 60.45368], [26.91585, 60.45249], [26.90876, 60.45264], [26.90235, 60.45412], [26.89762, 60.4567], [26.89527, 60.45998], [26.89566, 60.46347], [26.89874, 60.46664], [26.90404, 60.469], [26.91075, 60.4702], [26.91784, 60.47004], [26.92425, 60.46856], [26.92898, 60.46599], [26.93133, 60.4627], [26.93093, 60.45921], [26.92785, 60.45604]]]}}, {"type": "Feature", "properties": {"name": "exclusions-204", "layer": "exclusions", "kind": "anchorage"}, "geometry": {"type": "Polygon", "coordinates": [[[26.98311, 60.45873], [26.97781, 60.45637], [26.9711, 60.45518], [26.96401, 60.45534], [26.95761, 60.45682], [26.95288, 60.4594], [26.95053, 60.46268], [26.95093, 60.46617], [26.95402, 60.46934], [26.95932, 60.4717], [26.96603, 60.47289], [26.97313, 60.47273], [26.97953, 60.47125], [26.98426, 60.46867], [26.9866, 60.46539], [26.9862, 60.46189], [26.98311, 60.45873]]]}}, {"type": "Feature", "properties": {"name": "exclusions-205", "layer": "exclusions", "kind": "anchorage"}, "geometry": {"type": "Polygon", "coordinates": [[[27.40642, 60.46289], [27.40109, 60.46055], [27.39437, 60.45938], [27.38727, 60.45956], [27.38089, 60.46105], [27.37619, 60.46365], [27.37388, 60.46694], [27.37433, 60.47043], [27.37746, 60.47358], [27.38279, 60.47593], [27.38952, 60.4771], [27.39661, 60.47692], [27.403, 60.47542], [27.4077, 60.47283], [27.41, 60.46953], [27.40955, 60.46604], [27.40642, 60.46289]]]}}, {"type": "Feature", "properties": {"name": "exclusions-206", "layer": "exclusions", "kind": "anchorage"}, "geometry": {"type": "Polygon", "coordinates": [[[27.61136, 60.4809], [27.60601, 60.47857], [27.59928, 60.47741], [27.59218, 60.4776], [27.5858, 60.47911], [27.58111, 60.48171], [27.57883, 60.485], [27.5793, 60.48849], [27.58245, 60.49164], [27.5878, 60.49397], [27.59454, 60.49514], [27.60164, 60.49495], [27.60802, 60.49344], [27.61271, 60.49084], [27.61499, 60.48754], [27.61452, 60.48405], [27.61136, 60.4809]]]}}, {"type": "Feature", "properties": {"name": "exclusions-207", "layer": "exclusions", "kind": "anchorage"}, "geometry": {"type": "Polygon", "coordinates": [[[27.50679, 60.48112], [27.50145, 60.47878], [27.49472, 60.47762], [27.48762, 60.4778], [27.48124, 60.4793], [27.47654, 60.4819], [27.47425, 60.48519], [27.4747, 60.48868], [27.47784, 60.49184], [27.48318, 60.49417], [27.48992, 60.49534], [27.49702, 60.49516], [27.50341, 60.49365], [27.5081, 60.49106], [27.51039, 60.48776], [27.50993, 60.48427], [27.50679, 60.48112]]]}}, {"type": "Feature", "properties": {"name": "exclusions-208", "layer": "exclusions", "kind": "anchorage"}, "geometry": {"type": "Polygon", "coordinates": [[[27.50422, 60.49858], [27.49888, 60.49624], [27.49214, 60.49508], [27.48504, 60.49526], [27.47865, 60.49676], [27.47395, 60.49936], [27.47166, 60.50265], [27.47211, 60.50614], [27.47525, 60.5093], [27.4806, 60.51164], [27.48734, 60.5128], [27.49445, 60.51262], [27.50083, 60.51111], [27.50553, 60.50852], [27.50782, 60.50522], [27.50736, 60.50173], [27.50422, 60.49858]]]}}, {"type": "Feature", "properties": {"name": "exclusions-209", "layer": "exclusions", "kind": "anchorage"}, "geometry": {"type": "Polygon", "coordinates": [[[28.18951, 60.52071], [28.18411, 60.5184], [28.17735, 60.51726], [28.17024, 60.51748], [28.16388, 60.51902], [28.15923, 60.52163], [28.157, 60.52494], [28.15753, 60.52842], [28.16074, 60.53156], [28.16614, 60.53387], [28.17291, 60.535], [28.18002, 60.53479], [28.18638, 60.53325], [28.19103, 60.53063], [28.19326, 60.52733], [28.19272, 60.52384], [28.18951, 60.52071]]]}}, {"type": "Feature", "properties": {"name": "exclusions-210", "layer": "exclusions", "kind": "anchorage"}, "geometry": {"type": "Polygon", "coordinates": [[[27.19909, 60.53509], [27.19376, 60.53274], [27.18703, 60.53156], [27.17992, 60.53173], [27.17352, 60.53322], [27.16879, 60.5358], [27.16646, 60.53909], [27.16689, 60.54258], [27.17, 60.54574], [27.17533, 60.54809], [27.18207, 60.54927], [27.18918, 60.54911], [27.19559, 60.54761], [27.20032, 60.54503], [27.20264, 60.54174], [27.20221, 60.53825], [27.19909, 60.53509]]]}}, {"type": "Feature", "properties": {"name": "exclusions-211", "layer": "exclusions", "kind": "anchorage"}, "geometry": {"type": "Polygon", "coordinates": [[[27.7618, 60.54454], [27.75643, 60.54222], [27.74968, 60.54106], [27.74257, 60.54126], [27.73618, 60.54277], [27.7315, 60.54538], [27.72922, 60.54867], [27.72971, 60.55216], [27.73288, 60.55531], [27.73825, 60.55764], [27.74501, 60.55879], [27.75213, 60.5586], [27.75851, 60.55708], [27.7632, 60.55447], [27.76547, 60.55118], [27.76498, 60.54769], [27.7618, 60.54454]]]}}, {"type": "Feature", "properties": {"name": "exclusions-212", "layer": "exclusions", "kind": "anchorage"}, "geometry": {"type": "Polygon", "coordinates": [[[27.75709, 60.5618], [27.75172, 60.55948], [27.74496, 60.55832], [27.73785, 60.55852], [27.73146, 60.56003], [27.72677, 60.56264], [27.7245, 60.56593], [27.72498, 60.56942], [27.72815, 60.57257], [27.73353, 60.5749], [27.74029, 60.57605], [27.74741, 60.57586], [27.7538, 60.57434], [27.75849, 60.57174], [27.76076, 60.56844], [27.76027, 60.56495], [27.75709, 60.5618]]]}}, {"type": "Feature", "properties": {"name": "exclusions-213", "layer": "exclusions", "kind": "anchorage"}, "geometry": {"type": "Polygon", "coordinates": [[[24.52218, 59.99126], [24.51714, 59.98881], [24.51063, 59.9875], [24.50363, 59.98754], [24.49722, 59.9889], [24.49236, 59.9914], [24.48981, 59.99464], [24.48994, 59.99814], [24.49274, 60.00136], [24.49778, 60.00381], [24.5043, 60.00512], [24.5113, 60.00509], [24.51772, 60.00372], [24.52257, 60.00123], [24.52512, 59.99798], [24.52499, 59.99448], [24.52218, 59.99126]]]}}, {"type": "Feature", "properties": {"name": "Punkaharjun Tuunaansaaren vierasvenesatama", "layer": "exclusions", "kind": "harbour"}, "geometry": {"type": "Polygon", "coordinates": [[[29.32583, 61.79162], [29.31439, 61.7871], [29.30022, 61.78495], [29.28545, 61.7855], [29.27235, 61.78868], [29.26289, 61.79399], [29.25853, 61.80064], [29.25993, 61.8076], [29.26687, 61.81382], [29.27831, 61.81835], [29.2925, 61.8205], [29.30728, 61.81995], [29.3204, 61.81677], [29.32985, 61.81145], [29.3342, 61.8048], [29.33279, 61.79784], [29.32583, 61.79162]]]}}, {"type": "Feature", "properties": {"name": "Triigi sadam", "layer": "exclusions", "kind": "harbour"}, "geometry": {"type": "Polygon", "coordinates": [[[22.74665, 58.58215], [22.73725, 58.57712], [22.7249, 58.57433], [22.71147, 58.57421], [22.69902, 58.57678], [22.68943, 58.58164], [22.68416, 58.58806], [22.68402, 58.59505], [22.68903, 58.60157], [22.69843, 58.6066], [22.71079, 58.60939], [22.72423, 58.60951], [22.7367, 58.60695], [22.74629, 58.60208], [22.75155, 58.59566], [22.75167, 58.58866], [22.74665, 58.58215]]]}}, {"type": "Feature", "properties": {"name": "Signilskär", "layer": "exclusions", "kind": "harbour"}, "geometry": {"type": "Polygon", "coordinates": [[[19.37369, 60.18359], [19.36434, 60.17832], [19.35169, 60.17523], [19.33767, 60.17478], [19.32441, 60.17704], [19.31393, 60.18167], [19.30781, 60.18796], [19.307, 60.19496], [19.31162, 60.2016], [19.32097, 60.20687], [19.33363, 60.20996], [19.34766, 60.21041], [19.36094, 60.20815], [19.37142, 60.20352], [19.37753, 60.19722], [19.37833, 60.19023], [19.37369, 60.18359]]]}}, {"type": "Feature", "properties": {"name": "Airisto Segelsällskap i Åbo r.f.", "layer": "exclusions", "kind": "harbour"}, "geometry": {"type": "Polygon", "coordinates": [[[22.22735, 60.41559], [22.21748, 60.41052], [22.20448, 60.40769], [22.19032, 60.40753], [22.17717, 60.41005], [22.16701, 60.41489], [22.1614, 60.42129], [22.16119, 60.4283], [22.16641, 60.43483], [22.17628, 60.4399], [22.18929, 60.44274], [22.20346, 60.4429], [22.21663, 60.44037], [22.22679, 60.43554], [22.23239, 60.42913], [22.23259, 60.42212], [22.22735, 60.41559]]]}}, {"type": "Feature", "properties": {"name": "Ahlmansviken Gästhamn", "layer": "exclusions", "kind": "harbour"}, "geometry": {"type": "Polygon", "coordinates": [[[19.14134, 59.8454], [19.13212, 59.84012], [19.11962, 59.83701], [19.10575, 59.83653], [19.0926, 59.83877], [19.08218, 59.84338], [19.07608, 59.84966], [19.07522, 59.85665], [19.07975, 59.8633], [19.08896, 59.86858], [19.10147, 59.8717], [19.11536, 59.87218], [19.12852, 59.86994], [19.13893, 59.86532], [19.14503, 59.85904], [19.14587, 59.85204], [19.14134, 59.8454]]]}}, {"type": "Feature", "properties": {"name": "Predium", "layer": "exclusions", "kind": "harbour"}, "geometry": {"type": "Polygon", "coordinates": [[[23.32435, 59.89874], [23.31448, 59.89375], [23.30158, 59.89102], [23.28764, 59.89096], [23.27476, 59.89358], [23.2649, 59.89849], [23.25957, 59.90493], [23.25957, 59.91194], [23.26492, 59.91843], [23.2748, 59.92342], [23.2877, 59.92615], [23.30166, 59.92621], [23.31455, 59.92358], [23.32441, 59.91867], [23.32973, 59.91223], [23.32971, 59.90522], [23.32435, 59.89874]]]}}, {"type": "Feature", "properties": {"name": "Tvärminne hamn", "layer": "exclusions", "kind": "harbour"}, "geometry": {"type": "Polygon", "coordinates": [[[23.23689, 59.82933], [23.22705, 59.82434], [23.21419, 59.8216], [23.20027, 59.82153], [23.18741, 59.82415], [23.17756, 59.82905], [23.17222, 59.83549], [23.17221, 59.84249], [23.17753, 59.84898], [23.18737, 59.85398], [23.20023, 59.85673], [23.21417, 59.85679], [23.22704, 59.85417], [23.23689, 59.84927], [23.24222, 59.84282], [23.24222, 59.83582], [23.23689, 59.82933]]]}}, {"type": "Feature", "properties": {"name": "exclusions-221", "layer": "exclusions", "kind": "harbour"}, "geometry": {"type": "Polygon", "coordinates": [[[26.90204, 61.41561], [26.89111, 61.41089], [26.87729, 61.4085], [26.86269, 61.40881], [26.84951, 61.41177], [26.83977, 61.41692], [26.83495, 61.42349], [26.83578, 61.43048], [26.84214, 61.43682], [26.85307, 61.44154], [26.86691, 61.44393], [26.88153, 61.44362], [26.89472, 61.44066], [26.90446, 61.4355], [26.90927, 61.42893], [26.90842, 61.42194], [26.90204, 61.41561]]]}}, {"type": "Feature", "properties": {"name": "Selkäsarven Satama", "layer": "exclusions", "kind": "harbour"}, "geometry": {"type": "Polygon", "coordinates": [[[24.23053, 65.6053], [24.2183, 65.60038], [24.20255, 65.59774], [24.18569, 65.5978], [24.17028, 65.60054], [24.15866, 65.60555], [24.1526, 65.61206], [24.15302, 65.61908], [24.15987, 65.62555], [24.17211, 65.63048], [24.18787, 65.63311], [24.20475, 65.63305], [24.22018, 65.63031], [24.2318, 65.6253], [24.23785, 65.61878], [24.2374, 65.61176], [24.23053, 65.6053]]]}}, {"type": "Feature", "properties": {"name": "Enklinge", "layer": "exclusions", "kind": "harbour"}, "geometry": {"type": "Polygon", "coordinates": [[[20.7971, 60.3184], [20.78748, 60.31323], [20.77465, 60.31026], [20.76055, 60.30996], [20.74733, 60.31235], [20.737, 60.31708], [20.73113, 60.32343], [20.73061, 60.33043], [20.73554, 60.33702], [20.74516, 60.34219], [20.758, 60.34516], [20.77211, 60.34547], [20.78534, 60.34307], [20.79567, 60.33834], [20.80153, 60.33198], [20.80203, 60.32498], [20.7971, 60.3184]]]}}, {"type": "Feature", "properties": {"name": "Segelinge", "layer": "exclusions", "kind": "harbour"}, "geometry": {"type": "Polygon", "coordinates": [[[20.7395, 60.20383], [20.72993, 60.19866], [20.71715, 60.19569], [20.7031, 60.19538], [20.68992, 60.19776], [20.67961, 60.20249], [20.67375, 60.20884], [20.67323, 60.21584], [20.67812, 60.22243], [20.68769, 60.22761], [20.70048, 60.23058], [20.71455, 60.23089], [20.72774, 60.2285], [20.73804, 60.22377], [20.7439, 60.21742], [20.74441, 60.21042], [20.7395, 60.20383]]]}}, {"type": "Feature", "properties": {"name": "Rödhamn", "layer": "exclusions", "kind": "harbour"}, "geometry": {"type": "Polygon", "coordinates": [[[20.13324, 59.97637], [20.12383, 59.97115], [20.11119, 59.96813], [20.09725, 59.96775], [20.08412, 59.97008], [20.07379, 59.97476], [20.06785, 59.98109], [20.0672, 59.98809], [20.07194, 59.9947], [20.08135, 59.99992], [20.094, 60.00294], [20.10796, 60.00332], [20.1211, 60.00099], [20.13142, 59.9963], [20.13735, 59.98998], [20.13799, 59.98298], [20.13324, 59.97637]]]}}, {"type": "Feature", "properties": {"name": "Möholm", "layer": "exclusions", "kind": "anchorage"}, "geometry": {"type": "Polygon", "coordinates": [[[20.30551, 59.9649], [20.30079, 59.9623], [20.29446, 59.9608], [20.28749, 59.96062], [20.28093, 59.96179], [20.27579, 59.96414], [20.27284, 59.96731], [20.27253, 59.97081], [20.27492, 59.97411], [20.27964, 59.97671], [20.28597, 59.97822], [20.29294, 59.97839], [20.2995, 59.97722], [20.30465, 59.97487], [20.3076, 59.9717], [20.3079, 59.9682], [20.30551, 59.9649]]]}}, {"type": "Feature", "properties": {"name": "Inra Hamnskär", "layer": "exclusions", "kind": "anchorage"}, "geometry": {"type": "Polygon", "coordinates": [[[19.33683, 59.72686], [19.33222, 59.72423], [19.32598, 59.72268], [19.31907, 59.72245], [19.31252, 59.72358], [19.30735, 59.72589], [19.30433, 59.72904], [19.30392, 59.73253], [19.3062, 59.73585], [19.3108, 59.73849], [19.31704, 59.74004], [19.32396, 59.74026], [19.33051, 59.73913], [19.33569, 59.73682], [19.3387, 59.73368], [19.33911, 59.73018], [19.33683, 59.72686]]]}}, {"type": "Feature", "properties": {"name": "exclusions-228", "layer": "exclusions", "kind": "anchorage"}, "geometry": {"type": "Polygon", "coordinates": [[[19.1385, 59.83943], [19.13389, 59.83678], [19.12764, 59.83523], [19.12071, 59.83499], [19.11413, 59.83611], [19.10893, 59.83842], [19.10588, 59.84156], [19.10545, 59.84506], [19.10772, 59.84838], [19.11233, 59.85102], [19.11858, 59.85258], [19.12552, 59.85281], [19.13209, 59.85169], [19.1373, 59.84939], [19.14034, 59.84625], [19.14077, 59.84275], [19.1385, 59.83943]]]}}, {"type": "Feature", "properties": {"name": "exclusions-229", "layer": "exclusions", "kind": "anchorage"}, "geometry": {"type": "Polygon", "coordinates": [[[19.25977, 59.59858], [19.25519, 59.59595], [19.24898, 59.59439], [19.24209, 59.59416], [19.23557, 59.59529], [19.23041, 59.5976], [19.22739, 59.60074], [19.22698, 59.60424], [19.22923, 59.60756], [19.23382, 59.6102], [19.24003, 59.61175], [19.24692, 59.61198], [19.25345, 59.61085], [19.25861, 59.60854], [19.26163, 59.6054], [19.26203, 59.6019], [19.25977, 59.59858]]]}}, {"type": "Feature", "properties": {"name": "exclusions-230", "layer": "exclusions", "kind": "harbour"}, "geometry": {"type": "Polygon", "coordinates": [[[19.63998, 63.46801], [19.6295, 63.46276], [19.6154, 63.45969], [19.59982, 63.45927], [19.58514, 63.46157], [19.57359, 63.46624], [19.56692, 63.47256], [19.56615, 63.47957], [19.5714, 63.48621], [19.58188, 63.49146], [19.59599, 63.49453], [19.61158, 63.49495], [19.62628, 63.49265], [19.63784, 63.48798], [19.6445, 63.48166], [19.64525, 63.47464], [19.63998, 63.46801]]]}}, {"type": "Feature", "properties": {"name": "Korpoström", "layer": "exclusions", "kind": "harbour"}, "geometry": {"type": "Polygon", "coordinates": [[[21.62961, 60.10103], [21.61993, 60.09592], [21.60711, 60.09304], [21.59309, 60.09281], [21.58001, 60.09528], [21.56986, 60.10007], [21.56418, 60.10645], [21.56384, 60.11345], [21.56889, 60.12001], [21.57857, 60.12513], [21.5914, 60.12802], [21.60543, 60.12824], [21.61852, 60.12577], [21.62868, 60.12098], [21.63435, 60.11459], [21.63467, 60.10759], [21.62961, 60.10103]]]}}, {"type": "Feature", "properties": {"name": "exclusions-232", "layer": "exclusions", "kind": "harbour"}, "geometry": {"type": "Polygon", "coordinates": [[[27.82312, 58.42146], [27.81305, 58.4168], [27.80037, 58.41449], [27.787, 58.41487], [27.77497, 58.41789], [27.76612, 58.42309], [27.76178, 58.42968], [27.76263, 58.43665], [27.76854, 58.44295], [27.7786, 58.44761], [27.79129, 58.44992], [27.80468, 58.44954], [27.81671, 58.44651], [27.82557, 58.44131], [27.82989, 58.43472], [27.82903, 58.42775], [27.82312, 58.42146]]]}}, {"type": "Feature", "properties": {"name": "exclusions-233", "layer": "exclusions", "kind": "harbour"}, "geometry": {"type": "Polygon", "coordinates": [[[28.43123, 64.12221], [28.41895, 64.11762], [28.40367, 64.11539], [28.38771, 64.11587], [28.37349, 64.11898], [28.36318, 64.12426], [28.35836, 64.13089], [28.35975, 64.13787], [28.36714, 64.14414], [28.37943, 64.14874], [28.39473, 64.15097], [28.41071, 64.15049], [28.42494, 64.14737], [28.43524, 64.14209], [28.44005, 64.13546], [28.43864, 64.12848], [28.43123, 64.12221]]]}}, {"type": "Feature", "properties": {"name": "exclusions-234", "layer": "exclusions", "kind": "harbour"}, "geometry": {"type": "Polygon", "coordinates": [[[28.42857, 64.12602], [28.41629, 64.12143], [28.401, 64.1192], [28.38504, 64.11968], [28.37082, 64.12279], [28.36051, 64.12807], [28.35568, 64.1347], [28.35707, 64.14168], [28.36447, 64.14795], [28.37676, 64.15255], [28.39206, 64.15478], [28.40804, 64.1543], [28.42227, 64.15118], [28.43258, 64.1459], [28.43739, 64.13927], [28.43598, 64.13229], [28.42857, 64.12602]]]}}, {"type": "Feature", "properties": {"name": "exclusions-235", "layer": "exclusions", "kind": "harbour"}, "geometry": {"type": "Polygon", "coordinates": [[[28.4277, 64.12545], [28.41541, 64.12085], [28.40013, 64.11863], [28.38417, 64.11911], [28.36995, 64.12222], [28.35964, 64.12749], [28.35481, 64.13412], [28.3562, 64.14111], [28.3636, 64.14737], [28.37589, 64.15197], [28.39119, 64.1542], [28.40717, 64.15372], [28.4214, 64.1506], [28.4317, 64.14533], [28.43652, 64.13869], [28.43511, 64.13171], [28.4277, 64.12545]]]}}, {"type": "Feature", "properties": {"name": "Kunnanranta", "layer": "exclusions", "kind": "harbour"}, "geometry": {"type": "Polygon", "coordinates": [[[28.81384, 65.61244], [28.80077, 65.60788], [28.78458, 65.6057], [28.76774, 65.60623], [28.75281, 65.60938], [28.74205, 65.61469], [28.73711, 65.62135], [28.73875, 65.62833], [28.74671, 65.63458], [28.75979, 65.63915], [28.77599, 65.64133], [28.79285, 65.6408], [28.8078, 65.63764], [28.81855, 65.63233], [28.82347, 65.62567], [28.82182, 65.61869], [28.81384, 65.61244]]]}}, {"type": "Feature", "properties": {"name": "Kilonniemen kalasatama", "layer": "exclusions", "kind": "harbour"}, "geometry": {"type": "Polygon", "coordinates": [[[27.16237, 64.41811], [27.15017, 64.41342], [27.13483, 64.41107], [27.11869, 64.41142], [27.1042, 64.41442], [27.09356, 64.41961], [27.0884, 64.42621], [27.0895, 64.43321], [27.0967, 64.43954], [27.10891, 64.44424], [27.12426, 64.44659], [27.14042, 64.44624], [27.15492, 64.44323], [27.16556, 64.43803], [27.1707, 64.43143], [27.16958, 64.42444], [27.16237, 64.41811]]]}}, {"type": "Feature", "properties": {"name": "Venesatama", "layer": "exclusions", "kind": "harbour"}, "geometry": {"type": "Polygon", "coordinates": [[[27.11366, 64.32044], [27.10151, 64.31574], [27.08623, 64.31339], [27.07015, 64.31374], [27.0557, 64.31673], [27.04509, 64.32192], [27.03993, 64.32852], [27.04101, 64.33551], [27.04817, 64.34185], [27.06032, 64.34655], [27.07562, 64.34891], [27.09172, 64.34856], [27.10618, 64.34556], [27.11679, 64.34036], [27.12193, 64.33377], [27.12083, 64.32677], [27.11366, 64.32044]]]}}, {"type": "Feature", "properties": {"name": "Пассажирский порт Морской Фасад", "layer": "exclusions", "kind": "harbour"}, "geometry": {"type": "Polygon", "coordinates": [[[30.21539, 59.93661], [30.20451, 59.93215], [30.19108, 59.93008], [30.17714, 59.93071], [30.1648, 59.93395], [30.15596, 59.93931], [30.15194, 59.94597], [30.15338, 59.95291], [30.16004, 59.95909], [30.17093, 59.96356], [30.18437, 59.96563], [30.19833, 59.965], [30.21067, 59.96175], [30.21951, 59.95639], [30.22351, 59.94973], [30.22207, 59.94279], [30.21539, 59.93661]]]}}, {"type": "Feature", "properties": {"name": "exclusions-240", "layer": "exclusions", "kind": "anchorage"}, "geometry": {"type": "Polygon", "coordinates": [[[29.87696, 59.94757], [29.87154, 59.94533], [29.86483, 59.94428], [29.85786, 59.94458], [29.85167, 59.94618], [29.84723, 59.94885], [29.84519, 59.95218], [29.84587, 59.95565], [29.84918, 59.95875], [29.8546, 59.961], [29.86131, 59.96205], [29.86829, 59.96175], [29.87447, 59.96014], [29.87892, 59.95747], [29.88096, 59.95414], [29.88027, 59.95067], [29.87696, 59.94757]]]}}, {"type": "Feature", "properties": {"name": "C-13", "layer": "exclusions", "kind": "anchorage"}, "geometry": {"type": "Polygon", "coordinates": [[[29.36352, 60.08646], [29.35812, 60.0842], [29.3514, 60.08312], [29.34439, 60.08339], [29.33816, 60.08498], [29.33366, 60.08763], [29.33156, 60.09095], [29.3322, 60.09443], [29.33547, 60.09754], [29.34088, 60.0998], [29.3476, 60.10088], [29.35461, 60.10061], [29.36084, 60.09902], [29.36535, 60.09637], [29.36744, 60.09305], [29.3668, 60.08957], [29.36352, 60.08646]]]}}, {"type": "Feature", "properties": {"name": "C-12", "layer": "exclusions", "kind": "anchorage"}, "geometry": {"type": "Polygon", "coordinates": [[[29.34736, 60.08646], [29.34195, 60.0842], [29.33524, 60.08312], [29.32823, 60.08339], [29.322, 60.08498], [29.31749, 60.08763], [29.3154, 60.09095], [29.31603, 60.09443], [29.3193, 60.09754], [29.32471, 60.0998], [29.33143, 60.10088], [29.33844, 60.10061], [29.34467, 60.09902], [29.34918, 60.09637], [29.35127, 60.09305], [29.35063, 60.08957], [29.34736, 60.08646]]]}}, {"type": "Feature", "properties": {"name": "C-11", "layer": "exclusions", "kind": "anchorage"}, "geometry": {"type": "Polygon", "coordinates": [[[29.34736, 60.09446], [29.34196, 60.0922], [29.33524, 60.09112], [29.32823, 60.09139], [29.32199, 60.09298], [29.31749, 60.09563], [29.31539, 60.09895], [29.31603, 60.10243], [29.3193, 60.10554], [29.32471, 60.1078], [29.33143, 60.10888], [29.33844, 60.10861], [29.34468, 60.10702], [29.34918, 60.10437], [29.35128, 60.10105], [29.35064, 60.09757], [29.34736, 60.09446]]]}}, {"type": "Feature", "properties": {"name": "C-10", "layer": "exclusions", "kind": "anchorage"}, "geometry": {"type": "Polygon", "coordinates": [[[29.36353, 60.10246], [29.35812, 60.1002], [29.3514, 60.09912], [29.34439, 60.09939], [29.33815, 60.10098], [29.33365, 60.10363], [29.33155, 60.10695], [29.33219, 60.11043], [29.33547, 60.11354], [29.34088, 60.1158], [29.3476, 60.11688], [29.35462, 60.11661], [29.36085, 60.11502], [29.36536, 60.11237], [29.36745, 60.10905], [29.36681, 60.10557], [29.36353, 60.10246]]]}}, {"type": "Feature", "properties": {"name": "C-9", "layer": "exclusions", "kind": "anchorage"}, "geometry": {"type": "Polygon", "coordinates": [[[29.34737, 60.10246], [29.34196, 60.1002], [29.33524, 60.09912], [29.32823, 60.09939], [29.32199, 60.10098], [29.31748, 60.10363], [29.31539, 60.10695], [29.31602, 60.11043], [29.3193, 60.11354], [29.32471, 60.1158], [29.33143, 60.11688], [29.33844, 60.11661], [29.34468, 60.11502], [29.34919, 60.11237], [29.35128, 60.10905], [29.35064, 60.10557], [29.34737, 60.10246]]]}}, {"type": "Feature", "properties": {"name": "C-8", "layer": "exclusions", "kind": "anchorage"}, "geometry": {"type": "Polygon", "coordinates": [[[29.40602, 60.08812], [29.40061, 60.08586], [29.39389, 60.08479], [29.38688, 60.08506], [29.38065, 60.08665], [29.37615, 60.0893], [29.37406, 60.09262], [29.3747, 60.0961], [29.37798, 60.09921], [29.38339, 60.10147], [29.39011, 60.10255], [29.39712, 60.10227], [29.40335, 60.10068], [29.40785, 60.09803], [29.40994, 60.09471], [29.4093, 60.09123], [29.40602, 60.08812]]]}}, {"type": "Feature", "properties": {"name": "C-7", "layer": "exclusions", "kind": "anchorage"}, "geometry": {"type": "Polygon", "coordinates": [[[29.39102, 60.08812], [29.38561, 60.08586], [29.37889, 60.08479], [29.37188, 60.08506], [29.36565, 60.08665], [29.36115, 60.0893], [29.35906, 60.09262], [29.3597, 60.0961], [29.36298, 60.09921], [29.36839, 60.10147], [29.37511, 60.10255], [29.38212, 60.10227], [29.38835, 60.10068], [29.39285, 60.09803], [29.39494, 60.09471], [29.3943, 60.09123], [29.39102, 60.08812]]]}}, {"type": "Feature", "properties": {"name": "C-6", "layer": "exclusions", "kind": "anchorage"}, "geometry": {"type": "Polygon", "coordinates": [[[29.41369, 60.09412], [29.40827, 60.09186], [29.40155, 60.09079], [29.39454, 60.09106], [29.38831, 60.09265], [29.38381, 60.0953], [29.38172, 60.09862], [29.38237, 60.1021], [29.38564, 60.10521], [29.39106, 60.10747], [29.39778, 60.10855], [29.40479, 60.10827], [29.41102, 60.10668], [29.41553, 60.10403], [29.41761, 60.10071], [29.41697, 60.09723], [29.41369, 60.09412]]]}}, {"type": "Feature", "properties": {"name": "C-5", "layer": "exclusions", "kind": "anchorage"}, "geometry": {"type": "Polygon", "coordinates": [[[29.39902, 60.09412], [29.39361, 60.09186], [29.38689, 60.09079], [29.37988, 60.09106], [29.37365, 60.09265], [29.36915, 60.0953], [29.36706, 60.09862], [29.3677, 60.1021], [29.37097, 60.10521], [29.37639, 60.10747], [29.38311, 60.10855], [29.39012, 60.10827], [29.39635, 60.10668], [29.40086, 60.10403], [29.40294, 60.10071], [29.4023, 60.09723], [29.39902, 60.09412]]]}}, {"type": "Feature", "properties": {"name": "C-4", "layer": "exclusions", "kind": "anchorage"}, "geometry": {"type": "Polygon", "coordinates": [[[29.38436, 60.09413], [29.37895, 60.09186], [29.37223, 60.09079], [29.36522, 60.09106], [29.35899, 60.09265], [29.35448, 60.0953], [29.35239, 60.09862], [29.35303, 60.1021], [29.3563, 60.10521], [29.36172, 60.10747], [29.36844, 60.10855], [29.37545, 60.10827], [29.38168, 60.10669], [29.38619, 60.10403], [29.38828, 60.10071], [29.38763, 60.09723], [29.38436, 60.09413]]]}}, {"type": "Feature", "properties": {"name": "C-3", "layer": "exclusions", "kind": "anchorage"}, "geometry": {"type": "Polygon", "coordinates": [[[29.42069, 60.10145], [29.41527, 60.09919], [29.40855, 60.09812], [29.40154, 60.0984], [29.39531, 60.09998], [29.39081, 60.10264], [29.38872, 60.10596], [29.38936, 60.10944], [29.39264, 60.11254], [29.39806, 60.11481], [29.40478, 60.11588], [29.4118, 60.1156], [29.41803, 60.11402], [29.42253, 60.11136], [29.42462, 60.10804], [29.42397, 60.10456], [29.42069, 60.10145]]]}}, {"type": "Feature", "properties": {"name": "C-2", "layer": "exclusions", "kind": "anchorage"}, "geometry": {"type": "Polygon", "coordinates": [[[29.40602, 60.10079], [29.40061, 60.09853], [29.39389, 60.09745], [29.38688, 60.09773], [29.38065, 60.09932], [29.37614, 60.10197], [29.37405, 60.10529], [29.3747, 60.10877], [29.37797, 60.11188], [29.38339, 60.11414], [29.39011, 60.11521], [29.39713, 60.11494], [29.40336, 60.11335], [29.40786, 60.11069], [29.40995, 60.10737], [29.4093, 60.1039], [29.40602, 60.10079]]]}}, {"type": "Feature", "properties": {"name": "C-1", "layer": "exclusions", "kind": "anchorage"}, "geometry": {"type": "Polygon", "coordinates": [[[29.39103, 60.10079], [29.38561, 60.09853], [29.37889, 60.09745], [29.37188, 60.09773], [29.36565, 60.09931], [29.36115, 60.10197], [29.35905, 60.10529], [29.35969, 60.10877], [29.36297, 60.11187], [29.36838, 60.11414], [29.37511, 60.11521], [29.38212, 60.11494], [29.38836, 60.11335], [29.39286, 60.1107], [29.39495, 60.10738], [29.3943, 60.1039], [29.39103, 60.10079]]]}}, {"type": "Feature", "properties": {"name": "exclusions-254", "layer": "exclusions", "kind": "anchorage"}, "geometry": {"type": "Polygon", "coordinates": [[[28.66098, 60.54069], [28.65555, 60.5384], [28.64876, 60.53729], [28.64165, 60.53753], [28.63531, 60.53909], [28.63069, 60.54172], [28.62851, 60.54503], [28.62909, 60.54851], [28.63235, 60.55164], [28.63778, 60.55393], [28.64458, 60.55504], [28.65169, 60.5548], [28.65803, 60.55325], [28.66264, 60.55061], [28.66483, 60.5473], [28.66424, 60.54382], [28.66098, 60.54069]]]}}, {"type": "Feature", "properties": {"name": "exclusions-255", "layer": "exclusions", "kind": "anchorage"}, "geometry": {"type": "Polygon", "coordinates": [[[28.65165, 60.54686], [28.64622, 60.54457], [28.63943, 60.54346], [28.63232, 60.5437], [28.62597, 60.54525], [28.62136, 60.54789], [28.61917, 60.5512], [28.61975, 60.55468], [28.62301, 60.55781], [28.62845, 60.5601], [28.63524, 60.56121], [28.64235, 60.56097], [28.6487, 60.55941], [28.65331, 60.55678], [28.6555, 60.55347], [28.65491, 60.54999], [28.65165, 60.54686]]]}}, {"type": "Feature", "properties": {"name": "No4", "layer": "exclusions", "kind": "anchorage"}, "geometry": {"type": "Polygon", "coordinates": [[[28.04599, 60.32076], [28.04064, 60.31844], [28.03392, 60.3173], [28.02686, 60.31751], [28.02053, 60.31904], [28.01589, 60.32165], [28.01366, 60.32495], [28.01417, 60.32844], [28.01734, 60.33158], [28.02269, 60.33389], [28.02942, 60.33503], [28.03648, 60.33482], [28.04281, 60.3333], [28.04745, 60.33068], [28.04968, 60.32738], [28.04917, 60.3239], [28.04599, 60.32076]]]}}, {"type": "Feature", "properties": {"name": "No3", "layer": "exclusions", "kind": "anchorage"}, "geometry": {"type": "Polygon", "coordinates": [[[28.05766, 60.32959], [28.0523, 60.32727], [28.04558, 60.32613], [28.03852, 60.32634], [28.03219, 60.32787], [28.02755, 60.33048], [28.02532, 60.33378], [28.02583, 60.33727], [28.029, 60.34041], [28.03436, 60.34273], [28.04109, 60.34387], [28.04815, 60.34366], [28.05449, 60.34213], [28.05912, 60.33951], [28.06135, 60.33621], [28.06084, 60.33273], [28.05766, 60.32959]]]}}, {"type": "Feature", "properties": {"name": "No2", "layer": "exclusions", "kind": "anchorage"}, "geometry": {"type": "Polygon", "coordinates": [[[28.04158, 60.33519], [28.03623, 60.33287], [28.02951, 60.33173], [28.02244, 60.33194], [28.01611, 60.33347], [28.01147, 60.33608], [28.00924, 60.33938], [28.00974, 60.34287], [28.01292, 60.34601], [28.01828, 60.34833], [28.025, 60.34947], [28.03207, 60.34926], [28.0384, 60.34773], [28.04304, 60.34512], [28.04527, 60.34182], [28.04476, 60.33833], [28.04158, 60.33519]]]}}, {"type": "Feature", "properties": {"name": "No1", "layer": "exclusions", "kind": "anchorage"}, "geometry": {"type": "Polygon", "coordinates": [[[28.02766, 60.32792], [28.02231, 60.32561], [28.01559, 60.32447], [28.00853, 60.32467], [28.00219, 60.3262], [27.99756, 60.32881], [27.99532, 60.33211], [27.99583, 60.3356], [27.999, 60.33874], [28.00435, 60.34106], [28.01108, 60.3422], [28.01814, 60.34199], [28.02448, 60.34046], [28.02911, 60.33785], [28.03135, 60.33455], [28.03084, 60.33106], [28.02766, 60.32792]]]}}, {"type": "Feature", "properties": {"name": "exclusions-260", "layer": "exclusions", "kind": "harbour"}, "geometry": {"type": "Polygon", "coordinates": [[[28.45083, 64.12506], [28.43854, 64.12046], [28.42325, 64.11824], [28.40729, 64.11872], [28.39308, 64.12183], [28.38277, 64.12711], [28.37795, 64.13374], [28.37934, 64.14072], [28.38675, 64.14699], [28.39904, 64.15159], [28.41434, 64.15381], [28.43032, 64.15333], [28.44455, 64.15021], [28.45485, 64.14493], [28.45966, 64.1383], [28.45824, 64.13132], [28.45083, 64.12506]]]}}, {"type": "Feature", "properties": {"name": "Andrasjö hamn", "layer": "exclusions", "kind": "harbour"}, "geometry": {"type": "Polygon", "coordinates": [[[22.49457, 63.50916], [22.48356, 63.50411], [22.46915, 63.50131], [22.45351, 63.50119], [22.43904, 63.50375], [22.42792, 63.50862], [22.42186, 63.51506], [22.42177, 63.52207], [22.42768, 63.5286], [22.43868, 63.53366], [22.45311, 63.53646], [22.46876, 63.53659], [22.48325, 63.53402], [22.49437, 63.52914], [22.50042, 63.52271], [22.50049, 63.51569], [22.49457, 63.50916]]]}}, {"type": "Feature", "properties": {"name": "Mericamping", "layer": "exclusions", "kind": "harbour"}, "geometry": {"type": "Polygon", "coordinates": [[[21.50417, 61.83857], [21.49395, 61.83345], [21.48041, 61.83055], [21.46563, 61.83032], [21.45184, 61.83279], [21.44114, 61.83758], [21.43516, 61.84396], [21.43481, 61.85097], [21.44016, 61.85754], [21.45038, 61.86266], [21.46392, 61.86556], [21.47872, 61.86579], [21.49253, 61.86332], [21.50323, 61.85853], [21.50919, 61.85214], [21.50952, 61.84513], [21.50417, 61.83857]]]}}, {"type": "Feature", "properties": {"name": "exclusions-263", "layer": "exclusions", "kind": "harbour"}, "geometry": {"type": "Polygon", "coordinates": [[[27.92319, 64.25977], [27.91093, 64.25513], [27.89561, 64.25286], [27.87957, 64.25329], [27.86524, 64.25635], [27.85479, 64.2616], [27.84983, 64.26822], [27.8511, 64.2752], [27.85843, 64.2815], [27.87069, 64.28613], [27.88603, 64.28841], [27.90209, 64.28798], [27.91644, 64.28491], [27.92688, 64.27966], [27.93182, 64.27304], [27.93053, 64.26606], [27.92319, 64.25977]]]}}, {"type": "Feature", "properties": {"name": "exclusions-264", "layer": "exclusions", "kind": "harbour"}, "geometry": {"type": "Polygon", "coordinates": [[[30.24846, 59.92689], [30.23758, 59.92243], [30.22415, 59.92036], [30.21021, 59.921], [30.19789, 59.92424], [30.18905, 59.9296], [30.18504, 59.93626], [30.18648, 59.94321], [30.19315, 59.94938], [30.20403, 59.95385], [30.21748, 59.95592], [30.23143, 59.95528], [30.24376, 59.95203], [30.2526, 59.94667], [30.25659, 59.94001], [30.25514, 59.93306], [30.24846, 59.92689]]]}}, {"type": "Feature", "properties": {"name": "Kirppuniemi", "layer": "exclusions", "kind": "harbour"}, "geometry": {"type": "Polygon", "coordinates": [[[27.2654, 64.11823], [27.25332, 64.11355], [27.23814, 64.1112], [27.22217, 64.11157], [27.20784, 64.11457], [27.19732, 64.11977], [27.19223, 64.12637], [27.19333, 64.13336], [27.20046, 64.13969], [27.21255, 64.14438], [27.22775, 64.14672], [27.24374, 64.14636], [27.25808, 64.14335], [27.26859, 64.13815], [27.27367, 64.13155], [27.27255, 64.12455], [27.2654, 64.11823]]]}}, {"type": "Feature", "properties": {"name": "Perpulanluhta", "layer": "exclusions", "kind": "harbour"}, "geometry": {"type": "Polygon", "coordinates": [[[28.51025, 62.10604], [28.49882, 62.10145], [28.48455, 62.09922], [28.46963, 62.09969], [28.45632, 62.1028], [28.44665, 62.10806], [28.44208, 62.11469], [28.44332, 62.12166], [28.45018, 62.12792], [28.46162, 62.13252], [28.47589, 62.13475], [28.49083, 62.13427], [28.50415, 62.13116], [28.51382, 62.12589], [28.51838, 62.11927], [28.51712, 62.1123], [28.51025, 62.10604]]]}}, {"type": "Feature", "properties": {"name": "Rantasalmen kirkonkylän vierasvenesatama", "layer": "exclusions", "kind": "harbour"}, "geometry": {"type": "Polygon", "coordinates": [[[28.33769, 62.05571], [28.3263, 62.0511], [28.31207, 62.04886], [28.29717, 62.04931], [28.28387, 62.0524], [28.27418, 62.05766], [28.26958, 62.06427], [28.27077, 62.07125], [28.27759, 62.07752], [28.28898, 62.08213], [28.30322, 62.08437], [28.31813, 62.08392], [28.33145, 62.08082], [28.34114, 62.07557], [28.34572, 62.06895], [28.34451, 62.06197], [28.33769, 62.05571]]]}}, {"type": "Feature", "properties": {"name": "Tullisillan venesatama", "layer": "exclusions", "kind": "harbour"}, "geometry": {"type": "Polygon", "coordinates": [[[26.27222, 60.43598], [26.26173, 60.43121], [26.24838, 60.42876], [26.2342, 60.429], [26.22135, 60.4319], [26.21178, 60.43701], [26.20694, 60.44355], [26.20758, 60.45054], [26.21361, 60.45691], [26.2241, 60.46168], [26.23746, 60.46413], [26.25165, 60.46389], [26.26452, 60.46099], [26.27409, 60.45588], [26.27891, 60.44933], [26.27825, 60.44234], [26.27222, 60.43598]]]}}, {"type": "Feature", "properties": {"name": "exclusions-269", "layer": "exclusions", "kind": "harbour"}, "geometry": {"type": "Polygon", "coordinates": [[[29.83888, 59.89783], [29.82807, 59.89333], [29.81467, 59.89123], [29.80074, 59.89182], [29.78839, 59.89503], [29.77949, 59.90036], [29.77541, 59.90701], [29.77676, 59.91396], [29.78335, 59.92016], [29.79417, 59.92465], [29.80757, 59.92676], [29.82152, 59.92617], [29.83388, 59.92296], [29.84277, 59.91762], [29.84684, 59.91097], [29.84547, 59.90402], [29.83888, 59.89783]]]}}, {"type": "Feature", "properties": {"name": "Isonkylänranta", "layer": "exclusions", "kind": "harbour"}, "geometry": {"type": "Polygon", "coordinates": [[[26.07962, 62.08663], [26.06856, 62.08185], [26.05451, 62.07938], [26.03958, 62.07961], [26.02606, 62.0825], [26.01599, 62.08761], [26.01091, 62.09416], [26.0116, 62.10115], [26.01796, 62.10753], [26.02901, 62.11231], [26.04308, 62.11478], [26.05802, 62.11455], [26.07156, 62.11166], [26.08162, 62.10655], [26.08669, 62.09999], [26.08598, 62.093], [26.07962, 62.08663]]]}}, {"type": "Feature", "properties": {"name": "Pakkahuoneen vierasvenesatama", "layer": "exclusions", "kind": "harbour"}, "geometry": {"type": "Polygon", "coordinates": [[[21.43558, 60.78846], [21.42572, 60.78334], [21.41264, 60.78043], [21.39833, 60.78019], [21.38497, 60.78264], [21.37459, 60.78742], [21.36877, 60.7938], [21.36839, 60.80081], [21.37353, 60.80737], [21.38339, 60.8125], [21.39648, 60.81541], [21.41081, 60.81565], [21.42418, 60.81319], [21.43456, 60.80841], [21.44037, 60.80203], [21.44073, 60.79502], [21.43558, 60.78846]]]}}, {"type": "Feature", "properties": {"name": "Uusi Möljä", "layer": "exclusions", "kind": "harbour"}, "geometry": {"type": "Polygon", "coordinates": [[[21.43196, 60.78851], [21.4221, 60.78339], [21.40902, 60.78048], [21.39471, 60.78024], [21.38135, 60.78269], [21.37097, 60.78747], [21.36515, 60.79385], [21.36477, 60.80085], [21.36991, 60.80742], [21.37977, 60.81255], [21.39286, 60.81545], [21.40718, 60.8157], [21.42056, 60.81324], [21.43094, 60.80846], [21.43675, 60.80208], [21.43711, 60.79507], [21.43196, 60.78851]]]}}, {"type": "Feature", "properties": {"name": "exclusions-273", "layer": "exclusions", "kind": "harbour"}, "geometry": {"type": "Polygon", "coordinates": [[[25.91784, 62.33179], [25.90672, 62.327], [25.89257, 62.32452], [25.87752, 62.32473], [25.86388, 62.32761], [25.85371, 62.33271], [25.84857, 62.33925], [25.84924, 62.34625], [25.85561, 62.35263], [25.86673, 62.35743], [25.88091, 62.35991], [25.89597, 62.3597], [25.90962, 62.35682], [25.91979, 62.35172], [25.92492, 62.34517], [25.92423, 62.33817], [25.91784, 62.33179]]]}}, {"type": "Feature", "properties": {"name": "exclusions-274", "layer": "exclusions", "kind": "harbour"}, "geometry": {"type": "Polygon", "coordinates": [[[28.97586, 64.86673], [28.96313, 64.86218], [28.94738, 64.86001], [28.931, 64.86055], [28.91647, 64.86372], [28.90601, 64.86903], [28.90122, 64.87568], [28.90281, 64.88266], [28.91057, 64.8889], [28.9233, 64.89346], [28.93906, 64.89563], [28.95547, 64.89509], [28.97, 64.89192], [28.98046, 64.8866], [28.98524, 64.87994], [28.98362, 64.87297], [28.97586, 64.86673]]]}}, {"type": "Feature", "properties": {"name": "Bromarvin saaristosatama", "layer": "exclusions", "kind": "harbour"}, "geometry": {"type": "Polygon", "coordinates": [[[23.06033, 59.97858], [23.05046, 59.97357], [23.03756, 59.97081], [23.02359, 59.97073], [23.01066, 59.97333], [23.00074, 59.97822], [22.99535, 59.98466], [22.9953, 59.99166], [23.00061, 59.99816], [23.01047, 60.00317], [23.02338, 60.00593], [23.03738, 60.00601], [23.05032, 60.00341], [23.06023, 59.99852], [23.06562, 59.99208], [23.06565, 59.98508], [23.06033, 59.97858]]]}}, {"type": "Feature", "properties": {"name": "Tallbackan venesatama", "layer": "exclusions", "kind": "harbour"}, "geometry": {"type": "Polygon", "coordinates": [[[26.4687, 60.35307], [26.45821, 60.34832], [26.44488, 60.34589], [26.43074, 60.34615], [26.41793, 60.34906], [26.40841, 60.35418], [26.40362, 60.36073], [26.4043, 60.36772], [26.41035, 60.37408], [26.42084, 60.37884], [26.43418, 60.38127], [26.44834, 60.38101], [26.46116, 60.3781], [26.47067, 60.37297], [26.47545, 60.36641], [26.47475, 60.35943], [26.4687, 60.35307]]]}}, {"type": "Feature", "properties": {"name": "Sandholm", "layer": "exclusions", "kind": "harbour"}, "geometry": {"type": "Polygon", "coordinates": [[[21.83942, 59.89453], [21.82977, 59.88944], [21.81701, 59.88657], [21.80308, 59.88636], [21.79009, 59.88885], [21.78003, 59.89366], [21.77442, 59.90005], [21.77412, 59.90705], [21.77918, 59.9136], [21.78883, 59.9187], [21.8016, 59.92157], [21.81555, 59.92177], [21.82854, 59.91928], [21.83861, 59.91448], [21.84421, 59.90808], [21.84449, 59.90108], [21.83942, 59.89453]]]}}, {"type": "Feature", "properties": {"name": "Eriksnäsin satama", "layer": "exclusions", "kind": "harbour"}, "geometry": {"type": "Polygon", "coordinates": [[[25.37559, 60.25883], [25.3653, 60.25399], [25.35209, 60.25146], [25.33799, 60.2516], [25.32513, 60.25442], [25.31547, 60.25947], [25.31048, 60.26598], [25.31093, 60.27298], [25.31674, 60.27938], [25.32704, 60.28422], [25.34026, 60.28676], [25.35438, 60.28661], [25.36725, 60.2838], [25.3769, 60.27875], [25.38188, 60.27223], [25.38142, 60.26523], [25.37559, 60.25883]]]}}, {"type": "Feature", "properties": {"name": "Myllylahden venelaituri", "layer": "exclusions", "kind": "harbour"}, "geometry": {"type": "Polygon", "coordinates": [[[26.33931, 60.3734], [26.32883, 60.36864], [26.3155, 60.36619], [26.30135, 60.36644], [26.28853, 60.36934], [26.27898, 60.37445], [26.27417, 60.381], [26.27482, 60.38799], [26.28085, 60.39435], [26.29133, 60.39912], [26.30467, 60.40157], [26.31883, 60.40132], [26.33167, 60.39842], [26.34121, 60.3933], [26.34601, 60.38675], [26.34534, 60.37976], [26.33931, 60.3734]]]}}, {"type": "Feature", "properties": {"name": "Kaupunginniemi venesatama", "layer": "exclusions", "kind": "harbour"}, "geometry": {"type": "Polygon", "coordinates": [[[30.04281, 63.29895], [30.03064, 63.29448], [30.01567, 63.29241], [30.00017, 63.29305], [29.98651, 63.2963], [29.97675, 63.30167], [29.97238, 63.30834], [29.97408, 63.31529], [29.98159, 63.32148], [29.99377, 63.32595], [30.00875, 63.32802], [30.02427, 63.32738], [30.03795, 63.32413], [30.0477, 63.31876], [30.05205, 63.31208], [30.05033, 63.30513], [30.04281, 63.29895]]]}}, {"type": "Feature", "properties": {"name": "exclusions-281", "layer": "exclusions", "kind": "harbour"}, "geometry": {"type": "Polygon", "coordinates": [[[30.24726, 62.92547], [30.23522, 62.92102], [30.22042, 62.91897], [30.20512, 62.91963], [30.19164, 62.92289], [30.18202, 62.92827], [30.17774, 62.93495], [30.17945, 62.9419], [30.1869, 62.94807], [30.19894, 62.95253], [30.21375, 62.95458], [30.22907, 62.95392], [30.24257, 62.95065], [30.25218, 62.94527], [30.25644, 62.9386], [30.25471, 62.93164], [30.24726, 62.92547]]]}}, {"type": "Feature", "properties": {"name": "exclusions-282", "layer": "exclusions", "kind": "harbour"}, "geometry": {"type": "Polygon", "coordinates": [[[28.26131, 64.15413], [28.24904, 64.14952], [28.23375, 64.14728], [28.21777, 64.14774], [28.20352, 64.15084], [28.19317, 64.15611], [28.1883, 64.16273], [28.18965, 64.16972], [28.19702, 64.17599], [28.20929, 64.1806], [28.2246, 64.18285], [28.2406, 64.18239], [28.25486, 64.17928], [28.2652, 64.17402], [28.27006, 64.16739], [28.26869, 64.16041], [28.26131, 64.15413]]]}}, {"type": "Feature", "properties": {"name": "Vierasvenesatama Sattmark", "layer": "exclusions", "kind": "harbour"}, "geometry": {"type": "Polygon", "coordinates": [[[22.26868, 60.24156], [22.25886, 60.2365], [22.24592, 60.23367], [22.23184, 60.23351], [22.21875, 60.23604], [22.20865, 60.24087], [22.20307, 60.24728], [22.20287, 60.25428], [22.20807, 60.26082], [22.21789, 60.26589], [22.23084, 60.26872], [22.24493, 60.26888], [22.25803, 60.26635], [22.26813, 60.26151], [22.2737, 60.2551], [22.27389, 60.24809], [22.26868, 60.24156]]]}}, {"type": "Feature", "properties": {"name": "exclusions-284", "layer": "exclusions", "kind": "harbour"}, "geometry": {"type": "Polygon", "coordinates": [[[26.45459, 62.91935], [26.44315, 62.9146], [26.42866, 62.91217], [26.41333, 62.91245], [26.39947, 62.91537], [26.38921, 62.92051], [26.3841, 62.92708], [26.38493, 62.93407], [26.39156, 62.94043], [26.403, 62.94519], [26.41751, 62.94761], [26.43286, 62.94734], [26.44672, 62.94441], [26.45698, 62.93927], [26.46208, 62.9327], [26.46123, 62.92571], [26.45459, 62.91935]]]}}, {"type": "Feature", "properties": {"name": "Sauga sadam", "layer": "exclusions", "kind": "harbour"}, "geometry": {"type": "Polygon", "coordinates": [[[24.48787, 58.39369], [24.47828, 58.38878], [24.46585, 58.38615], [24.45249, 58.38621], [24.44022, 58.38893], [24.43091, 58.39391], [24.42597, 58.40039], [24.42617, 58.40738], [24.43147, 58.41383], [24.44107, 58.41874], [24.4535, 58.42136], [24.46688, 58.42131], [24.47916, 58.41859], [24.48847, 58.4136], [24.49339, 58.40712], [24.49318, 58.40013], [24.48787, 58.39369]]]}}, {"type": "Feature", "properties": {"name": "exclusions-286", "layer": "exclusions", "kind": "harbour"}, "geometry": {"type": "Polygon", "coordinates": [[[21.8083, 59.95831], [21.79864, 59.95321], [21.78585, 59.95034], [21.7719, 59.95013], [21.75888, 59.95262], [21.7488, 59.95742], [21.74317, 59.96381], [21.74287, 59.97081], [21.74793, 59.97736], [21.75759, 59.98246], [21.77039, 59.98534], [21.78436, 59.98555], [21.79738, 59.98306], [21.80747, 59.97825], [21.81308, 59.97186], [21.81338, 59.96486], [21.8083, 59.95831]]]}}, {"type": "Feature", "properties": {"name": "Koskenpään satama", "layer": "exclusions", "kind": "harbour"}, "geometry": {"type": "Polygon", "coordinates": [[[25.17646, 62.06836], [25.16556, 62.06351], [25.15159, 62.06096], [25.13667, 62.0611], [25.12307, 62.0639], [25.11287, 62.06895], [25.10761, 62.07547], [25.10809, 62.08247], [25.11425, 62.08888], [25.12515, 62.09374], [25.13914, 62.09629], [25.15407, 62.09615], [25.16768, 62.09334], [25.17788, 62.08829], [25.18313, 62.08177], [25.18263, 62.07477], [25.17646, 62.06836]]]}}, {"type": "Feature", "properties": {"name": "exclusions-288", "layer": "exclusions", "kind": "harbour"}, "geometry": {"type": "Polygon", "coordinates": [[[28.94328, 61.85477], [28.93188, 61.85021], [28.9177, 61.84802], [28.9029, 61.84854], [28.88973, 61.85168], [28.8802, 61.85697], [28.87575, 61.8636], [28.87707, 61.87057], [28.88395, 61.87681], [28.89536, 61.88137], [28.90955, 61.88356], [28.92436, 61.88304], [28.93754, 61.8799], [28.94707, 61.8746], [28.95151, 61.86797], [28.95017, 61.861], [28.94328, 61.85477]]]}}, {"type": "Feature", "properties": {"name": "exclusions-289", "layer": "exclusions", "kind": "harbour"}, "geometry": {"type": "Polygon", "coordinates": [[[28.93748, 61.85074], [28.92608, 61.84618], [28.91191, 61.84399], [28.89711, 61.84451], [28.88394, 61.84765], [28.87441, 61.85294], [28.86996, 61.85957], [28.87127, 61.86654], [28.87816, 61.87278], [28.88956, 61.87734], [28.90375, 61.87953], [28.91856, 61.87902], [28.93174, 61.87587], [28.94127, 61.87058], [28.9457, 61.86394], [28.94437, 61.85698], [28.93748, 61.85074]]]}}, {"type": "Feature", "properties": {"name": "exclusions-290", "layer": "exclusions", "kind": "harbour"}, "geometry": {"type": "Polygon", "coordinates": [[[29.31455, 61.89641], [29.30308, 61.89189], [29.28885, 61.88974], [29.27404, 61.89029], [29.26089, 61.89347], [29.25141, 61.89878], [29.24703, 61.90542], [29.24843, 61.91239], [29.2554, 61.91861], [29.26688, 61.92314], [29.28112, 61.92529], [29.29595, 61.92474], [29.30911, 61.92156], [29.31859, 61.91624], [29.32295, 61.90959], [29.32153, 61.90263], [29.31455, 61.89641]]]}}, {"type": "Feature", "properties": {"name": "exclusions-291", "layer": "exclusions", "kind": "harbour"}, "geometry": {"type": "Polygon", "coordinates": [[[28.90332, 61.85672], [28.89192, 61.85216], [28.87774, 61.84997], [28.86294, 61.85048], [28.84977, 61.85362], [28.84023, 61.85891], [28.83577, 61.86554], [28.83708, 61.87251], [28.84396, 61.87875], [28.85536, 61.88332], [28.86955, 61.88551], [28.88436, 61.88499], [28.89754, 61.88185], [28.90708, 61.87656], [28.91153, 61.86993], [28.9102, 61.86296], [28.90332, 61.85672]]]}}, {"type": "Feature", "properties": {"name": "Törninpyörän venesatama", "layer": "exclusions", "kind": "harbour"}, "geometry": {"type": "Polygon", "coordinates": [[[28.9198, 61.85267], [28.9084, 61.84811], [28.89423, 61.84592], [28.87943, 61.84643], [28.86626, 61.84957], [28.85673, 61.85486], [28.85227, 61.86149], [28.85358, 61.86846], [28.86046, 61.8747], [28.87186, 61.87927], [28.88605, 61.88146], [28.90087, 61.88094], [28.91404, 61.8778], [28.92358, 61.87251], [28.92802, 61.86587], [28.92669, 61.8589], [28.9198, 61.85267]]]}}, {"type": "Feature", "properties": {"name": "Casinon vierasvenesatama", "layer": "exclusions", "kind": "harbour"}, "geometry": {"type": "Polygon", "coordinates": [[[28.91664, 61.85902], [28.90524, 61.85446], [28.89106, 61.85227], [28.87626, 61.85279], [28.86309, 61.85593], [28.85355, 61.86122], [28.8491, 61.86785], [28.85041, 61.87482], [28.85729, 61.88106], [28.86869, 61.88562], [28.88288, 61.88781], [28.8977, 61.8873], [28.91088, 61.88416], [28.92042, 61.87886], [28.92486, 61.87223], [28.92353, 61.86526], [28.91664, 61.85902]]]}}, {"type": "Feature", "properties": {"name": "exclusions-294", "layer": "exclusions", "kind": "harbour"}, "geometry": {"type": "Polygon", "coordinates": [[[20.41326, 60.02066], [20.40379, 60.01547], [20.39111, 60.01247], [20.37714, 60.01212], [20.36401, 60.01448], [20.35372, 60.01918], [20.34782, 60.02551], [20.34723, 60.03252], [20.35203, 60.03912], [20.36149, 60.04432], [20.37419, 60.04732], [20.38817, 60.04766], [20.40131, 60.04531], [20.41161, 60.0406], [20.41749, 60.03426], [20.41807, 60.02726], [20.41326, 60.02066]]]}}, {"type": "Feature", "properties": {"name": "Hamnsundet Marina", "layer": "exclusions", "kind": "harbour"}, "geometry": {"type": "Polygon", "coordinates": [[[20.11608, 60.36495], [20.10656, 60.35973], [20.09377, 60.35671], [20.07966, 60.35633], [20.06638, 60.35866], [20.05594, 60.36335], [20.04994, 60.36967], [20.04928, 60.37667], [20.05408, 60.38328], [20.0636, 60.3885], [20.0764, 60.39153], [20.09052, 60.39191], [20.10381, 60.38957], [20.11425, 60.38489], [20.12025, 60.37856], [20.12089, 60.37156], [20.11608, 60.36495]]]}}, {"type": "Feature", "properties": {"name": "Toritamme lauter", "layer": "exclusions", "kind": "harbour"}, "geometry": {"type": "Polygon", "coordinates": [[[23.74359, 58.386], [23.7341, 58.38104], [23.72174, 58.37834], [23.70838, 58.37832], [23.69606, 58.38097], [23.68665, 58.3859], [23.68159, 58.39235], [23.68164, 58.39935], [23.6868, 58.40582], [23.69629, 58.41079], [23.70866, 58.41349], [23.72203, 58.41351], [23.73436, 58.41085], [23.74377, 58.40592], [23.74883, 58.39946], [23.74876, 58.39247], [23.74359, 58.386]]]}}, {"type": "Feature", "properties": {"name": "exclusions-297", "layer": "exclusions", "kind": "harbour"}, "geometry": {"type": "Polygon", "coordinates": [[[26.87106, 62.61208], [26.85968, 62.60736], [26.84531, 62.60497], [26.83013, 62.60529], [26.81645, 62.60825], [26.80635, 62.61341], [26.80138, 62.61999], [26.80228, 62.62698], [26.80893, 62.63332], [26.82031, 62.63804], [26.8347, 62.64043], [26.84989, 62.64012], [26.86358, 62.63715], [26.87367, 62.63199], [26.87864, 62.62541], [26.87772, 62.61842], [26.87106, 62.61208]]]}}, {"type": "Feature", "properties": {"name": "Kellarilahti", "layer": "exclusions", "kind": "harbour"}, "geometry": {"type": "Polygon", "coordinates": [[[26.73088, 62.61088], [26.71952, 62.60615], [26.70516, 62.60375], [26.68998, 62.60405], [26.67629, 62.607], [26.66617, 62.61215], [26.66116, 62.61872], [26.66203, 62.62571], [26.66865, 62.63206], [26.68001, 62.6368], [26.69438, 62.6392], [26.70958, 62.6389], [26.72328, 62.63595], [26.7334, 62.63079], [26.73839, 62.62421], [26.7375, 62.61722], [26.73088, 62.61088]]]}}, {"type": "Feature", "properties": {"name": "exclusions-299", "layer": "exclusions", "kind": "harbour"}, "geometry": {"type": "Polygon", "coordinates": [[[26.68232, 62.56994], [26.67098, 62.56521], [26.65665, 62.5628], [26.64149, 62.56309], [26.62781, 62.56604], [26.6177, 62.57119], [26.61268, 62.57776], [26.61354, 62.58475], [26.62014, 62.5911], [26.63147, 62.59584], [26.64582, 62.59825], [26.661, 62.59795], [26.67469, 62.595], [26.6848, 62.58985], [26.6898, 62.58328], [26.68893, 62.57629], [26.68232, 62.56994]]]}}, {"type": "Feature", "properties": {"name": "Ruunasaaren retkisatama", "layer": "exclusions", "kind": "harbour"}, "geometry": {"type": "Polygon", "coordinates": [[[28.46944, 61.5886], [28.45821, 61.58401], [28.44419, 61.58177], [28.42951, 61.58224], [28.41641, 61.58534], [28.40687, 61.5906], [28.40235, 61.59722], [28.40354, 61.60419], [28.41026, 61.61045], [28.42149, 61.61505], [28.43552, 61.61729], [28.45022, 61.61682], [28.46333, 61.61372], [28.47287, 61.60845], [28.47738, 61.60183], [28.47617, 61.59486], [28.46944, 61.5886]]]}}, {"type": "Feature", "properties": {"name": "Vedholm", "layer": "exclusions", "kind": "harbour"}, "geometry": {"type": "Polygon", "coordinates": [[[21.36237, 61.9901], [21.35212, 61.98497], [21.33854, 61.98206], [21.32368, 61.98181], [21.30982, 61.98427], [21.29905, 61.98905], [21.29301, 61.99543], [21.29264, 62.00244], [21.29798, 62.00901], [21.30823, 62.01414], [21.32182, 62.01706], [21.3367, 62.0173], [21.35058, 62.01484], [21.36135, 62.01006], [21.36737, 62.00368], [21.36773, 61.99667], [21.36237, 61.9901]]]}}, {"type": "Feature", "properties": {"name": "Kilhamn", "layer": "exclusions", "kind": "harbour"}, "geometry": {"type": "Polygon", "coordinates": [[[21.34025, 62.02891], [21.32999, 62.02378], [21.31639, 62.02087], [21.30152, 62.02063], [21.28763, 62.02308], [21.27685, 62.02786], [21.2708, 62.03424], [21.27042, 62.04125], [21.27577, 62.04782], [21.28602, 62.05295], [21.29964, 62.05587], [21.31453, 62.05611], [21.32843, 62.05366], [21.33921, 62.04888], [21.34525, 62.04249], [21.34561, 62.03548], [21.34025, 62.02891]]]}}, {"type": "Feature", "properties": {"name": "Boskär, luonnonsatama", "layer": "exclusions", "kind": "harbour"}, "geometry": {"type": "Polygon", "coordinates": [[[21.80689, 60.02326], [21.79721, 60.01816], [21.7844, 60.01529], [21.77041, 60.01508], [21.75738, 60.01756], [21.74727, 60.02237], [21.74164, 60.02876], [21.74133, 60.03576], [21.7464, 60.04231], [21.75609, 60.04741], [21.76891, 60.05028], [21.78291, 60.05049], [21.79595, 60.048], [21.80606, 60.0432], [21.81169, 60.03681], [21.81198, 60.0298], [21.80689, 60.02326]]]}}, {"type": "Feature", "properties": {"name": "exclusions-304", "layer": "exclusions", "kind": "harbour"}, "geometry": {"type": "Polygon", "coordinates": [[[26.93451, 60.44882], [26.92392, 60.4441], [26.91052, 60.44172], [26.89633, 60.44202], [26.88353, 60.44498], [26.87406, 60.45013], [26.86935, 60.4567], [26.87014, 60.46368], [26.87629, 60.47002], [26.88688, 60.47474], [26.9003, 60.47713], [26.9145, 60.47682], [26.92731, 60.47387], [26.93678, 60.46871], [26.94148, 60.46214], [26.94068, 60.45516], [26.93451, 60.44882]]]}}, {"type": "Feature", "properties": {"name": "Sommaröstrand Vierassatama", "layer": "exclusions", "kind": "harbour"}, "geometry": {"type": "Polygon", "coordinates": [[[23.44036, 59.88991], [23.43046, 59.88493], [23.41757, 59.88221], [23.40362, 59.88216], [23.39075, 59.8848], [23.38091, 59.88972], [23.3756, 59.89616], [23.37563, 59.90316], [23.381, 59.90965], [23.39089, 59.91464], [23.4038, 59.91736], [23.41776, 59.9174], [23.43064, 59.91477], [23.44048, 59.90985], [23.44578, 59.9034], [23.44573, 59.8964], [23.44036, 59.88991]]]}}, {"type": "Feature", "properties": {"name": "exclusions-306", "layer": "exclusions", "kind": "harbour"}, "geometry": {"type": "Polygon", "coordinates": [[[28.29387, 62.28083], [28.2824, 62.27622], [28.26807, 62.27397], [28.25307, 62.27442], [28.23966, 62.27751], [28.2299, 62.28276], [28.22527, 62.28938], [28.22647, 62.29636], [28.23333, 62.30263], [28.24481, 62.30724], [28.25915, 62.30949], [28.27417, 62.30904], [28.28759, 62.30595], [28.29735, 62.30069], [28.30196, 62.29407], [28.30074, 62.2871], [28.29387, 62.28083]]]}}, {"type": "Feature", "properties": {"name": "exclusions-307", "layer": "exclusions", "kind": "harbour"}, "geometry": {"type": "Polygon", "coordinates": [[[27.90693, 62.30634], [27.89551, 62.3017], [27.8812, 62.29942], [27.86618, 62.29983], [27.85273, 62.30289], [27.8429, 62.30812], [27.83818, 62.31472], [27.83929, 62.3217], [27.84608, 62.32799], [27.85751, 62.33264], [27.87183, 62.33492], [27.88687, 62.33451], [27.90033, 62.33145], [27.91016, 62.32622], [27.91487, 62.31961], [27.91373, 62.31263], [27.90693, 62.30634]]]}}, {"type": "Feature", "properties": {"name": "exclusions-308", "layer": "exclusions", "kind": "harbour"}, "geometry": {"type": "Polygon", "coordinates": [[[26.01852, 63.66848], [26.00684, 63.66369], [25.99201, 63.66123], [25.97628, 63.66146], [25.96204, 63.66435], [25.95146, 63.66947], [25.94615, 63.67602], [25.94692, 63.68303], [25.95365, 63.68941], [25.96533, 63.6942], [25.98018, 63.69666], [25.99593, 63.69643], [26.01017, 63.69353], [26.02075, 63.68842], [26.02605, 63.68186], [26.02526, 63.67486], [26.01852, 63.66848]]]}}, {"type": "Feature", "properties": {"name": "Urajärven venelaituri", "layer": "exclusions", "kind": "harbour"}, "geometry": {"type": "Polygon", "coordinates": [[[26.41662, 60.90889], [26.40595, 60.90413], [26.39239, 60.90169], [26.37801, 60.90195], [26.36499, 60.90486], [26.35531, 60.90998], [26.35045, 60.91654], [26.35115, 60.92353], [26.3573, 60.92989], [26.36798, 60.93465], [26.38155, 60.93708], [26.39595, 60.93683], [26.40898, 60.93391], [26.41865, 60.92879], [26.4235, 60.92223], [26.42279, 60.91524], [26.41662, 60.90889]]]}}, {"type": "Feature", "properties": {"name": "exclusions-310", "layer": "exclusions", "kind": "harbour"}, "geometry": {"type": "Polygon", "coordinates": [[[26.01165, 63.65719], [25.99998, 63.6524], [25.98516, 63.64994], [25.96944, 63.65017], [25.9552, 63.65306], [25.94463, 63.65817], [25.93931, 63.66473], [25.94008, 63.67173], [25.94681, 63.67811], [25.95848, 63.6829], [25.97332, 63.68537], [25.98906, 63.68514], [26.00331, 63.68224], [26.01388, 63.67713], [26.01918, 63.67057], [26.0184, 63.66357], [26.01165, 63.65719]]]}}, {"type": "Feature", "properties": {"name": "Водно-моторный клуб «Нептун»", "layer": "exclusions", "kind": "harbour"}, "geometry": {"type": "Polygon", "coordinates": [[[29.82269, 59.90113], [29.81188, 59.89664], [29.79849, 59.89452], [29.78455, 59.89512], [29.7722, 59.89832], [29.7633, 59.90366], [29.75921, 59.91031], [29.76056, 59.91726], [29.76714, 59.92345], [29.77796, 59.92795], [29.79137, 59.93006], [29.80531, 59.92947], [29.81768, 59.92626], [29.82657, 59.92092], [29.83065, 59.91427], [29.82928, 59.90732], [29.82269, 59.90113]]]}}, {"type": "Feature", "properties": {"name": "exclusions-312", "layer": "exclusions", "kind": "harbour"}, "geometry": {"type": "Polygon", "coordinates": [[[26.55532, 62.58417], [26.544, 62.57943], [26.52967, 62.57701], [26.5145, 62.57729], [26.5008, 62.58023], [26.49066, 62.58537], [26.48562, 62.59194], [26.48645, 62.59893], [26.49302, 62.60528], [26.50434, 62.61003], [26.51869, 62.61245], [26.53387, 62.61217], [26.54758, 62.60923], [26.55772, 62.60409], [26.56275, 62.59752], [26.5619, 62.59053], [26.55532, 62.58417]]]}}, {"type": "Feature", "properties": {"name": "Melalahti venesatama", "layer": "exclusions", "kind": "harbour"}, "geometry": {"type": "Polygon", "coordinates": [[[27.68869, 64.38855], [27.67641, 64.3839], [27.66104, 64.3816], [27.64492, 64.38201], [27.6305, 64.38506], [27.61997, 64.39028], [27.61493, 64.3969], [27.61616, 64.40389], [27.62347, 64.41019], [27.63576, 64.41485], [27.65114, 64.41715], [27.66728, 64.41674], [27.68171, 64.41369], [27.69224, 64.40846], [27.69726, 64.40184], [27.69601, 64.39485], [27.68869, 64.38855]]]}}, {"type": "Feature", "properties": {"name": "exclusions-314", "layer": "exclusions", "kind": "harbour"}, "geometry": {"type": "Polygon", "coordinates": [[[27.14429, 64.53837], [27.13203, 64.53368], [27.11663, 64.53133], [27.10042, 64.53168], [27.08587, 64.53468], [27.07519, 64.53987], [27.07, 64.54647], [27.07111, 64.55347], [27.07834, 64.5598], [27.0906, 64.5645], [27.10602, 64.56685], [27.12225, 64.5665], [27.13681, 64.5635], [27.14749, 64.5583], [27.15266, 64.5517], [27.15153, 64.5447], [27.14429, 64.53837]]]}}, {"type": "Feature", "properties": {"name": "exclusions-315", "layer": "exclusions", "kind": "anchorage"}, "geometry": {"type": "Polygon", "coordinates": [[[28.66098, 60.54069], [28.65555, 60.5384], [28.64876, 60.53729], [28.64165, 60.53753], [28.63531, 60.53909], [28.63069, 60.54172], [28.62851, 60.54503], [28.62909, 60.54851], [28.63235, 60.55164], [28.63778, 60.55393], [28.64458, 60.55504], [28.65169, 60.5548], [28.65803, 60.55325], [28.66264, 60.55061], [28.66483, 60.5473], [28.66424, 60.54382], [28.66098, 60.54069]]]}}, {"type": "Feature", "properties": {"name": "exclusions-316", "layer": "exclusions", "kind": "anchorage"}, "geometry": {"type": "Polygon", "coordinates": [[[28.65165, 60.54686], [28.64622, 60.54457], [28.63943, 60.54346], [28.63232, 60.5437], [28.62597, 60.54525], [28.62136, 60.54789], [28.61917, 60.5512], [28.61975, 60.55468], [28.62301, 60.55781], [28.62845, 60.5601], [28.63524, 60.56121], [28.64235, 60.56097], [28.6487, 60.55941], [28.65331, 60.55678], [28.6555, 60.55347], [28.65491, 60.54999], [28.65165, 60.54686]]]}}, {"type": "Feature", "properties": {"name": "exclusions-317", "layer": "exclusions", "kind": "anchorage"}, "geometry": {"type": "Polygon", "coordinates": [[[28.04599, 60.32076], [28.04064, 60.31844], [28.03392, 60.3173], [28.02686, 60.31751], [28.02053, 60.31904], [28.01589, 60.32165], [28.01366, 60.32495], [28.01417, 60.32844], [28.01734, 60.33158], [28.02269, 60.33389], [28.02942, 60.33503], [28.03648, 60.33482], [28.04281, 60.3333], [28.04745, 60.33068], [28.04968, 60.32738], [28.04917, 60.3239], [28.04599, 60.32076]]]}}, {"type": "Feature", "properties": {"name": "exclusions-318", "layer": "exclusions", "kind": "anchorage"}, "geometry": {"type": "Polygon", "coordinates": [[[28.05766, 60.32959], [28.0523, 60.32727], [28.04558, 60.32613], [28.03852, 60.32634], [28.03219, 60.32787], [28.02755, 60.33048], [28.02532, 60.33378], [28.02583, 60.33727], [28.029, 60.34041], [28.03436, 60.34273], [28.04109, 60.34387], [28.04815, 60.34366], [28.05449, 60.34213], [28.05912, 60.33951], [28.06135, 60.33621], [28.06084, 60.33273], [28.05766, 60.32959]]]}}, {"type": "Feature", "properties": {"name": "exclusions-319", "layer": "exclusions", "kind": "anchorage"}, "geometry": {"type": "Polygon", "coordinates": [[[28.04216, 60.33542], [28.03681, 60.33311], [28.03008, 60.33197], [28.02302, 60.33217], [28.01669, 60.3337], [28.01205, 60.33631], [28.00982, 60.33962], [28.01032, 60.3431], [28.0135, 60.34624], [28.01886, 60.34856], [28.02558, 60.3497], [28.03265, 60.34949], [28.03898, 60.34796], [28.04362, 60.34535], [28.04585, 60.34205], [28.04534, 60.33856], [28.04216, 60.33542]]]}}, {"type": "Feature", "properties": {"name": "exclusions-320", "layer": "exclusions", "kind": "anchorage"}, "geometry": {"type": "Polygon", "coordinates": [[[28.02766, 60.32792], [28.02231, 60.32561], [28.01559, 60.32447], [28.00853, 60.32467], [28.00219, 60.3262], [27.99756, 60.32881], [27.99532, 60.33211], [27.99583, 60.3356], [27.999, 60.33874], [28.00435, 60.34106], [28.01108, 60.3422], [28.01814, 60.34199], [28.02448, 60.34046], [28.02911, 60.33785], [28.03135, 60.33455], [28.03084, 60.33106], [28.02766, 60.32792]]]}}, {"type": "Feature", "properties": {"name": "Vierassatama", "layer": "exclusions", "kind": "harbour"}, "geometry": {"type": "Polygon", "coordinates": [[[26.96459, 60.45764], [26.95399, 60.45292], [26.94058, 60.45054], [26.92639, 60.45085], [26.91359, 60.4538], [26.90412, 60.45896], [26.89942, 60.46553], [26.90021, 60.47251], [26.90637, 60.47884], [26.91697, 60.48356], [26.9304, 60.48595], [26.9446, 60.48564], [26.95741, 60.48268], [26.96688, 60.47752], [26.97157, 60.47095], [26.97076, 60.46397], [26.96459, 60.45764]]]}}, {"type": "Feature", "properties": {"name": "Uhratun veneranta", "layer": "exclusions", "kind": "harbour"}, "geometry": {"type": "Polygon", "coordinates": [[[22.17916, 60.95245], [22.16912, 60.94738], [22.15591, 60.94454], [22.14152, 60.94438], [22.12815, 60.9469], [22.11782, 60.95173], [22.11212, 60.95814], [22.11191, 60.96515], [22.11722, 60.97168], [22.12726, 60.97676], [22.14049, 60.9796], [22.15489, 60.97976], [22.16827, 60.97724], [22.1786, 60.9724], [22.18429, 60.96599], [22.18448, 60.95898], [22.17916, 60.95245]]]}}, {"type": "Feature", "properties": {"name": "Härkluoman venevalkama", "layer": "exclusions", "kind": "harbour"}, "geometry": {"type": "Polygon", "coordinates": [[[22.15927, 60.91647], [22.14925, 60.9114], [22.13605, 60.90856], [22.12168, 60.90839], [22.10832, 60.91091], [22.09801, 60.91575], [22.0923, 60.92215], [22.09209, 60.92916], [22.09739, 60.9357], [22.10741, 60.94077], [22.12062, 60.94361], [22.13501, 60.94378], [22.14838, 60.94126], [22.15869, 60.93642], [22.16438, 60.93001], [22.16458, 60.92301], [22.15927, 60.91647]]]}}, {"type": "Feature", "properties": {"name": "Iisalmen satama", "layer": "exclusions", "kind": "harbour"}, "geometry": {"type": "Polygon", "coordinates": [[[27.21539, 63.54352], [27.20356, 63.53883], [27.18869, 63.53648], [27.17304, 63.53683], [27.15897, 63.53983], [27.14864, 63.54502], [27.14361, 63.55161], [27.14466, 63.55861], [27.15163, 63.56493], [27.16345, 63.56963], [27.17834, 63.57198], [27.19401, 63.57162], [27.20809, 63.56862], [27.21842, 63.56343], [27.22343, 63.55683], [27.22236, 63.54984], [27.21539, 63.54352]]]}}, {"type": "Feature", "properties": {"name": "exclusions-325", "layer": "exclusions", "kind": "harbour"}, "geometry": {"type": "Polygon", "coordinates": [[[26.66173, 63.64316], [26.64995, 63.63843], [26.63508, 63.63603], [26.61937, 63.63632], [26.6052, 63.63927], [26.59474, 63.64443], [26.58958, 63.651], [26.5905, 63.658], [26.59737, 63.66435], [26.60915, 63.66909], [26.62403, 63.6715], [26.63977, 63.6712], [26.65394, 63.66825], [26.6644, 63.66309], [26.66955, 63.65651], [26.66861, 63.64951], [26.66173, 63.64316]]]}}, {"type": "Feature", "properties": {"name": "Пристань Two Castles", "layer": "exclusions", "kind": "harbour"}, "geometry": {"type": "Polygon", "coordinates": [[[28.77161, 60.72021], [28.76066, 60.71563], [28.747, 60.71342], [28.73271, 60.71392], [28.71997, 60.71704], [28.71071, 60.72231], [28.70634, 60.72893], [28.70753, 60.7359], [28.7141, 60.74215], [28.72506, 60.74672], [28.73873, 60.74894], [28.75303, 60.74844], [28.76579, 60.74532], [28.77504, 60.74004], [28.7794, 60.73342], [28.7782, 60.72645], [28.77161, 60.72021]]]}}, {"type": "Feature", "properties": {"name": "Uittamon valkama", "layer": "exclusions", "kind": "harbour"}, "geometry": {"type": "Polygon", "coordinates": [[[22.28394, 60.40998], [22.27406, 60.40491], [22.26105, 60.40209], [22.2469, 60.40193], [22.23375, 60.40446], [22.2236, 60.4093], [22.218, 60.41571], [22.2178, 60.42271], [22.22304, 60.42924], [22.23292, 60.43431], [22.24593, 60.43714], [22.2601, 60.4373], [22.27326, 60.43476], [22.28341, 60.42992], [22.289, 60.42351], [22.28918, 60.41651], [22.28394, 60.40998]]]}}, {"type": "Feature", "properties": {"name": "Vierasvenesatama", "layer": "exclusions", "kind": "harbour"}, "geometry": {"type": "Polygon", "coordinates": [[[28.90823, 62.09704], [28.89674, 62.09248], [28.88245, 62.09029], [28.86753, 62.0908], [28.85427, 62.09394], [28.84466, 62.09923], [28.84018, 62.10587], [28.8415, 62.11283], [28.84844, 62.11908], [28.85994, 62.12364], [28.87424, 62.12583], [28.88917, 62.12532], [28.90245, 62.12217], [28.91205, 62.11688], [28.91652, 62.11024], [28.91518, 62.10327], [28.90823, 62.09704]]]}}, {"type": "Feature", "properties": {"name": "exclusions-329", "layer": "exclusions", "kind": "harbour"}, "geometry": {"type": "Polygon", "coordinates": [[[28.9471, 61.86048], [28.93569, 61.85592], [28.92151, 61.85373], [28.90671, 61.85425], [28.89354, 61.8574], [28.884, 61.86269], [28.87955, 61.86932], [28.88087, 61.87629], [28.88776, 61.88253], [28.89917, 61.88709], [28.91336, 61.88928], [28.92818, 61.88876], [28.94136, 61.88561], [28.95089, 61.88032], [28.95532, 61.87368], [28.95399, 61.86672], [28.9471, 61.86048]]]}}, {"type": "Feature", "properties": {"name": "exclusions-330", "layer": "exclusions", "kind": "harbour"}, "geometry": {"type": "Polygon", "coordinates": [[[29.23739, 62.15725], [29.22582, 62.15272], [29.21148, 62.15056], [29.19654, 62.15111], [29.18328, 62.15428], [29.17371, 62.15959], [29.16929, 62.16623], [29.1707, 62.1732], [29.17772, 62.17942], [29.18929, 62.18396], [29.20365, 62.18612], [29.2186, 62.18557], [29.23187, 62.1824], [29.24144, 62.17708], [29.24584, 62.17044], [29.24442, 62.16347], [29.23739, 62.15725]]]}}, {"type": "Feature", "properties": {"name": "Vierasvenesatama", "layer": "exclusions", "kind": "harbour"}, "geometry": {"type": "Polygon", "coordinates": [[[29.24016, 62.15867], [29.22859, 62.15414], [29.21425, 62.15198], [29.19931, 62.15253], [29.18605, 62.1557], [29.17648, 62.16101], [29.17206, 62.16766], [29.17347, 62.17462], [29.18049, 62.18085], [29.19206, 62.18538], [29.20642, 62.18754], [29.22138, 62.18699], [29.23465, 62.18382], [29.24421, 62.1785], [29.24862, 62.17186], [29.24719, 62.16489], [29.24016, 62.15867]]]}}, {"type": "Feature", "properties": {"name": "exclusions-332", "layer": "exclusions", "kind": "harbour"}, "geometry": {"type": "Polygon", "coordinates": [[[22.01506, 58.35008], [22.00583, 58.345], [21.99362, 58.34214], [21.98029, 58.34195], [21.96786, 58.34444], [21.95823, 58.34925], [21.95286, 58.35564], [21.95258, 58.36264], [21.95742, 58.36918], [21.96665, 58.37427], [21.97887, 58.37713], [21.99221, 58.37732], [22.00465, 58.37482], [22.01428, 58.37001], [22.01964, 58.36362], [22.01991, 58.35662], [22.01506, 58.35008]]]}}, {"type": "Feature", "properties": {"name": "Kerimäen kalasatama", "layer": "exclusions", "kind": "harbour"}, "geometry": {"type": "Polygon", "coordinates": [[[29.50449, 61.89263], [29.49298, 61.88811], [29.47875, 61.88598], [29.46394, 61.88656], [29.45081, 61.88975], [29.44136, 61.89508], [29.43702, 61.90172], [29.43847, 61.90868], [29.44547, 61.9149], [29.45698, 61.91941], [29.47123, 61.92155], [29.48606, 61.92097], [29.49919, 61.91778], [29.50864, 61.91245], [29.51296, 61.90579], [29.5115, 61.89884], [29.50449, 61.89263]]]}}, {"type": "Feature", "properties": {"name": "Maakallan satama", "layer": "exclusions", "kind": "harbour"}, "geometry": {"type": "Polygon", "coordinates": [[[23.54976, 64.30494], [23.53824, 64.29997], [23.52331, 64.29727], [23.50723, 64.29725], [23.49245, 64.29992], [23.48122, 64.30487], [23.47524, 64.31135], [23.47544, 64.31837], [23.48178, 64.32486], [23.4933, 64.32983], [23.50825, 64.33254], [23.52435, 64.33255], [23.53914, 64.32988], [23.55037, 64.32493], [23.55633, 64.31845], [23.55611, 64.31143], [23.54976, 64.30494]]]}}, {"type": "Feature", "properties": {"name": "Pyhämaan kalasatama", "layer": "exclusions", "kind": "harbour"}, "geometry": {"type": "Polygon", "coordinates": [[[21.31245, 60.9904], [21.30255, 60.98527], [21.28939, 60.98235], [21.275, 60.9821], [21.26155, 60.98454], [21.25109, 60.98932], [21.24521, 60.99569], [21.24481, 61.00269], [21.24996, 61.00927], [21.25987, 61.0144], [21.27303, 61.01732], [21.28744, 61.01757], [21.3009, 61.01513], [21.31136, 61.01035], [21.31723, 61.00397], [21.31761, 60.99697], [21.31245, 60.9904]]]}}, {"type": "Feature", "properties": {"name": "Jokuen vierasvenelaituri", "layer": "exclusions", "kind": "harbour"}, "geometry": {"type": "Polygon", "coordinates": [[[26.3052, 60.90948], [26.29454, 60.90472], [26.28099, 60.90227], [26.26661, 60.90252], [26.25358, 60.90542], [26.24388, 60.91053], [26.239, 60.91708], [26.23968, 60.92407], [26.24581, 60.93044], [26.25647, 60.93521], [26.27003, 60.93766], [26.28443, 60.93741], [26.29747, 60.93451], [26.30716, 60.92939], [26.31203, 60.92284], [26.31134, 60.91585], [26.3052, 60.90948]]]}}, {"type": "Feature", "properties": {"name": "exclusions-337", "layer": "exclusions", "kind": "anchorage"}, "geometry": {"type": "Polygon", "coordinates": [[[19.48918, 63.53836], [19.48394, 63.53573], [19.47688, 63.53419], [19.46907, 63.53397], [19.46171, 63.53512], [19.45591, 63.53744], [19.45255, 63.5406], [19.45215, 63.54411], [19.45477, 63.54743], [19.46001, 63.55006], [19.46708, 63.5516], [19.47489, 63.55181], [19.48225, 63.55067], [19.48806, 63.54834], [19.49141, 63.54518], [19.4918, 63.54168], [19.48918, 63.53836]]]}}, {"type": "Feature", "properties": {"name": "Notholmen", "layer": "exclusions", "kind": "harbour"}, "geometry": {"type": "Polygon", "coordinates": [[[19.51734, 63.55667], [19.50685, 63.55141], [19.49272, 63.54834], [19.4771, 63.54791], [19.46237, 63.5502], [19.45076, 63.55485], [19.44404, 63.56117], [19.44324, 63.56818], [19.44848, 63.57482], [19.45897, 63.58009], [19.47312, 63.58317], [19.48875, 63.58359], [19.5035, 63.5813], [19.51511, 63.57664], [19.52182, 63.57033], [19.5226, 63.56331], [19.51734, 63.55667]]]}}, {"type": "Feature", "properties": {"name": "Rundvik", "layer": "exclusions", "kind": "harbour"}, "geometry": {"type": "Polygon", "coordinates": [[[19.47285, 63.51933], [19.46238, 63.51407], [19.44827, 63.51098], [19.43268, 63.51055], [19.41796, 63.51284], [19.40636, 63.51749], [19.39964, 63.5238], [19.39883, 63.53081], [19.40405, 63.53746], [19.41452, 63.54272], [19.42864, 63.54581], [19.44426, 63.54624], [19.45899, 63.54395], [19.47059, 63.5393], [19.4773, 63.53298], [19.47809, 63.52597], [19.47285, 63.51933]]]}}, {"type": "Feature", "properties": {"name": "Järnäshamn", "layer": "exclusions", "kind": "harbour"}, "geometry": {"type": "Polygon", "coordinates": [[[19.70807, 63.42798], [19.69759, 63.42273], [19.6835, 63.41967], [19.66795, 63.41926], [19.65329, 63.42157], [19.64176, 63.42624], [19.63511, 63.43256], [19.63436, 63.43957], [19.63962, 63.44621], [19.6501, 63.45146], [19.66419, 63.45452], [19.67977, 63.45493], [19.69444, 63.45262], [19.70597, 63.44795], [19.71261, 63.44163], [19.71334, 63.43461], [19.70807, 63.42798]]]}}, {"type": "Feature", "properties": {"name": "Tervanokan venelaiturit", "layer": "exclusions", "kind": "harbour"}, "geometry": {"type": "Polygon", "coordinates": [[[25.11102, 60.45425], [25.10069, 60.4494], [25.08743, 60.44683], [25.07324, 60.44696], [25.06029, 60.44975], [25.05054, 60.45478], [25.04548, 60.46129], [25.04588, 60.46829], [25.05168, 60.4747], [25.062, 60.47956], [25.07528, 60.48213], [25.08948, 60.482], [25.10244, 60.47921], [25.11219, 60.47417], [25.11724, 60.46766], [25.11683, 60.46067], [25.11102, 60.45425]]]}}, {"type": "Feature", "properties": {"name": "Saimaanrannan venesatama", "layer": "exclusions", "kind": "harbour"}, "geometry": {"type": "Polygon", "coordinates": [[[28.1205, 61.21785], [28.10946, 61.21322], [28.09564, 61.21095], [28.08113, 61.21138], [28.06813, 61.21445], [28.05864, 61.21968], [28.05409, 61.22629], [28.05517, 61.23326], [28.06174, 61.23954], [28.07278, 61.24417], [28.08662, 61.24644], [28.10115, 61.24601], [28.11415, 61.24294], [28.12364, 61.2377], [28.12818, 61.2311], [28.12708, 61.22412], [28.1205, 61.21785]]]}}, {"type": "Feature", "properties": {"name": "exclusions-343", "layer": "exclusions", "kind": "harbour"}, "geometry": {"type": "Polygon", "coordinates": [[[30.25029, 59.92484], [30.23941, 59.92038], [30.22598, 59.91831], [30.21205, 59.91895], [30.19972, 59.92219], [30.19088, 59.92755], [30.18687, 59.93421], [30.18831, 59.94116], [30.19498, 59.94733], [30.20587, 59.95179], [30.21931, 59.95387], [30.23326, 59.95323], [30.24559, 59.94998], [30.25443, 59.94462], [30.25842, 59.93796], [30.25697, 59.93101], [30.25029, 59.92484]]]}}, {"type": "Feature", "properties": {"name": "exclusions-344", "layer": "exclusions", "kind": "harbour"}, "geometry": {"type": "Polygon", "coordinates": [[[30.24889, 59.92677], [30.23801, 59.92232], [30.22458, 59.92025], [30.21064, 59.92088], [30.19832, 59.92413], [30.18948, 59.92949], [30.18547, 59.93615], [30.18691, 59.94309], [30.19358, 59.94927], [30.20446, 59.95373], [30.21791, 59.9558], [30.23186, 59.95516], [30.24419, 59.95191], [30.25303, 59.94655], [30.25702, 59.93989], [30.25557, 59.93295], [30.24889, 59.92677]]]}}, {"type": "Feature", "properties": {"name": "exclusions-345", "layer": "exclusions", "kind": "harbour"}, "geometry": {"type": "Polygon", "coordinates": [[[30.24914, 59.9265], [30.23826, 59.92204], [30.22483, 59.91997], [30.21089, 59.92061], [30.19856, 59.92385], [30.18972, 59.92921], [30.18572, 59.93587], [30.18716, 59.94282], [30.19383, 59.94899], [30.20471, 59.95345], [30.21815, 59.95552], [30.23211, 59.95489], [30.24444, 59.95164], [30.25328, 59.94628], [30.25727, 59.93962], [30.25582, 59.93267], [30.24914, 59.9265]]]}}, {"type": "Feature", "properties": {"name": "exclusions-346", "layer": "exclusions", "kind": "harbour"}, "geometry": {"type": "Polygon", "coordinates": [[[21.58801, 60.16443], [21.57831, 60.15932], [21.56547, 60.15643], [21.55143, 60.1562], [21.53832, 60.15866], [21.52815, 60.16345], [21.52245, 60.16983], [21.5221, 60.17684], [21.52716, 60.18339], [21.53685, 60.18851], [21.5497, 60.1914], [21.56376, 60.19163], [21.57688, 60.18917], [21.58705, 60.18437], [21.59274, 60.17799], [21.59307, 60.17099], [21.58801, 60.16443]]]}}, {"type": "Feature", "properties": {"name": "exclusions-347", "layer": "exclusions", "kind": "harbour"}, "geometry": {"type": "Polygon", "coordinates": [[[22.13737, 60.2419], [22.12757, 60.23683], [22.11464, 60.23399], [22.10056, 60.23381], [22.08746, 60.23633], [22.07734, 60.24116], [22.07174, 60.24756], [22.07151, 60.25456], [22.07668, 60.2611], [22.08648, 60.26618], [22.09942, 60.26902], [22.11351, 60.26919], [22.12662, 60.26667], [22.13674, 60.26184], [22.14234, 60.25544], [22.14256, 60.24844], [22.13737, 60.2419]]]}}, {"type": "Feature", "properties": {"name": "exclusions-348", "layer": "exclusions", "kind": "harbour"}, "geometry": {"type": "Polygon", "coordinates": [[[22.04559, 65.50367], [22.03381, 65.49858], [22.01836, 65.49575], [22.00158, 65.49558], [21.98602, 65.49812], [21.97405, 65.50297], [21.96748, 65.5094], [21.96733, 65.51643], [21.97362, 65.52298], [21.98539, 65.52807], [22.00086, 65.53091], [22.01766, 65.53108], [22.03324, 65.52854], [22.04521, 65.52368], [22.05176, 65.51725], [22.05189, 65.51022], [22.04559, 65.50367]]]}}, {"type": "Feature", "properties": {"name": "exclusions-349", "layer": "exclusions", "kind": "harbour"}, "geometry": {"type": "Polygon", "coordinates": [[[22.04394, 65.5041], [22.03216, 65.49902], [22.01671, 65.49618], [21.99993, 65.49601], [21.98437, 65.49855], [21.9724, 65.5034], [21.96583, 65.50983], [21.96568, 65.51686], [21.97196, 65.52341], [21.98374, 65.5285], [21.99921, 65.53134], [22.01601, 65.53151], [22.03159, 65.52897], [22.04356, 65.52411], [22.05011, 65.51768], [22.05024, 65.51065], [22.04394, 65.5041]]]}}, {"type": "Feature", "properties": {"name": "exclusions-350", "layer": "exclusions", "kind": "harbour"}, "geometry": {"type": "Polygon", "coordinates": [[[22.03642, 65.50364], [22.02465, 65.49856], [22.0092, 65.49571], [21.99241, 65.49555], [21.97685, 65.49809], [21.96488, 65.50294], [21.95831, 65.50936], [21.95816, 65.51639], [21.96444, 65.52295], [21.97621, 65.52804], [21.99168, 65.53088], [22.00848, 65.53105], [22.02406, 65.52851], [22.03604, 65.52365], [22.04259, 65.51722], [22.04272, 65.51019], [22.03642, 65.50364]]]}}, {"type": "Feature", "properties": {"name": "Venesatama", "layer": "exclusions", "kind": "harbour"}, "geometry": {"type": "Polygon", "coordinates": [[[28.52105, 65.7399], [28.50796, 65.73532], [28.49172, 65.73311], [28.4748, 65.7336], [28.45977, 65.73674], [28.44891, 65.74203], [28.44387, 65.74868], [28.44544, 65.75566], [28.45338, 65.76193], [28.46647, 65.76652], [28.48273, 65.76873], [28.49967, 65.76823], [28.51472, 65.7651], [28.52558, 65.7598], [28.53059, 65.75315], [28.529, 65.74616], [28.52105, 65.7399]]]}}, {"type": "Feature", "properties": {"name": "Norrby paadisadam", "layer": "exclusions", "kind": "harbour"}, "geometry": {"type": "Polygon", "coordinates": [[[23.38655, 59.01022], [23.37694, 59.00523], [23.36438, 59.0025], [23.35078, 59.00245], [23.33822, 59.00507], [23.32861, 59.00998], [23.32341, 59.01642], [23.3234, 59.02342], [23.3286, 59.02991], [23.33822, 59.0349], [23.35079, 59.03763], [23.3644, 59.03768], [23.37697, 59.03506], [23.38658, 59.03014], [23.39178, 59.0237], [23.39177, 59.0167], [23.38655, 59.01022]]]}}, {"type": "Feature", "properties": {"name": "Kiirassaare sadam", "layer": "exclusions", "kind": "harbour"}, "geometry": {"type": "Polygon", "coordinates": [[[22.02533, 58.33908], [22.0161, 58.334], [22.00389, 58.33114], [21.99057, 58.33095], [21.97814, 58.33345], [21.96852, 58.33826], [21.96315, 58.34465], [21.96287, 58.35165], [21.96771, 58.35819], [21.97694, 58.36328], [21.98916, 58.36613], [22.0025, 58.36633], [22.01493, 58.36383], [22.02455, 58.35901], [22.02991, 58.35262], [22.03018, 58.34562], [22.02533, 58.33908]]]}}, {"type": "Feature", "properties": {"name": "Kanavaniemen venesatama", "layer": "exclusions", "kind": "harbour"}, "geometry": {"type": "Polygon", "coordinates": [[[25.56212, 61.1609], [25.55149, 61.15608], [25.53789, 61.15356], [25.5234, 61.15374], [25.51021, 61.15657], [25.50033, 61.16164], [25.49527, 61.16817], [25.49579, 61.17516], [25.50183, 61.18156], [25.51247, 61.18639], [25.52608, 61.1889], [25.54059, 61.18873], [25.55379, 61.18589], [25.56367, 61.18082], [25.56872, 61.17429], [25.56817, 61.1673], [25.56212, 61.1609]]]}}, {"type": "Feature", "properties": {"name": "Vartiopolun venesatama", "layer": "exclusions", "kind": "harbour"}, "geometry": {"type": "Polygon", "coordinates": [[[25.58209, 61.16723], [25.57145, 61.16241], [25.55785, 61.15989], [25.54335, 61.16007], [25.53016, 61.1629], [25.52028, 61.16797], [25.51522, 61.1745], [25.51576, 61.1815], [25.5218, 61.18789], [25.53244, 61.19272], [25.54605, 61.19523], [25.56057, 61.19506], [25.57377, 61.19222], [25.58365, 61.18715], [25.58869, 61.18062], [25.58815, 61.17362], [25.58209, 61.16723]]]}}, {"type": "Feature", "properties": {"name": "Männistönranta", "layer": "exclusions", "kind": "harbour"}, "geometry": {"type": "Polygon", "coordinates": [[[25.60061, 61.16145], [25.58997, 61.15663], [25.57637, 61.15411], [25.56187, 61.15429], [25.54869, 61.15713], [25.53882, 61.1622], [25.53376, 61.16873], [25.5343, 61.17572], [25.54034, 61.18212], [25.55098, 61.18694], [25.5646, 61.18946], [25.57911, 61.18928], [25.59231, 61.18644], [25.60218, 61.18137], [25.60722, 61.17483], [25.60667, 61.16784], [25.60061, 61.16145]]]}}, {"type": "Feature", "properties": {"name": "Nässkatan", "layer": "exclusions", "kind": "harbour"}, "geometry": {"type": "Polygon", "coordinates": [[[22.9269, 65.77859], [22.91483, 65.77357], [22.89912, 65.77082], [22.88216, 65.77074], [22.86652, 65.77337], [22.85459, 65.77828], [22.84818, 65.78475], [22.84826, 65.79177], [22.85484, 65.7983], [22.86692, 65.80332], [22.88264, 65.80608], [22.89963, 65.80615], [22.91528, 65.80353], [22.92721, 65.79861], [22.93361, 65.79214], [22.9335, 65.78511], [22.9269, 65.77859]]]}}, {"type": "Feature", "properties": {"name": "Messilän venesatama", "layer": "exclusions", "kind": "harbour"}, "geometry": {"type": "Polygon", "coordinates": [[[25.59338, 61.01014], [25.58279, 61.00532], [25.56926, 61.0028], [25.55483, 61.00298], [25.5417, 61.00581], [25.53187, 61.01088], [25.52683, 61.01741], [25.52736, 61.0244], [25.53337, 61.0308], [25.54396, 61.03562], [25.5575, 61.03814], [25.57195, 61.03797], [25.58509, 61.03513], [25.59492, 61.03005], [25.59994, 61.02352], [25.5994, 61.01653], [25.59338, 61.01014]]]}}, {"type": "Feature", "properties": {"name": "exclusions-359", "layer": "exclusions", "kind": "harbour"}, "geometry": {"type": "Polygon", "coordinates": [[[26.04629, 61.19997], [26.03557, 61.19519], [26.02192, 61.19272], [26.0074, 61.19294], [25.99424, 61.19582], [25.98442, 61.20091], [25.97945, 61.20746], [25.98009, 61.21445], [25.98623, 61.22083], [25.99695, 61.22562], [26.01062, 61.22809], [26.02515, 61.22787], [26.03833, 61.22498], [26.04814, 61.21988], [26.0531, 61.21334], [26.05245, 61.20634], [26.04629, 61.19997]]]}}, {"type": "Feature", "properties": {"name": "Kasalan kalasatama", "layer": "exclusions", "kind": "harbour"}, "geometry": {"type": "Polygon", "coordinates": [[[21.3788, 61.93454], [21.36857, 61.92941], [21.355, 61.9265], [21.34017, 61.92626], [21.32633, 61.92872], [21.31558, 61.9335], [21.30956, 61.93988], [21.30919, 61.94689], [21.31453, 61.95346], [21.32476, 61.95859], [21.33833, 61.9615], [21.35318, 61.96174], [21.36703, 61.95929], [21.37778, 61.9545], [21.38379, 61.94812], [21.38415, 61.94111], [21.3788, 61.93454]]]}}, {"type": "Feature", "properties": {"name": "Kütioja sadam", "layer": "exclusions", "kind": "harbour"}, "geometry": {"type": "Polygon", "coordinates": [[[23.72009, 58.49474], [23.71057, 58.48978], [23.69817, 58.48708], [23.68477, 58.48706], [23.67242, 58.48971], [23.66298, 58.49464], [23.65789, 58.50109], [23.65794, 58.50809], [23.66312, 58.51456], [23.67264, 58.51953], [23.68505, 58.52223], [23.69846, 58.52226], [23.71082, 58.5196], [23.72026, 58.51467], [23.72534, 58.50821], [23.72527, 58.50122], [23.72009, 58.49474]]]}}, {"type": "Feature", "properties": {"name": "exclusions-362", "layer": "exclusions", "kind": "harbour"}, "geometry": {"type": "Polygon", "coordinates": [[[24.75869, 59.44332], [24.74874, 59.43844], [24.73591, 59.43584], [24.72214, 59.43592], [24.70953, 59.43867], [24.7, 59.44368], [24.69499, 59.45017], [24.69528, 59.45716], [24.70081, 59.4636], [24.71076, 59.46848], [24.72361, 59.47108], [24.73739, 59.471], [24.75001, 59.46825], [24.75954, 59.46324], [24.76454, 59.45674], [24.76424, 59.44975], [24.75869, 59.44332]]]}}, {"type": "Feature", "properties": {"name": "exclusions-363", "layer": "exclusions", "kind": "harbour"}, "geometry": {"type": "Polygon", "coordinates": [[[26.21018, 61.07372], [26.19948, 61.06895], [26.18586, 61.0665], [26.17141, 61.06673], [26.15831, 61.06963], [26.14855, 61.07474], [26.14363, 61.08128], [26.14429, 61.08828], [26.15044, 61.09464], [26.16115, 61.09942], [26.17477, 61.10188], [26.18924, 61.10164], [26.20235, 61.09874], [26.21211, 61.09363], [26.21702, 61.08708], [26.21634, 61.08009], [26.21018, 61.07372]]]}}, {"type": "Feature", "properties": {"name": "Kaunissaaren vierasvenesatama", "layer": "exclusions", "kind": "harbour"}, "geometry": {"type": "Polygon", "coordinates": [[[25.38247, 60.15807], [25.37221, 60.15323], [25.35904, 60.15069], [25.34498, 60.15084], [25.33216, 60.15365], [25.32253, 60.1587], [25.31756, 60.16522], [25.318, 60.17221], [25.3238, 60.17862], [25.33406, 60.18346], [25.34724, 60.186], [25.36131, 60.18585], [25.37414, 60.18303], [25.38377, 60.17798], [25.38874, 60.17146], [25.38828, 60.16447], [25.38247, 60.15807]]]}}, {"type": "Feature", "properties": {"name": "База отдыха Соколинское", "layer": "exclusions", "kind": "harbour"}, "geometry": {"type": "Polygon", "coordinates": [[[28.742, 60.64819], [28.73108, 60.64362], [28.71745, 60.6414], [28.7032, 60.64189], [28.69048, 60.64501], [28.68123, 60.65028], [28.67686, 60.6569], [28.67804, 60.66387], [28.68459, 60.67012], [28.69552, 60.6747], [28.70915, 60.67691], [28.72343, 60.67642], [28.73615, 60.6733], [28.7454, 60.66803], [28.74976, 60.6614], [28.74856, 60.65444], [28.742, 60.64819]]]}}, {"type": "Feature", "properties": {"name": "Henkilökunnan venepaikat", "layer": "exclusions", "kind": "harbour"}, "geometry": {"type": "Polygon", "coordinates": [[[23.72939, 61.47389], [23.71893, 61.46893], [23.70536, 61.46624], [23.69072, 61.46623], [23.67726, 61.4689], [23.66701, 61.47385], [23.66154, 61.48031], [23.66167, 61.48732], [23.66741, 61.4938], [23.67786, 61.49876], [23.69145, 61.50145], [23.7061, 61.50146], [23.71958, 61.49879], [23.72983, 61.49384], [23.73529, 61.48737], [23.73514, 61.48037], [23.72939, 61.47389]]]}}, {"type": "Feature", "properties": {"name": "exclusions-367", "layer": "exclusions", "kind": "harbour"}, "geometry": {"type": "Polygon", "coordinates": [[[21.23678, 62.60016], [21.22634, 62.59502], [21.21249, 62.5921], [21.19734, 62.59185], [21.18319, 62.59429], [21.17219, 62.59907], [21.16603, 62.60544], [21.16563, 62.61246], [21.17106, 62.61904], [21.18151, 62.62418], [21.19537, 62.6271], [21.21054, 62.62736], [21.2247, 62.62491], [21.2357, 62.62013], [21.24185, 62.61375], [21.24223, 62.60673], [21.23678, 62.60016]]]}}, {"type": "Feature", "properties": {"name": "Vierassatama", "layer": "exclusions", "kind": "harbour"}, "geometry": {"type": "Polygon", "coordinates": [[[21.21117, 62.9378], [21.2006, 62.93266], [21.18659, 62.92973], [21.17127, 62.92948], [21.15697, 62.93192], [21.14585, 62.9367], [21.13962, 62.94308], [21.13922, 62.95009], [21.14471, 62.95667], [21.15528, 62.96181], [21.1693, 62.96474], [21.18464, 62.965], [21.19895, 62.96255], [21.21007, 62.95777], [21.21629, 62.95139], [21.21668, 62.94437], [21.21117, 62.9378]]]}}, {"type": "Feature", "properties": {"name": "Karkun veneranta", "layer": "exclusions", "kind": "harbour"}, "geometry": {"type": "Polygon", "coordinates": [[[23.08064, 61.43213], [23.0703, 61.42712], [23.0568, 61.42437], [23.04218, 61.4243], [23.02869, 61.42691], [23.01835, 61.43181], [23.01275, 61.43825], [23.01275, 61.44526], [23.01834, 61.45176], [23.02868, 61.45677], [23.04219, 61.45952], [23.05682, 61.4596], [23.07033, 61.45699], [23.08066, 61.45208], [23.08625, 61.44564], [23.08624, 61.43863], [23.08064, 61.43213]]]}}, {"type": "Feature", "properties": {"name": "Kõinast paadisadam", "layer": "exclusions", "kind": "harbour"}, "geometry": {"type": "Polygon", "coordinates": [[[23.03794, 58.62143], [23.02849, 58.61642], [23.01609, 58.61366], [23.00265, 58.61357], [22.99021, 58.61616], [22.98064, 58.62104], [22.97542, 58.62747], [22.97534, 58.63447], [22.98041, 58.64097], [22.98987, 58.64598], [23.00227, 58.64875], [23.01572, 58.64884], [23.02818, 58.64624], [23.03774, 58.64136], [23.04295, 58.63493], [23.04302, 58.62793], [23.03794, 58.62143]]]}}, {"type": "Feature", "properties": {"name": "exclusions-371", "layer": "exclusions", "kind": "harbour"}, "geometry": {"type": "Polygon", "coordinates": [[[25.95277, 63.60164], [25.94113, 63.59685], [25.92634, 63.59438], [25.91065, 63.59461], [25.89644, 63.59749], [25.88587, 63.6026], [25.88055, 63.60916], [25.8813, 63.61616], [25.888, 63.62254], [25.89964, 63.62734], [25.91445, 63.62981], [25.93016, 63.62958], [25.94438, 63.62669], [25.95495, 63.62158], [25.96025, 63.61503], [25.95949, 63.60802], [25.95277, 63.60164]]]}}, {"type": "Feature", "properties": {"name": "Tackork Gästhamn", "layer": "exclusions", "kind": "harbour"}, "geometry": {"type": "Polygon", "coordinates": [[[21.77623, 60.16654], [21.76651, 60.16144], [21.75365, 60.15857], [21.7396, 60.15835], [21.72651, 60.16084], [21.71636, 60.16564], [21.7107, 60.17203], [21.71039, 60.17903], [21.71548, 60.18558], [21.7252, 60.19069], [21.73808, 60.19356], [21.75214, 60.19377], [21.76524, 60.19129], [21.77539, 60.18648], [21.78104, 60.18009], [21.78134, 60.17309], [21.77623, 60.16654]]]}}, {"type": "Feature", "properties": {"name": "Kappelisatama", "layer": "exclusions", "kind": "harbour"}, "geometry": {"type": "Polygon", "coordinates": [[[22.96035, 59.82556], [22.95055, 59.82054], [22.93772, 59.81778], [22.9238, 59.81769], [22.91092, 59.82028], [22.90103, 59.82516], [22.89564, 59.83159], [22.89557, 59.83859], [22.90083, 59.8451], [22.91063, 59.85012], [22.92348, 59.85288], [22.9374, 59.85298], [22.9503, 59.85038], [22.96018, 59.8455], [22.96556, 59.83906], [22.96562, 59.83206], [22.96035, 59.82556]]]}}, {"type": "Feature", "properties": {"name": "Laukontorin satama", "layer": "exclusions", "kind": "harbour"}, "geometry": {"type": "Polygon", "coordinates": [[[23.79292, 61.48487], [23.78245, 61.47991], [23.76886, 61.47723], [23.75422, 61.47723], [23.74075, 61.4799], [23.73051, 61.48485], [23.72505, 61.49132], [23.7252, 61.49832], [23.73095, 61.5048], [23.74142, 61.50976], [23.75502, 61.51244], [23.76968, 61.51244], [23.78315, 61.50977], [23.79339, 61.50481], [23.79885, 61.49834], [23.79868, 61.49134], [23.79292, 61.48487]]]}}, {"type": "Feature", "properties": {"name": "Причал", "layer": "exclusions", "kind": "harbour"}, "geometry": {"type": "Polygon", "coordinates": [[[29.7581, 60.72366], [29.747, 60.71916], [29.73327, 60.71705], [29.71899, 60.71764], [29.70634, 60.72085], [29.69723, 60.72618], [29.69306, 60.73283], [29.69446, 60.73978], [29.70122, 60.74598], [29.71232, 60.75048], [29.72607, 60.7526], [29.74036, 60.752], [29.75303, 60.74879], [29.76213, 60.74346], [29.76629, 60.73681], [29.76487, 60.72985], [29.7581, 60.72366]]]}}, {"type": "Feature", "properties": {"name": "Причал", "layer": "exclusions", "kind": "harbour"}, "geometry": {"type": "Polygon", "coordinates": [[[29.75736, 60.72378], [29.74626, 60.71929], [29.73253, 60.71718], [29.71825, 60.71777], [29.70559, 60.72097], [29.69649, 60.72631], [29.69231, 60.73296], [29.69371, 60.73991], [29.70048, 60.74611], [29.71158, 60.75061], [29.72532, 60.75272], [29.73962, 60.75213], [29.75228, 60.74892], [29.76139, 60.74358], [29.76554, 60.73693], [29.76413, 60.72998], [29.75736, 60.72378]]]}}, {"type": "Feature", "properties": {"name": "Lidö Naturhamn", "layer": "exclusions", "kind": "anchorage"}, "geometry": {"type": "Polygon", "coordinates": [[[19.10451, 59.77253], [19.09992, 59.76989], [19.09368, 59.76833], [19.08676, 59.7681], [19.0802, 59.76921], [19.075, 59.77152], [19.07196, 59.77466], [19.07153, 59.77816], [19.07378, 59.78148], [19.07838, 59.78412], [19.08461, 59.78568], [19.09154, 59.78592], [19.0981, 59.7848], [19.1033, 59.78249], [19.10635, 59.77935], [19.10677, 59.77586], [19.10451, 59.77253]]]}}, {"type": "Feature", "properties": {"name": "exclusions-378", "layer": "exclusions", "kind": "harbour"}, "geometry": {"type": "Polygon", "coordinates": [[[26.13897, 61.72807], [26.12805, 61.72329], [26.11415, 61.72083], [26.0994, 61.72106], [26.08603, 61.72396], [26.07607, 61.72906], [26.07106, 61.73561], [26.07174, 61.74261], [26.07802, 61.74898], [26.08895, 61.75376], [26.10286, 61.75622], [26.11763, 61.75599], [26.13101, 61.75309], [26.14096, 61.74798], [26.14597, 61.74143], [26.14527, 61.73444], [26.13897, 61.72807]]]}}, {"type": "Feature", "properties": {"name": "exclusions-379", "layer": "exclusions", "kind": "harbour"}, "geometry": {"type": "Polygon", "coordinates": [[[28.48835, 61.35359], [28.47721, 61.349], [28.46329, 61.34676], [28.44872, 61.34723], [28.43571, 61.35033], [28.42624, 61.35559], [28.42175, 61.36221], [28.42292, 61.36918], [28.42959, 61.37544], [28.44074, 61.38004], [28.45467, 61.38227], [28.46926, 61.38181], [28.48228, 61.3787], [28.49174, 61.37344], [28.49622, 61.36682], [28.49503, 61.35985], [28.48835, 61.35359]]]}}, {"type": "Feature", "properties": {"name": "exclusions-380", "layer": "exclusions", "kind": "harbour"}, "geometry": {"type": "Polygon", "coordinates": [[[23.30735, 61.76285], [23.29686, 61.75786], [23.28319, 61.75513], [23.26843, 61.75508], [23.25481, 61.75771], [23.24441, 61.76263], [23.2388, 61.76908], [23.23886, 61.77609], [23.24456, 61.78258], [23.25505, 61.78757], [23.26873, 61.7903], [23.28351, 61.79036], [23.29715, 61.78772], [23.30755, 61.7828], [23.31314, 61.77634], [23.31307, 61.76934], [23.30735, 61.76285]]]}}, {"type": "Feature", "properties": {"name": "Virtsu sadam", "layer": "exclusions", "kind": "harbour"}, "geometry": {"type": "Polygon", "coordinates": [[[23.53469, 58.56521], [23.52518, 58.56024], [23.51277, 58.55752], [23.49934, 58.55748], [23.48695, 58.56012], [23.47747, 58.56503], [23.47234, 58.57148], [23.47236, 58.57848], [23.47751, 58.58496], [23.48702, 58.58994], [23.49944, 58.59266], [23.51288, 58.5927], [23.52528, 58.59006], [23.53476, 58.58514], [23.53988, 58.57869], [23.53985, 58.57169], [23.53469, 58.56521]]]}}, {"type": "Feature", "properties": {"name": "Kuivastu sadam", "layer": "exclusions", "kind": "harbour"}, "geometry": {"type": "Polygon", "coordinates": [[[23.42366, 58.56412], [23.41417, 58.55913], [23.40177, 58.55641], [23.38835, 58.55635], [23.37594, 58.55898], [23.36645, 58.56389], [23.3613, 58.57033], [23.36129, 58.57733], [23.36643, 58.58382], [23.37592, 58.5888], [23.38833, 58.59153], [23.40177, 58.59158], [23.41418, 58.58896], [23.42368, 58.58404], [23.42881, 58.5776], [23.42881, 58.5706], [23.42366, 58.56412]]]}}, {"type": "Feature", "properties": {"name": "exclusions-383", "layer": "exclusions", "kind": "harbour"}, "geometry": {"type": "Polygon", "coordinates": [[[21.4758, 61.61975], [21.46566, 61.61463], [21.45222, 61.61173], [21.43754, 61.6115], [21.42384, 61.61396], [21.41321, 61.61875], [21.40726, 61.62513], [21.40691, 61.63214], [21.4122, 61.63871], [21.42234, 61.64383], [21.43579, 61.64673], [21.45049, 61.64697], [21.4642, 61.6445], [21.47483, 61.63971], [21.48077, 61.63333], [21.48111, 61.62632], [21.4758, 61.61975]]]}}, {"type": "Feature", "properties": {"name": "exclusions-384", "layer": "exclusions", "kind": "harbour"}, "geometry": {"type": "Polygon", "coordinates": [[[21.4665, 61.62166], [21.45636, 61.61654], [21.44293, 61.61364], [21.42824, 61.6134], [21.41454, 61.61587], [21.40391, 61.62065], [21.39796, 61.62703], [21.3976, 61.63404], [21.40289, 61.64061], [21.41303, 61.64573], [21.42648, 61.64864], [21.44118, 61.64887], [21.45489, 61.64641], [21.46553, 61.64162], [21.47147, 61.63523], [21.47181, 61.62823], [21.4665, 61.62166]]]}}, {"type": "Feature", "properties": {"name": "exclusions-385", "layer": "exclusions", "kind": "harbour"}, "geometry": {"type": "Polygon", "coordinates": [[[21.46783, 61.60764], [21.4577, 61.60252], [21.44427, 61.59962], [21.42959, 61.59939], [21.4159, 61.60185], [21.40527, 61.60663], [21.39932, 61.61302], [21.39896, 61.62003], [21.40425, 61.62659], [21.41439, 61.63172], [21.42783, 61.63462], [21.44252, 61.63486], [21.45623, 61.63239], [21.46686, 61.6276], [21.4728, 61.62122], [21.47314, 61.61421], [21.46783, 61.60764]]]}}, {"type": "Feature", "properties": {"name": "exclusions-386", "layer": "exclusions", "kind": "harbour"}, "geometry": {"type": "Polygon", "coordinates": [[[21.48079, 61.65908], [21.47064, 61.65396], [21.45719, 61.65107], [21.44249, 61.65083], [21.42877, 61.65329], [21.41813, 61.65808], [21.41217, 61.66446], [21.41182, 61.67147], [21.41712, 61.67804], [21.42728, 61.68316], [21.44074, 61.68606], [21.45546, 61.6863], [21.46918, 61.68383], [21.47983, 61.67904], [21.48577, 61.67266], [21.48611, 61.66565], [21.48079, 61.65908]]]}}, {"type": "Feature", "properties": {"name": "Viholan Vierasvenesatama", "layer": "exclusions", "kind": "harbour"}, "geometry": {"type": "Polygon", "coordinates": [[[23.56087, 61.45179], [23.55045, 61.44682], [23.5369, 61.44411], [23.52227, 61.44409], [23.5088, 61.44674], [23.49854, 61.45167], [23.49303, 61.45813], [23.49313, 61.46514], [23.49883, 61.47162], [23.50925, 61.4766], [23.52281, 61.4793], [23.53745, 61.47933], [23.55093, 61.47667], [23.5612, 61.47174], [23.56669, 61.46527], [23.56658, 61.45827], [23.56087, 61.45179]]]}}, {"type": "Feature", "properties": {"name": "Arboretumin laituri", "layer": "exclusions", "kind": "harbour"}, "geometry": {"type": "Polygon", "coordinates": [[[23.77871, 61.47333], [23.76824, 61.46837], [23.75466, 61.46569], [23.74003, 61.46568], [23.72657, 61.46836], [23.71632, 61.4733], [23.71086, 61.47977], [23.71101, 61.48678], [23.71675, 61.49325], [23.72722, 61.49821], [23.74081, 61.5009], [23.75546, 61.5009], [23.76893, 61.49822], [23.77917, 61.49327], [23.78463, 61.4868], [23.78446, 61.4798], [23.77871, 61.47333]]]}}, {"type": "Feature", "properties": {"name": "Rohdainen kirkonranta", "layer": "exclusions", "kind": "harbour"}, "geometry": {"type": "Polygon", "coordinates": [[[21.47078, 60.93742], [21.46086, 60.9323], [21.44771, 60.9294], [21.43334, 60.92916], [21.41992, 60.93162], [21.4095, 60.9364], [21.40366, 60.94278], [21.4033, 60.94979], [21.40847, 60.95635], [21.41838, 60.96148], [21.43154, 60.96438], [21.44593, 60.96462], [21.45936, 60.96216], [21.46978, 60.95737], [21.47561, 60.95099], [21.47596, 60.94398], [21.47078, 60.93742]]]}}, {"type": "Feature", "properties": {"name": "exclusions-390", "layer": "exclusions", "kind": "harbour"}, "geometry": {"type": "Polygon", "coordinates": [[[21.4189, 61.93852], [21.40866, 61.93339], [21.39509, 61.93049], [21.38026, 61.93025], [21.36642, 61.93271], [21.35568, 61.93749], [21.34966, 61.94388], [21.3493, 61.95089], [21.35464, 61.95745], [21.36489, 61.96258], [21.37846, 61.96549], [21.39331, 61.96573], [21.40717, 61.96327], [21.41791, 61.95848], [21.42391, 61.95209], [21.42426, 61.94508], [21.4189, 61.93852]]]}}, {"type": "Feature", "properties": {"name": "Myllysaaren vieraslaiturit", "layer": "exclusions", "kind": "harbour"}, "geometry": {"type": "Polygon", "coordinates": [[[25.64566, 60.98475], [25.63508, 60.97993], [25.62155, 60.97742], [25.60713, 60.9776], [25.59402, 60.98045], [25.5842, 60.98552], [25.57918, 60.99205], [25.57972, 60.99904], [25.58573, 61.00544], [25.59632, 61.01026], [25.60986, 61.01277], [25.62429, 61.01259], [25.63742, 61.00974], [25.64723, 61.00467], [25.65224, 60.99813], [25.65169, 60.99114], [25.64566, 60.98475]]]}}, {"type": "Feature", "properties": {"name": "Riddarviken Arholma Nord Gästhamn", "layer": "exclusions", "kind": "harbour"}, "geometry": {"type": "Polygon", "coordinates": [[[19.15466, 59.85343], [19.14544, 59.84815], [19.13294, 59.84503], [19.11906, 59.84456], [19.10591, 59.8468], [19.09549, 59.85141], [19.08939, 59.85769], [19.08854, 59.86468], [19.09307, 59.87133], [19.10229, 59.87661], [19.1148, 59.87973], [19.12869, 59.8802], [19.14185, 59.87796], [19.15227, 59.87335], [19.15836, 59.86706], [19.1592, 59.86007], [19.15466, 59.85343]]]}}, {"type": "Feature", "properties": {"name": "Tehdassaaren vierasvenesatama", "layer": "exclusions", "kind": "harbour"}, "geometry": {"type": "Polygon", "coordinates": [[[23.53545, 61.46319], [23.52503, 61.45822], [23.51147, 61.45551], [23.49684, 61.45548], [23.48337, 61.45813], [23.47309, 61.46306], [23.46758, 61.46952], [23.46767, 61.47653], [23.47337, 61.48301], [23.48379, 61.48799], [23.49735, 61.4907], [23.512, 61.49073], [23.52549, 61.48807], [23.53576, 61.48314], [23.54126, 61.47668], [23.54115, 61.46967], [23.53545, 61.46319]]]}}, {"type": "Feature", "properties": {"name": "Turun Vierasvenesatama", "layer": "exclusions", "kind": "harbour"}, "geometry": {"type": "Polygon", "coordinates": [[[22.27492, 60.43036], [22.26504, 60.42529], [22.25203, 60.42246], [22.23787, 60.4223], [22.22471, 60.42484], [22.21455, 60.42967], [22.20895, 60.43608], [22.20874, 60.44308], [22.21398, 60.44962], [22.22386, 60.45469], [22.23689, 60.45752], [22.25106, 60.45768], [22.26423, 60.45514], [22.27439, 60.4503], [22.27998, 60.44389], [22.28017, 60.43689], [22.27492, 60.43036]]]}}, {"type": "Feature", "properties": {"name": "Sivikkalanlahden pienvenesatama", "layer": "exclusions", "kind": "harbour"}, "geometry": {"type": "Polygon", "coordinates": [[[23.71288, 61.53092], [23.70241, 61.52596], [23.68881, 61.52327], [23.67415, 61.52326], [23.66066, 61.52593], [23.65039, 61.53087], [23.6449, 61.53734], [23.64504, 61.54435], [23.65078, 61.55082], [23.66126, 61.55579], [23.67487, 61.55848], [23.68954, 61.55849], [23.70305, 61.55582], [23.71332, 61.55087], [23.71879, 61.5444], [23.71864, 61.5374], [23.71288, 61.53092]]]}}, {"type": "Feature", "properties": {"name": "Ratinan suvannon vierasvenesatama", "layer": "exclusions", "kind": "harbour"}, "geometry": {"type": "Polygon", "coordinates": [[[23.7912, 61.48419], [23.78073, 61.47923], [23.76714, 61.47655], [23.7525, 61.47655], [23.73904, 61.47922], [23.72879, 61.48417], [23.72333, 61.49064], [23.72348, 61.49764], [23.72923, 61.50412], [23.7397, 61.50908], [23.7533, 61.51176], [23.76795, 61.51177], [23.78143, 61.50909], [23.79167, 61.50414], [23.79712, 61.49766], [23.79695, 61.49066], [23.7912, 61.48419]]]}}, {"type": "Feature", "properties": {"name": "Pajasaaren venesatama", "layer": "exclusions", "kind": "harbour"}, "geometry": {"type": "Polygon", "coordinates": [[[23.78605, 61.49533], [23.77558, 61.49038], [23.76199, 61.48769], [23.74734, 61.48769], [23.73387, 61.49036], [23.72363, 61.49531], [23.71816, 61.50178], [23.71831, 61.50879], [23.72406, 61.51526], [23.73454, 61.52022], [23.74814, 61.5229], [23.7628, 61.52291], [23.77628, 61.52023], [23.78653, 61.51528], [23.79198, 61.50881], [23.79181, 61.5018], [23.78605, 61.49533]]]}}, {"type": "Feature", "properties": {"name": "Nirvon Retkisatama", "layer": "exclusions", "kind": "harbour"}, "geometry": {"type": "Polygon", "coordinates": [[[21.40061, 61.41592], [21.39055, 61.41079], [21.37721, 61.40789], [21.36262, 61.40764], [21.349, 61.4101], [21.33842, 61.41488], [21.33249, 61.42126], [21.33212, 61.42826], [21.33736, 61.43483], [21.34742, 61.43996], [21.36077, 61.44287], [21.37538, 61.44311], [21.38901, 61.44066], [21.39959, 61.43587], [21.40551, 61.42949], [21.40586, 61.42248], [21.40061, 61.41592]]]}}, {"type": "Feature", "properties": {"name": "Причал \"Отдых у воды\"", "layer": "exclusions", "kind": "harbour"}, "geometry": {"type": "Polygon", "coordinates": [[[30.88563, 61.74001], [30.87399, 61.73561], [30.85972, 61.73361], [30.845, 61.73433], [30.83207, 61.73764], [30.82289, 61.74305], [30.81886, 61.74973], [30.8206, 61.75667], [30.82784, 61.76281], [30.83949, 61.76722], [30.85377, 61.76922], [30.86851, 61.7685], [30.88145, 61.76519], [30.89062, 61.75977], [30.89464, 61.75309], [30.89289, 61.74615], [30.88563, 61.74001]]]}}, {"type": "Feature", "properties": {"name": "Otasatama", "layer": "exclusions", "kind": "harbour"}, "geometry": {"type": "Polygon", "coordinates": [[[24.83727, 60.18657], [24.83865, 60.18734], [24.84055, 60.1868], [24.83964, 60.18605], [24.83727, 60.18657]]]}}, {"type": "Feature", "properties": {"name": "Kulmakadun venesatama", "layer": "exclusions", "kind": "harbour"}, "geometry": {"type": "Polygon", "coordinates": [[[21.59004, 63.11484], [21.5879, 63.11446], [21.58764, 63.11318], [21.58617, 63.11525], [21.59004, 63.11484]]]}}, {"type": "Feature", "properties": {"name": "Hämeenlinna", "layer": "exclusions", "kind": "harbour"}, "geometry": {"type": "Polygon", "coordinates": [[[24.47073, 60.99825], [24.47013, 60.99926], [24.47071, 60.99936], [24.47073, 60.99825]]]}}, {"type": "Feature", "properties": {"name": "Haapalahti", "layer": "exclusions", "kind": "harbour"}, "geometry": {"type": "Polygon", "coordinates": [[[25.84944, 62.23966], [25.84813, 62.23928], [25.8489, 62.23817], [25.84704, 62.23843], [25.84669, 62.23928], [25.84578, 62.23865], [25.84612, 62.23925], [25.84944, 62.23966]]]}}, {"type": "Feature", "properties": {"name": "Vaasan satama", "layer": "exclusions", "kind": "harbour"}, "geometry": {"type": "Polygon", "coordinates": [[[21.57258, 63.0811], [21.55316, 63.08568], [21.55596, 63.08641], [21.55548, 63.08684], [21.55227, 63.08608], [21.55466, 63.08745], [21.55116, 63.08724], [21.55433, 63.08756], [21.55604, 63.08858], [21.54557, 63.08851], [21.55794, 63.08955], [21.56153, 63.08752], [21.572, 63.08739], [21.57174, 63.08645], [21.57483, 63.08613], [21.57597, 63.08224], [21.57258, 63.0811]]]}}, {"type": "Feature", "properties": {"name": "Otsolahden satama", "layer": "exclusions", "kind": "harbour"}, "geometry": {"type": "Polygon", "coordinates": [[[24.81816, 60.17325], [24.81474, 60.17295], [24.81464, 60.17566], [24.81816, 60.17325]]]}}, {"type": "Feature", "properties": {"name": "Kaskisten satama", "layer": "exclusions", "kind": "harbour"}, "geometry": {"type": "Polygon", "coordinates": [[[21.21529, 62.34893], [21.21685, 62.34893], [21.21657, 62.34984], [21.21495, 62.34976], [21.21446, 62.3515], [21.21865, 62.3604], [21.2155, 62.36498], [21.21953, 62.36572], [21.21892, 62.36909], [21.2212, 62.36909], [21.22332, 62.36801], [21.22013, 62.36117], [21.22162, 62.36055], [21.22263, 62.36247], [21.22473, 62.35932], [21.22171, 62.35706], [21.22279, 62.35562], [21.21978, 62.34828], [21.21529, 62.34893]]]}}, {"type": "Feature", "properties": {"name": "Vuosaaren satama", "layer": "exclusions", "kind": "harbour"}, "geometry": {"type": "Polygon", "coordinates": [[[25.17294, 60.21139], [25.17253, 60.21234], [25.17521, 60.21264], [25.17532, 60.21321], [25.17401, 60.21357], [25.17283, 60.21272], [25.1697, 60.21317], [25.16399, 60.21783], [25.17459, 60.21921], [25.17573, 60.21984], [25.17405, 60.22075], [25.17597, 60.22092], [25.17563, 60.22179], [25.17681, 60.22191], [25.17444, 60.22378], [25.17907, 60.2255], [25.19838, 60.22135], [25.19683, 60.22037], [25.2001, 60.21883], [25.19675, 60.22014], [25.19511, 60.2195], [25.20345, 60.21458], [25.20133, 60.21555], [25.20014, 60.21506], [25.20143, 60.2143], [25.19997, 60.21498], [25.1988, 60.21449], [25.20064, 60.21341], [25.19798, 60.21229], [25.18926, 60.2174], [25.18773, 60.21676], [25.19054, 60.21501], [25.18745, 60.21663], [25.18592, 60.216], [25.19505, 60.21105], [25.19212, 60.2098], [25.19295, 60.20858], [25.19599, 60.20881], [25.19601, 60.20853], [25.19237, 60.2083], [25.1843, 60.21301], [25.17294, 60.21139]]]}}, {"type": "Feature", "properties": {"name": "Vartiokylänlahden venesatama", "layer": "exclusions", "kind": "harbour"}, "geometry": {"type": "Polygon", "coordinates": [[[25.10697, 60.20592], [25.09573, 60.20471], [25.09805, 60.20522], [25.09771, 60.20764], [25.10695, 60.20798], [25.10697, 60.20592]]]}}, {"type": "Feature", "properties": {"name": "exclusions-409", "layer": "exclusions", "kind": "harbour"}, "geometry": {"type": "Polygon", "coordinates": [[[24.9669, 60.15146], [24.96719, 60.1514], [24.96697, 60.15127], [24.9669, 60.15146]]]}}, {"type": "Feature", "properties": {"name": "exclusions-410", "layer": "exclusions", "kind": "harbour"}, "geometry": {"type": "Polygon", "coordinates": [[[23.42822, 59.97831], [23.4335, 59.97766], [23.43166, 59.97652], [23.42822, 59.97831]]]}}, {"type": "Feature", "properties": {"name": "exclusions-411", "layer": "exclusions", "kind": "harbour"}, "geometry": {"type": "Polygon", "coordinates": [[[24.57205, 60.10093], [24.57141, 60.1007], [24.5707, 60.10111], [24.57205, 60.10093]]]}}, {"type": "Feature", "properties": {"name": "Pentalan veneseuralaituri", "layer": "exclusions", "kind": "harbour"}, "geometry": {"type": "Polygon", "coordinates": [[[24.67558, 60.10675], [24.67572, 60.10739], [24.67801, 60.10631], [24.67716, 60.10576], [24.67558, 60.10675]]]}}, {"type": "Feature", "properties": {"name": "Saunalahden venesatama", "layer": "exclusions", "kind": "harbour"}, "geometry": {"type": "Polygon", "coordinates": [[[24.88322, 60.19248], [24.88062, 60.19082], [24.87966, 60.19114], [24.8809, 60.19224], [24.88322, 60.19248]]]}}, {"type": "Feature", "properties": {"name": "Blindsundetin satama", "layer": "exclusions", "kind": "harbour"}, "geometry": {"type": "Polygon", "coordinates": [[[24.60302, 60.09021], [24.60206, 60.09055], [24.60498, 60.09021], [24.60386, 60.08958], [24.60302, 60.09021]]]}}, {"type": "Feature", "properties": {"name": "Koivusaaren venesatama", "layer": "exclusions", "kind": "harbour"}, "geometry": {"type": "Polygon", "coordinates": [[[24.84759, 60.16402], [24.8529, 60.16338], [24.85214, 60.16121], [24.84883, 60.16139], [24.84902, 60.16257], [24.84793, 60.16208], [24.84398, 60.16268], [24.84406, 60.16366], [24.84707, 60.16323], [24.84759, 60.16402]]]}}, {"type": "Feature", "properties": {"name": "Vanajanranta", "layer": "exclusions", "kind": "harbour"}, "geometry": {"type": "Polygon", "coordinates": [[[24.47911, 60.99464], [24.47895, 60.99454], [24.47654, 60.99481], [24.47728, 60.9954], [24.47911, 60.99464]]]}}, {"type": "Feature", "properties": {"name": "exclusions-417", "layer": "exclusions", "kind": "harbour"}, "geometry": {"type": "Polygon", "coordinates": [[[22.96025, 59.81908], [22.95813, 59.81873], [22.95601, 59.81976], [22.94677, 59.81856], [22.94678, 59.82011], [22.95036, 59.82013], [22.95617, 59.82169], [22.95408, 59.82249], [22.94707, 59.8215], [22.9485, 59.82357], [22.94713, 59.82374], [22.9478, 59.82556], [22.94905, 59.82615], [22.95124, 59.82561], [22.95446, 59.82628], [22.96509, 59.82616], [22.95771, 59.82121], [22.96025, 59.81908]]]}}, {"type": "Feature", "properties": {"name": "exclusions-418", "layer": "exclusions", "kind": "harbour"}, "geometry": {"type": "Polygon", "coordinates": [[[24.72667, 60.23269], [24.72697, 60.23285], [24.72722, 60.23278], [24.72667, 60.23269]]]}}, {"type": "Feature", "properties": {"name": "Ramsaynrannan venesatama", "layer": "exclusions", "kind": "harbour"}, "geometry": {"type": "Polygon", "coordinates": [[[24.88715, 60.19522], [24.8838, 60.19276], [24.88342, 60.19291], [24.88715, 60.19522]]]}}, {"type": "Feature", "properties": {"name": "exclusions-420", "layer": "exclusions", "kind": "harbour"}, "geometry": {"type": "Polygon", "coordinates": [[[24.91151, 60.18106], [24.90885, 60.18066], [24.90797, 60.18121], [24.90984, 60.18259], [24.91151, 60.18106]]]}}, {"type": "Feature", "properties": {"name": "Vaskilahden satama", "layer": "exclusions", "kind": "harbour"}, "geometry": {"type": "Polygon", "coordinates": [[[24.85307, 60.16216], [24.85372, 60.16325], [24.85502, 60.16288], [24.85439, 60.16184], [24.85307, 60.16216]]]}}, {"type": "Feature", "properties": {"name": "Porslahden venesatama", "layer": "exclusions", "kind": "harbour"}, "geometry": {"type": "Polygon", "coordinates": [[[25.17476, 60.20781], [25.17549, 60.20861], [25.17921, 60.20893], [25.18222, 60.20725], [25.18013, 60.20675], [25.17476, 60.20781]]]}}, {"type": "Feature", "properties": {"name": "Vuosaarenlahden venesatama", "layer": "exclusions", "kind": "harbour"}, "geometry": {"type": "Polygon", "coordinates": [[[25.18691, 60.21065], [25.19202, 60.2078], [25.18877, 60.20854], [25.18478, 60.20532], [25.18223, 60.20651], [25.18691, 60.21065]]]}}, {"type": "Feature", "properties": {"name": "Aurinkolahden venesatama", "layer": "exclusions", "kind": "harbour"}, "geometry": {"type": "Polygon", "coordinates": [[[25.15102, 60.20113], [25.15184, 60.2003], [25.14859, 60.1994], [25.14729, 60.20018], [25.15102, 60.20113]]]}}, {"type": "Feature", "properties": {"name": "Vuosaaren venekerho", "layer": "exclusions", "kind": "harbour"}, "geometry": {"type": "Polygon", "coordinates": [[[25.13757, 60.20054], [25.14034, 60.19977], [25.14022, 60.19857], [25.13604, 60.19928], [25.13757, 60.20054]]]}}, {"type": "Feature", "properties": {"name": "Kantvikin pienvenesatama", "layer": "exclusions", "kind": "harbour"}, "geometry": {"type": "Polygon", "coordinates": [[[24.38524, 60.08342], [24.38398, 60.08323], [24.38066, 60.08534], [24.38515, 60.0868], [24.38633, 60.08607], [24.38425, 60.08508], [24.38524, 60.08342]]]}}, {"type": "Feature", "properties": {"name": "Sillamäe sadam", "layer": "exclusions", "kind": "harbour"}, "geometry": {"type": "Polygon", "coordinates": [[[27.71217, 59.39494], [27.71406, 59.39974], [27.72404, 59.39963], [27.72434, 59.40235], [27.7329, 59.40509], [27.73536, 59.40815], [27.72272, 59.41227], [27.72028, 59.4147], [27.72235, 59.42227], [27.72645, 59.42368], [27.72309, 59.42213], [27.72274, 59.41899], [27.73827, 59.41873], [27.73959, 59.42627], [27.7393, 59.42313], [27.74364, 59.42265], [27.7401, 59.42273], [27.73874, 59.4159], [27.74626, 59.41196], [27.74939, 59.4078], [27.75002, 59.40451], [27.75366, 59.40305], [27.74807, 59.40276], [27.74899, 59.40368], [27.74762, 59.40462], [27.74871, 59.40533], [27.74527, 59.40755], [27.73523, 59.40347], [27.74147, 59.39947], [27.73993, 59.39883], [27.74308, 59.39682], [27.73855, 59.39492], [27.71217, 59.39494]]]}}, {"type": "Feature", "properties": {"name": "Koivuluodon venesatama", "layer": "exclusions", "kind": "harbour"}, "geometry": {"type": "Polygon", "coordinates": [[[24.22969, 65.76646], [24.22951, 65.76488], [24.22672, 65.76491], [24.2254, 65.7668], [24.22969, 65.76646]]]}}, {"type": "Feature", "properties": {"name": "Laivalahden venesatama", "layer": "exclusions", "kind": "harbour"}, "geometry": {"type": "Polygon", "coordinates": [[[25.02917, 60.18679], [25.02679, 60.18426], [25.02411, 60.18568], [25.02472, 60.18775], [25.02917, 60.18679]]]}}, {"type": "Feature", "properties": {"name": "Kipparlahden venesatama", "layer": "exclusions", "kind": "harbour"}, "geometry": {"type": "Polygon", "coordinates": [[[25.02322, 60.1901], [25.0211, 60.1898], [25.02097, 60.1906], [25.02311, 60.19091], [25.02322, 60.1901]]]}}, {"type": "Feature", "properties": {"name": "Paldiski Lõunasadam", "layer": "exclusions", "kind": "harbour"}, "geometry": {"type": "Polygon", "coordinates": [[[24.08738, 59.33149], [24.08292, 59.33254], [24.08017, 59.33499], [24.07749, 59.33489], [24.07738, 59.33284], [24.07905, 59.33176], [24.07769, 59.33206], [24.07468, 59.33431], [24.07457, 59.33667], [24.06799, 59.34034], [24.08203, 59.33866], [24.08408, 59.33773], [24.08354, 59.33625], [24.08187, 59.33652], [24.08193, 59.33455], [24.08432, 59.33445], [24.08455, 59.33506], [24.09061, 59.33455], [24.0948, 59.33273], [24.09403, 59.33138], [24.08738, 59.33149]]]}}, {"type": "Feature", "properties": {"name": "exclusions-432", "layer": "exclusions", "kind": "harbour"}, "geometry": {"type": "Polygon", "coordinates": [[[24.8207, 59.50132], [24.81828, 59.49879], [24.81533, 59.50003], [24.81379, 59.49927], [24.8155, 59.49773], [24.81351, 59.49925], [24.81456, 59.49986], [24.81308, 59.50056], [24.80912, 59.49826], [24.81144, 59.49968], [24.81129, 59.50057], [24.81606, 59.5031], [24.8207, 59.50132]]]}}, {"type": "Feature", "properties": {"name": "Strömsinlahden venesatama", "layer": "exclusions", "kind": "harbour"}, "geometry": {"type": "Polygon", "coordinates": [[[25.06358, 60.19658], [25.06371, 60.19778], [25.06823, 60.19783], [25.0681, 60.19621], [25.06358, 60.19658]]]}}, {"type": "Feature", "properties": {"name": "Vartiokylän Venekerho", "layer": "exclusions", "kind": "harbour"}, "geometry": {"type": "Polygon", "coordinates": [[[25.11623, 60.21454], [25.1177, 60.21554], [25.11934, 60.21447], [25.11758, 60.21319], [25.11623, 60.21454]]]}}, {"type": "Feature", "properties": {"name": "Laajalahden venesatama", "layer": "exclusions", "kind": "harbour"}, "geometry": {"type": "Polygon", "coordinates": [[[24.82812, 60.2037], [24.83273, 60.20251], [24.83198, 60.20182], [24.82954, 60.20294], [24.82831, 60.20272], [24.82812, 60.2037]]]}}, {"type": "Feature", "properties": {"name": "Meri-Rastilan venesatama", "layer": "exclusions", "kind": "harbour"}, "geometry": {"type": "Polygon", "coordinates": [[[25.11111, 60.20526], [25.11065, 60.20552], [25.11291, 60.20655], [25.11385, 60.20572], [25.1131, 60.20617], [25.11111, 60.20526]]]}}, {"type": "Feature", "properties": {"name": "Pursilahdenallas", "layer": "exclusions", "kind": "harbour"}, "geometry": {"type": "Polygon", "coordinates": [[[25.14729, 60.20018], [25.14658, 60.19992], [25.14563, 60.20067], [25.14729, 60.20018]]]}}, {"type": "Feature", "properties": {"name": "Mustalahden venesatama", "layer": "exclusions", "kind": "harbour"}, "geometry": {"type": "Polygon", "coordinates": [[[25.1645, 60.20219], [25.16441, 60.20167], [25.16082, 60.20058], [25.16039, 60.20134], [25.1645, 60.20219]]]}}, {"type": "Feature", "properties": {"name": "Kalajoen Satama", "layer": "exclusions", "kind": "harbour"}, "geometry": {"type": "Polygon", "coordinates": [[[23.71997, 64.22079], [23.71991, 64.22257], [23.72348, 64.22378], [23.72366, 64.22254], [23.72155, 64.2212], [23.72263, 64.21968], [23.7197, 64.21882], [23.71787, 64.21955], [23.71623, 64.21929], [23.71724, 64.21644], [23.71562, 64.21578], [23.71252, 64.21784], [23.70908, 64.21707], [23.70624, 64.22155], [23.70616, 64.22479], [23.7076, 64.2251], [23.71824, 64.22019], [23.71997, 64.22079]]]}}, {"type": "Feature", "properties": {"name": "Pikku Kallahden venesatama", "layer": "exclusions", "kind": "harbour"}, "geometry": {"type": "Polygon", "coordinates": [[[25.14163, 60.19805], [25.14099, 60.19816], [25.14132, 60.19882], [25.14163, 60.19805]]]}}, {"type": "Feature", "properties": {"name": "причал №107, 106", "layer": "exclusions", "kind": "harbour"}, "geometry": {"type": "Polygon", "coordinates": [[[30.19086, 59.87802], [30.18963, 59.87742], [30.18421, 59.87986], [30.18448, 59.88079], [30.19086, 59.87802]]]}}, {"type": "Feature", "properties": {"name": "Морской рыбный порт", "layer": "exclusions", "kind": "harbour"}, "geometry": {"type": "Polygon", "coordinates": [[[30.20702, 59.87101], [30.21754, 59.86812], [30.21644, 59.86714], [30.21868, 59.86654], [30.21809, 59.86599], [30.21032, 59.86781], [30.21237, 59.86597], [30.2094, 59.86657], [30.20589, 59.87008], [30.20702, 59.87101]]]}}, {"type": "Feature", "properties": {"name": "Vanasadama Jahisadam", "layer": "exclusions", "kind": "harbour"}, "geometry": {"type": "Polygon", "coordinates": [[[24.75845, 59.44131], [24.75752, 59.44274], [24.761, 59.44333], [24.75845, 59.44131]]]}}, {"type": "Feature", "properties": {"name": "Mustikkamaan venesatama", "layer": "exclusions", "kind": "harbour"}, "geometry": {"type": "Polygon", "coordinates": [[[24.99381, 60.183], [24.99616, 60.18283], [24.99541, 60.18253], [24.99381, 60.183]]]}}, {"type": "Feature", "properties": {"name": "Kaunissaari", "layer": "exclusions", "kind": "harbour"}, "geometry": {"type": "Polygon", "coordinates": [[[25.3527, 60.16794], [25.35184, 60.16931], [25.35424, 60.1683], [25.3527, 60.16794]]]}}, {"type": "Feature", "properties": {"name": "Hietasaaren veneilykeskus", "layer": "exclusions", "kind": "harbour"}, "geometry": {"type": "Polygon", "coordinates": [[[25.43178, 65.01547], [25.43249, 65.01639], [25.43814, 65.01636], [25.43958, 65.01547], [25.43571, 65.01376], [25.43178, 65.01547]]]}}, {"type": "Feature", "properties": {"name": "Seelari", "layer": "exclusions", "kind": "harbour"}, "geometry": {"type": "Polygon", "coordinates": [[[25.4428, 65.02284], [25.44236, 65.02182], [25.43914, 65.02094], [25.43617, 65.02107], [25.4387, 65.0232], [25.4428, 65.02284]]]}}, {"type": "Feature", "properties": {"name": "Sorsasaaren venelaituri", "layer": "exclusions", "kind": "harbour"}, "geometry": {"type": "Polygon", "coordinates": [[[25.43849, 65.0206], [25.43806, 65.02071], [25.43817, 65.0208], [25.43849, 65.0206]]]}}, {"type": "Feature", "properties": {"name": "Granudden marina", "layer": "exclusions", "kind": "harbour"}, "geometry": {"type": "Polygon", "coordinates": [[[22.13571, 65.56119], [22.13155, 65.56181], [22.1314, 65.56265], [22.1398, 65.56258], [22.14368, 65.56174], [22.14157, 65.56009], [22.13553, 65.56015], [22.13571, 65.56119]]]}}, {"type": "Feature", "properties": {"name": "Sarvastonvalkama", "layer": "exclusions", "kind": "harbour"}, "geometry": {"type": "Polygon", "coordinates": [[[25.06056, 60.16761], [25.06339, 60.16655], [25.06246, 60.16541], [25.05982, 60.16537], [25.05605, 60.16668], [25.05721, 60.16789], [25.05881, 60.16769], [25.0574, 60.16811], [25.05887, 60.16966], [25.06051, 60.16914], [25.06056, 60.16761]]]}}, {"type": "Feature", "properties": {"name": "Tahvonlahden venekerho", "layer": "exclusions", "kind": "harbour"}, "geometry": {"type": "Polygon", "coordinates": [[[25.03454, 60.16628], [25.03412, 60.16544], [25.03365, 60.16611], [25.03454, 60.16628]]]}}, {"type": "Feature", "properties": {"name": "Hopeasalmen telakka", "layer": "exclusions", "kind": "harbour"}, "geometry": {"type": "Polygon", "coordinates": [[[25.00039, 60.18079], [24.9987, 60.18116], [24.99984, 60.18218], [25.00146, 60.18179], [25.00039, 60.18079]]]}}, {"type": "Feature", "properties": {"name": "Paldiski Põhjasadam", "layer": "exclusions", "kind": "harbour"}, "geometry": {"type": "Polygon", "coordinates": [[[24.0458, 59.35438], [24.05082, 59.35228], [24.05389, 59.3491], [24.05156, 59.34825], [24.04685, 59.35143], [24.04702, 59.35011], [24.04263, 59.35495], [24.03679, 59.35415], [24.04233, 59.35543], [24.04179, 59.35692], [24.04312, 59.35715], [24.0458, 59.35438]]]}}, {"type": "Feature", "properties": {"name": "Sapokan vierassatama", "layer": "exclusions", "kind": "harbour"}, "geometry": {"type": "Polygon", "coordinates": [[[26.94784, 60.45894], [26.94539, 60.45839], [26.94476, 60.45677], [26.9427, 60.45807], [26.95165, 60.46084], [26.95556, 60.45859], [26.9567, 60.4566], [26.95106, 60.45622], [26.95174, 60.4578], [26.94784, 60.45894]]]}}, {"type": "Feature", "properties": {"name": "Meritullin vierassatama", "layer": "exclusions", "kind": "harbour"}, "geometry": {"type": "Polygon", "coordinates": [[[25.46116, 65.01395], [25.46061, 65.01359], [25.45932, 65.01395], [25.46116, 65.01395]]]}}, {"type": "Feature", "properties": {"name": "Raatin venesatama", "layer": "exclusions", "kind": "harbour"}, "geometry": {"type": "Polygon", "coordinates": [[[25.46435, 65.01851], [25.46415, 65.01781], [25.46136, 65.01798], [25.46159, 65.01864], [25.46435, 65.01851]]]}}, {"type": "Feature", "properties": {"name": "exclusions-457", "layer": "exclusions", "kind": "harbour"}, "geometry": {"type": "Polygon", "coordinates": [[[25.4254, 65.03645], [25.42454, 65.03626], [25.42278, 65.03774], [25.4254, 65.03645]]]}}, {"type": "Feature", "properties": {"name": "Hollihaan venesatama", "layer": "exclusions", "kind": "harbour"}, "geometry": {"type": "Polygon", "coordinates": [[[25.45092, 65.00792], [25.44789, 65.00841], [25.45357, 65.01011], [25.45416, 65.00942], [25.45092, 65.00792]]]}}, {"type": "Feature", "properties": {"name": "exclusions-459", "layer": "exclusions", "kind": "harbour"}, "geometry": {"type": "Polygon", "coordinates": [[[25.5115, 65.02317], [25.51156, 65.02303], [25.51036, 65.02287], [25.5115, 65.02317]]]}}, {"type": "Feature", "properties": {"name": "Gamla Färjlägets småbåtshamn", "layer": "exclusions", "kind": "harbour"}, "geometry": {"type": "Polygon", "coordinates": [[[22.12497, 65.58468], [22.12593, 65.58513], [22.12671, 65.58437], [22.12497, 65.58468]]]}}, {"type": "Feature", "properties": {"name": "Siuron venesatama", "layer": "exclusions", "kind": "harbour"}, "geometry": {"type": "Polygon", "coordinates": [[[23.32976, 61.47251], [23.32782, 61.47266], [23.32991, 61.47335], [23.32976, 61.47251]]]}}, {"type": "Feature", "properties": {"name": "Terässatama", "layer": "exclusions", "kind": "harbour"}, "geometry": {"type": "Polygon", "coordinates": [[[24.46026, 64.68675], [24.46342, 64.68541], [24.46096, 64.68464], [24.45794, 64.68496], [24.46026, 64.68675]]]}}, {"type": "Feature", "properties": {"name": "Oravi", "layer": "exclusions", "kind": "harbour"}, "geometry": {"type": "Polygon", "coordinates": [[[28.60707, 62.11429], [28.60621, 62.11437], [28.60647, 62.11532], [28.60707, 62.11429]]]}}, {"type": "Feature", "properties": {"name": "Kemin satama", "layer": "exclusions", "kind": "harbour"}, "geometry": {"type": "Polygon", "coordinates": [[[24.51729, 65.67224], [24.51935, 65.67138], [24.52044, 65.67228], [24.52448, 65.67068], [24.52746, 65.67117], [24.52587, 65.67186], [24.52799, 65.67264], [24.53151, 65.67245], [24.53325, 65.67131], [24.52922, 65.6694], [24.53021, 65.66853], [24.53281, 65.6689], [24.53236, 65.66697], [24.53013, 65.66661], [24.52767, 65.66802], [24.52544, 65.66701], [24.52813, 65.6637], [24.53465, 65.66641], [24.54, 65.6674], [24.54221, 65.66671], [24.54045, 65.66495], [24.53729, 65.66497], [24.53686, 65.6624], [24.53836, 65.66191], [24.53667, 65.66096], [24.53414, 65.66177], [24.53125, 65.66031], [24.52988, 65.66059], [24.5177, 65.65459], [24.51167, 65.65465], [24.51746, 65.65485], [24.52034, 65.65623], [24.51383, 65.65898], [24.5235, 65.66361], [24.521, 65.6639], [24.51864, 65.66283], [24.51672, 65.66352], [24.51971, 65.66492], [24.51869, 65.66547], [24.51374, 65.66389], [24.51517, 65.66518], [24.51367, 65.66556], [24.51664, 65.66731], [24.51026, 65.67071], [24.51729, 65.67224]]]}}, {"type": "Feature", "properties": {"name": "exclusions-465", "layer": "exclusions", "kind": "harbour"}, "geometry": {"type": "Polygon", "coordinates": [[[30.57541, 59.81999], [30.57625, 59.8195], [30.57458, 59.82016], [30.57541, 59.81999]]]}}, {"type": "Feature", "properties": {"name": "Valkon satama", "layer": "exclusions", "kind": "harbour"}, "geometry": {"type": "Polygon", "coordinates": [[[26.25386, 60.4161], [26.25412, 60.41415], [26.25748, 60.41062], [26.26012, 60.40899], [26.25456, 60.4088], [26.25317, 60.40742], [26.25017, 60.40649], [26.24678, 60.4082], [26.25185, 60.40811], [26.24914, 60.41155], [26.25239, 60.41223], [26.25192, 60.41275], [26.24947, 60.41223], [26.2479, 60.42091], [26.25386, 60.4161]]]}}, {"type": "Feature", "properties": {"name": "Ajoksen kalasatama", "layer": "exclusions", "kind": "harbour"}, "geometry": {"type": "Polygon", "coordinates": [[[24.51868, 65.67515], [24.51528, 65.67257], [24.51316, 65.67331], [24.51475, 65.67578], [24.51868, 65.67515]]]}}, {"type": "Feature", "properties": {"name": "exclusions-468", "layer": "exclusions", "kind": "harbour"}, "geometry": {"type": "Polygon", "coordinates": [[[24.06807, 59.34039], [24.06733, 59.33987], [24.06482, 59.34096], [24.06807, 59.34039]]]}}, {"type": "Feature", "properties": {"name": "Hahtisaaren venesatama", "layer": "exclusions", "kind": "harbour"}, "geometry": {"type": "Polygon", "coordinates": [[[24.55461, 65.73577], [24.55148, 65.73508], [24.55024, 65.73634], [24.55275, 65.73654], [24.55461, 65.73577]]]}}, {"type": "Feature", "properties": {"name": "exclusions-470", "layer": "exclusions", "kind": "harbour"}, "geometry": {"type": "Polygon", "coordinates": [[[24.57381, 65.72697], [24.57122, 65.72628], [24.56946, 65.72696], [24.57248, 65.72798], [24.57381, 65.72697]]]}}, {"type": "Feature", "properties": {"name": "exclusions-471", "layer": "exclusions", "kind": "harbour"}, "geometry": {"type": "Polygon", "coordinates": [[[24.55179, 65.72959], [24.55282, 65.72978], [24.55515, 65.72835], [24.55283, 65.72857], [24.55179, 65.72959]]]}}, {"type": "Feature", "properties": {"name": "Saarenrannan venesatama", "layer": "exclusions", "kind": "harbour"}, "geometry": {"type": "Polygon", "coordinates": [[[24.75885, 65.66674], [24.75996, 65.66607], [24.75884, 65.66576], [24.75763, 65.66628], [24.75885, 65.66674]]]}}, {"type": "Feature", "properties": {"name": "exclusions-473", "layer": "exclusions", "kind": "harbour"}, "geometry": {"type": "Polygon", "coordinates": [[[24.64994, 65.67987], [24.64927, 65.67873], [24.64629, 65.67925], [24.64739, 65.68084], [24.64994, 65.67987]]]}}, {"type": "Feature", "properties": {"name": "Sillilaituri", "layer": "exclusions", "kind": "harbour"}, "geometry": {"type": "Polygon", "coordinates": [[[24.92277, 60.1619], [24.92716, 60.16055], [24.92302, 60.16178], [24.92277, 60.1619]]]}}, {"type": "Feature", "properties": {"name": "Sotkanranta", "layer": "exclusions", "kind": "harbour"}, "geometry": {"type": "Polygon", "coordinates": [[[24.489, 60.98391], [24.49027, 60.98284], [24.48859, 60.98228], [24.48622, 60.98329], [24.489, 60.98391]]]}}, {"type": "Feature", "properties": {"name": "Siknäs hamn", "layer": "exclusions", "kind": "harbour"}, "geometry": {"type": "Polygon", "coordinates": [[[22.69004, 65.84297], [22.68804, 65.84296], [22.68807, 65.84332], [22.69004, 65.84297]]]}}, {"type": "Feature", "properties": {"name": "Hällhamn", "layer": "exclusions", "kind": "harbour"}, "geometry": {"type": "Polygon", "coordinates": [[[22.68795, 65.78325], [22.68872, 65.78317], [22.68348, 65.78302], [22.68795, 65.78325]]]}}, {"type": "Feature", "properties": {"name": "Boatman Group", "layer": "exclusions", "kind": "harbour"}, "geometry": {"type": "Polygon", "coordinates": [[[24.99734, 60.18169], [24.99807, 60.18265], [24.99984, 60.18218], [24.99817, 60.18132], [24.99734, 60.18169]]]}}, {"type": "Feature", "properties": {"name": "Heltermaa sadam", "layer": "exclusions", "kind": "harbour"}, "geometry": {"type": "Polygon", "coordinates": [[[23.04724, 58.86369], [23.04617, 58.86481], [23.04422, 58.86428], [23.04317, 58.86696], [23.04365, 58.86714], [23.0451, 58.8672], [23.04608, 58.86647], [23.04342, 58.86698], [23.04506, 58.8658], [23.04647, 58.86612], [23.04678, 58.8671], [23.04959, 58.86698], [23.04793, 58.86641], [23.0487, 58.8637], [23.04724, 58.86369]]]}}, {"type": "Feature", "properties": {"name": "exclusions-480", "layer": "exclusions", "kind": "harbour"}, "geometry": {"type": "Polygon", "coordinates": [[[24.9455, 60.15287], [24.94459, 60.1522], [24.94341, 60.15294], [24.94462, 60.15335], [24.9455, 60.15287]]]}}, {"type": "Feature", "properties": {"name": "exclusions-481", "layer": "exclusions", "kind": "harbour"}, "geometry": {"type": "Polygon", "coordinates": [[[24.94133, 60.15171], [24.94014, 60.15161], [24.93962, 60.15273], [24.94098, 60.15279], [24.94133, 60.15171]]]}}, {"type": "Feature", "properties": {"name": "ÅSS Marina", "layer": "exclusions", "kind": "harbour"}, "geometry": {"type": "Polygon", "coordinates": [[[19.92543, 60.09784], [19.92317, 60.09748], [19.92196, 60.10098], [19.92335, 60.10096], [19.92543, 60.09784]]]}}, {"type": "Feature", "properties": {"name": "Ämmän venesatama", "layer": "exclusions", "kind": "harbour"}, "geometry": {"type": "Polygon", "coordinates": [[[23.91535, 64.28052], [23.92018, 64.27926], [23.91792, 64.27876], [23.91535, 64.28052]]]}}, {"type": "Feature", "properties": {"name": "Äijän satama", "layer": "exclusions", "kind": "harbour"}, "geometry": {"type": "Polygon", "coordinates": [[[23.90904, 64.27971], [23.91033, 64.27804], [23.90667, 64.2777], [23.90689, 64.27955], [23.90904, 64.27971]]]}}, {"type": "Feature", "properties": {"name": "Tervon kalasatama", "layer": "exclusions", "kind": "harbour"}, "geometry": {"type": "Polygon", "coordinates": [[[24.22616, 64.47861], [24.22761, 64.47777], [24.22463, 64.47674], [24.22368, 64.4776], [24.22616, 64.47861]]]}}, {"type": "Feature", "properties": {"name": "Tammisalon Merivenekerho", "layer": "exclusions", "kind": "harbour"}, "geometry": {"type": "Polygon", "coordinates": [[[25.06633, 60.18789], [25.06604, 60.18813], [25.06698, 60.18797], [25.0661, 60.18686], [25.06633, 60.18789]]]}}, {"type": "Feature", "properties": {"name": "Huhtiniemen venesatama", "layer": "exclusions", "kind": "harbour"}, "geometry": {"type": "Polygon", "coordinates": [[[28.13207, 61.05433], [28.1302, 61.05519], [28.13195, 61.05559], [28.13207, 61.05433]]]}}, {"type": "Feature", "properties": {"name": "exclusions-488", "layer": "exclusions", "kind": "harbour"}, "geometry": {"type": "Polygon", "coordinates": [[[29.72544, 62.59786], [29.73192, 62.59645], [29.73031, 62.59429], [29.72264, 62.59702], [29.72544, 62.59786]]]}}, {"type": "Feature", "properties": {"name": "Kuntasatama Mustalahti", "layer": "exclusions", "kind": "harbour"}, "geometry": {"type": "Polygon", "coordinates": [[[28.33979, 62.08539], [28.33648, 62.08387], [28.33326, 62.0853], [28.33501, 62.08649], [28.33979, 62.08539]]]}}, {"type": "Feature", "properties": {"name": "Третья стивидорная компания", "layer": "exclusions", "kind": "harbour"}, "geometry": {"type": "Polygon", "coordinates": [[[30.21401, 59.87653], [30.20867, 59.88216], [30.20885, 59.88225], [30.21686, 59.87802], [30.21401, 59.87653]]]}}, {"type": "Feature", "properties": {"name": "Нева-Металл", "layer": "exclusions", "kind": "harbour"}, "geometry": {"type": "Polygon", "coordinates": [[[30.19817, 59.88646], [30.1988, 59.88688], [30.19974, 59.88709], [30.20879, 59.8823], [30.21001, 59.88024], [30.19817, 59.88646]]]}}, {"type": "Feature", "properties": {"name": "Первый Контейнерный Терминал", "layer": "exclusions", "kind": "harbour"}, "geometry": {"type": "Polygon", "coordinates": [[[30.21732, 59.87476], [30.2208, 59.87398], [30.22016, 59.87349], [30.21877, 59.87321], [30.21247, 59.87574], [30.21042, 59.87576], [30.20711, 59.87377], [30.20031, 59.87733], [30.20331, 59.87893], [30.19666, 59.88239], [30.18948, 59.88259], [30.18793, 59.88392], [30.18428, 59.88425], [30.18472, 59.88499], [30.19811, 59.88655], [30.21098, 59.87964], [30.21401, 59.87653], [30.21744, 59.87556], [30.21732, 59.87476]]]}}, {"type": "Feature", "properties": {"name": "ПетроЛесПорт", "layer": "exclusions", "kind": "harbour"}, "geometry": {"type": "Polygon", "coordinates": [[[30.23005, 59.89497], [30.22522, 59.89661], [30.22716, 59.89732], [30.22645, 59.89865], [30.23436, 59.8952], [30.24182, 59.89362], [30.23845, 59.88747], [30.22858, 59.88413], [30.22687, 59.88472], [30.23746, 59.89281], [30.23322, 59.89367], [30.22321, 59.88619], [30.21972, 59.88721], [30.23005, 59.89497]]]}}, {"type": "Feature", "properties": {"name": "Первая стивидорная компания", "layer": "exclusions", "kind": "harbour"}, "geometry": {"type": "Polygon", "coordinates": [[[30.22562, 59.90218], [30.22536, 59.89961], [30.22696, 59.89711], [30.22522, 59.89661], [30.22494, 59.89757], [30.21799, 59.89231], [30.21642, 59.89288], [30.21116, 59.8889], [30.20783, 59.89001], [30.23461, 59.91033], [30.2383, 59.91087], [30.23869, 59.91024], [30.23647, 59.90991], [30.22562, 59.90218]]]}}, {"type": "Feature", "properties": {"name": "Яхт-клуб «Койвисто»", "layer": "exclusions", "kind": "harbour"}, "geometry": {"type": "Polygon", "coordinates": [[[28.60814, 60.36503], [28.61021, 60.36535], [28.61187, 60.36435], [28.61053, 60.36266], [28.60767, 60.364], [28.60814, 60.36503]]]}}, {"type": "Feature", "properties": {"name": "Морской завод «Алмаз»", "layer": "exclusions", "kind": "harbour"}, "geometry": {"type": "Polygon", "coordinates": [[[30.25587, 59.95495], [30.25672, 59.95572], [30.25463, 59.95632], [30.25632, 59.95765], [30.25982, 59.95624], [30.2584, 59.9542], [30.25587, 59.95495]]]}}, {"type": "Feature", "properties": {"name": "exclusions-497", "layer": "exclusions", "kind": "harbour"}, "geometry": {"type": "Polygon", "coordinates": [[[26.78921, 60.87958], [26.79397, 60.87639], [26.79195, 60.87568], [26.78666, 60.87888], [26.78921, 60.87958]]]}}, {"type": "Feature", "properties": {"name": "Vergi sadam", "layer": "exclusions", "kind": "harbour"}, "geometry": {"type": "Polygon", "coordinates": [[[26.1034, 59.59864], [26.10318, 59.59817], [26.09923, 59.59998], [26.10027, 59.60032], [26.1034, 59.59864]]]}}, {"type": "Feature", "properties": {"name": "АНО \"Центр маломерного флота\"", "layer": "exclusions", "kind": "harbour"}, "geometry": {"type": "Polygon", "coordinates": [[[30.23708, 59.95712], [30.23575, 59.95842], [30.23603, 59.95867], [30.2376, 59.95742], [30.2395, 59.95755], [30.23708, 59.95712]]]}}, {"type": "Feature", "properties": {"name": "Гостевая гавань", "layer": "exclusions", "kind": "harbour"}, "geometry": {"type": "Polygon", "coordinates": [[[30.23893, 59.96554], [30.23762, 59.96371], [30.23529, 59.96487], [30.23716, 59.96594], [30.23893, 59.96554]]]}}, {"type": "Feature", "properties": {"name": "Рабочая гавань", "layer": "exclusions", "kind": "harbour"}, "geometry": {"type": "Polygon", "coordinates": [[[30.24386, 59.96336], [30.24364, 59.96259], [30.24235, 59.9629], [30.24386, 59.96336]]]}}, {"type": "Feature", "properties": {"name": "Яхт-Клуб «Крестовский»", "layer": "exclusions", "kind": "harbour"}, "geometry": {"type": "Polygon", "coordinates": [[[30.24892, 59.96668], [30.24965, 59.96574], [30.24312, 59.96601], [30.24302, 59.9668], [30.24892, 59.96668]]]}}, {"type": "Feature", "properties": {"name": "exclusions-503", "layer": "exclusions", "kind": "harbour"}, "geometry": {"type": "Polygon", "coordinates": [[[19.95742, 60.08915], [19.95609, 60.09015], [19.95683, 60.09029], [19.95742, 60.08915]]]}}, {"type": "Feature", "properties": {"name": "Hevossalmen venesatama", "layer": "exclusions", "kind": "harbour"}, "geometry": {"type": "Polygon", "coordinates": [[[25.04948, 60.15948], [25.04934, 60.16017], [25.05234, 60.15875], [25.04948, 60.15948]]]}}, {"type": "Feature", "properties": {"name": "Ahtolan Satama", "layer": "exclusions", "kind": "harbour"}, "geometry": {"type": "Polygon", "coordinates": [[[24.69924, 62.25558], [24.69812, 62.25523], [24.69795, 62.25639], [24.69924, 62.25558]]]}}, {"type": "Feature", "properties": {"name": "exclusions-506", "layer": "exclusions", "kind": "harbour"}, "geometry": {"type": "Polygon", "coordinates": [[[24.62896, 62.02981], [24.63044, 62.02982], [24.63049, 62.02929], [24.62896, 62.02981]]]}}, {"type": "Feature", "properties": {"name": "exclusions-507", "layer": "exclusions", "kind": "harbour"}, "geometry": {"type": "Polygon", "coordinates": [[[24.64249, 62.03087], [24.64117, 62.03104], [24.64155, 62.03137], [24.64249, 62.03087]]]}}, {"type": "Feature", "properties": {"name": "Vierasvenesatama", "layer": "exclusions", "kind": "harbour"}, "geometry": {"type": "Polygon", "coordinates": [[[27.85698, 64.39859], [27.85542, 64.39921], [27.85614, 64.39974], [27.85828, 64.39944], [27.85698, 64.39859]]]}}, {"type": "Feature", "properties": {"name": "exclusions-509", "layer": "exclusions", "kind": "harbour"}, "geometry": {"type": "Polygon", "coordinates": [[[27.8555, 64.40111], [27.85458, 64.4007], [27.85341, 64.40099], [27.8555, 64.40111]]]}}, {"type": "Feature", "properties": {"name": "Vuorenmaa", "layer": "exclusions", "kind": "harbour"}, "geometry": {"type": "Polygon", "coordinates": [[[23.8393, 62.63435], [23.83956, 62.6344], [23.83976, 62.63411], [23.8393, 62.63435]]]}}, {"type": "Feature", "properties": {"name": "Umeå Hamn", "layer": "exclusions", "kind": "harbour"}, "geometry": {"type": "Polygon", "coordinates": [[[20.34234, 63.6918], [20.3437, 63.69461], [20.34765, 63.6953], [20.34512, 63.69641], [20.3455, 63.69781], [20.34399, 63.69829], [20.34675, 63.69959], [20.34692, 63.70279], [20.35234, 63.70205], [20.35231, 63.7007], [20.3557, 63.70055], [20.35574, 63.69604], [20.3418, 63.68651], [20.34068, 63.68125], [20.34117, 63.67988], [20.34354, 63.67979], [20.34409, 63.67946], [20.33911, 63.67993], [20.3382, 63.67885], [20.3372, 63.67963], [20.33409, 63.67946], [20.33269, 63.68243], [20.33551, 63.68324], [20.33541, 63.68418], [20.33278, 63.68447], [20.33112, 63.6865], [20.3317, 63.68772], [20.34234, 63.6918]]]}}, {"type": "Feature", "properties": {"name": "Tervaporvarinpuiston venetelaranta I", "layer": "exclusions", "kind": "harbour"}, "geometry": {"type": "Polygon", "coordinates": [[[25.45861, 65.02356], [25.45714, 65.02395], [25.45726, 65.02402], [25.45861, 65.02356]]]}}, {"type": "Feature", "properties": {"name": "Tervaporvarinpuiston venetelaranta II", "layer": "exclusions", "kind": "harbour"}, "geometry": {"type": "Polygon", "coordinates": [[[25.44573, 65.02975], [25.44589, 65.02982], [25.44635, 65.02937], [25.44626, 65.02901], [25.44573, 65.02975]]]}}, {"type": "Feature", "properties": {"name": "Lemislahden venesatama", "layer": "exclusions", "kind": "harbour"}, "geometry": {"type": "Polygon", "coordinates": [[[24.86869, 60.16286], [24.86858, 60.16398], [24.87105, 60.16452], [24.87176, 60.16371], [24.86869, 60.16286]]]}}, {"type": "Feature", "properties": {"name": "Koguva sadam", "layer": "exclusions", "kind": "harbour"}, "geometry": {"type": "Polygon", "coordinates": [[[23.07646, 58.59583], [23.07631, 58.59568], [23.07497, 58.5953], [23.07436, 58.5957], [23.07586, 58.5956], [23.07565, 58.59605], [23.07378, 58.59594], [23.07558, 58.59613], [23.07646, 58.59583]]]}}, {"type": "Feature", "properties": {"name": "KCH", "layer": "exclusions", "kind": "harbour"}, "geometry": {"type": "Polygon", "coordinates": [[[26.80227, 60.87699], [26.79912, 60.87603], [26.80125, 60.87448], [26.79862, 60.87355], [26.795, 60.87603], [26.80085, 60.8775], [26.80227, 60.87699]]]}}, {"type": "Feature", "properties": {"name": "Vaasan työväen purjesauran satama-alue", "layer": "exclusions", "kind": "harbour"}, "geometry": {"type": "Polygon", "coordinates": [[[21.5832, 63.10472], [21.58192, 63.10452], [21.5811, 63.10526], [21.5832, 63.10472]]]}}, {"type": "Feature", "properties": {"name": "exclusions-518", "layer": "exclusions", "kind": "harbour"}, "geometry": {"type": "Polygon", "coordinates": [[[21.53824, 63.14937], [21.54134, 63.1481], [21.54196, 63.14941], [21.54413, 63.14925], [21.54458, 63.14803], [21.53852, 63.14745], [21.53824, 63.14937]]]}}, {"type": "Feature", "properties": {"name": "exclusions-519", "layer": "exclusions", "kind": "harbour"}, "geometry": {"type": "Polygon", "coordinates": [[[21.59732, 63.09489], [21.59804, 63.0949], [21.59852, 63.09404], [21.59587, 63.09316], [21.59732, 63.09489]]]}}, {"type": "Feature", "properties": {"name": "Brändö sund", "layer": "exclusions", "kind": "harbour"}, "geometry": {"type": "Polygon", "coordinates": [[[21.58507, 63.1058], [21.58563, 63.10671], [21.58956, 63.10381], [21.5866, 63.10408], [21.58507, 63.1058]]]}}, {"type": "Feature", "properties": {"name": "Vankilan allas", "layer": "exclusions", "kind": "harbour"}, "geometry": {"type": "Polygon", "coordinates": [[[21.6027, 63.09061], [21.60384, 63.0923], [21.60898, 63.08787], [21.60759, 63.08674], [21.6027, 63.09061]]]}}, {"type": "Feature", "properties": {"name": "exclusions-522", "layer": "exclusions", "kind": "harbour"}, "geometry": {"type": "Polygon", "coordinates": [[[21.59885, 63.09935], [21.59924, 63.09989], [21.60032, 63.09951], [21.59885, 63.09935]]]}}, {"type": "Feature", "properties": {"name": "Vaasan moottorivenekerho - Vasa motorbåtsklubb", "layer": "exclusions", "kind": "harbour"}, "geometry": {"type": "Polygon", "coordinates": [[[21.58584, 63.09673], [21.58215, 63.09563], [21.58117, 63.09769], [21.58368, 63.09847], [21.586, 63.09788], [21.58584, 63.09673]]]}}, {"type": "Feature", "properties": {"name": "Järvikadunlaituri", "layer": "exclusions", "kind": "harbour"}, "geometry": {"type": "Polygon", "coordinates": [[[21.60823, 63.10297], [21.60714, 63.10307], [21.60733, 63.10341], [21.60823, 63.10297]]]}}, {"type": "Feature", "properties": {"name": "Onkilahden laituri", "layer": "exclusions", "kind": "harbour"}, "geometry": {"type": "Polygon", "coordinates": [[[21.60151, 63.10365], [21.60262, 63.1032], [21.602, 63.10291], [21.60151, 63.10365]]]}}, {"type": "Feature", "properties": {"name": "exclusions-526", "layer": "exclusions", "kind": "harbour"}, "geometry": {"type": "Polygon", "coordinates": [[[21.60374, 63.11892], [21.60369, 63.11854], [21.60155, 63.11866], [21.60374, 63.11892]]]}}, {"type": "Feature", "properties": {"name": "Isolahden venesatama", "layer": "exclusions", "kind": "harbour"}, "geometry": {"type": "Polygon", "coordinates": [[[21.59332, 63.12073], [21.59385, 63.12196], [21.59657, 63.12112], [21.59594, 63.11978], [21.59332, 63.12073]]]}}, {"type": "Feature", "properties": {"name": "Veneiden säilytysalue", "layer": "exclusions", "kind": "harbour"}, "geometry": {"type": "Polygon", "coordinates": [[[23.71556, 61.53017], [23.71363, 61.53031], [23.71409, 61.53125], [23.71556, 61.53017]]]}}, {"type": "Feature", "properties": {"name": "Mussalon satama", "layer": "exclusions", "kind": "harbour"}, "geometry": {"type": "Polygon", "coordinates": [[[26.88747, 60.42712], [26.88717, 60.43314], [26.8842, 60.4331], [26.87896, 60.43486], [26.88248, 60.43581], [26.88248, 60.43739], [26.89083, 60.4444], [26.90773, 60.4407], [26.90967, 60.43811], [26.90646, 60.43746], [26.90367, 60.43515], [26.9085, 60.43316], [26.9288, 60.43143], [26.92838, 60.42922], [26.9212, 60.4291], [26.92372, 60.42767], [26.91967, 60.42905], [26.91711, 60.42806], [26.92556, 60.42451], [26.92215, 60.42257], [26.90881, 60.42753], [26.90541, 60.42756], [26.89519, 60.42302], [26.88747, 60.42712]]]}}, {"type": "Feature", "properties": {"name": "Hietanen", "layer": "exclusions", "kind": "harbour"}, "geometry": {"type": "Polygon", "coordinates": [[[26.95018, 60.48133], [26.94465, 60.47778], [26.94643, 60.4771], [26.94456, 60.47754], [26.9438, 60.47646], [26.94023, 60.47782], [26.93999, 60.48215], [26.93302, 60.48781], [26.93614, 60.48996], [26.93534, 60.49084], [26.9362, 60.49052], [26.93807, 60.49143], [26.93878, 60.49063], [26.94232, 60.49153], [26.95018, 60.48133]]]}}, {"type": "Feature", "properties": {"name": "Hietanen etelä", "layer": "exclusions", "kind": "harbour"}, "geometry": {"type": "Polygon", "coordinates": [[[26.94047, 60.47083], [26.93811, 60.47023], [26.93175, 60.47178], [26.93354, 60.47271], [26.94013, 60.47167], [26.94047, 60.47083]]]}}, {"type": "Feature", "properties": {"name": "Rönni", "layer": "exclusions", "kind": "harbour"}, "geometry": {"type": "Polygon", "coordinates": [[[24.50733, 61.61808], [24.50716, 61.61837], [24.50856, 61.61841], [24.50733, 61.61808]]]}}, {"type": "Feature", "properties": {"name": "exclusions-533", "layer": "exclusions", "kind": "harbour"}, "geometry": {"type": "Polygon", "coordinates": [[[27.8624, 62.46907], [27.86239, 62.46907], [27.8624, 62.4691], [27.8624, 62.46907]]]}}, {"type": "Feature", "properties": {"name": "Контейнерный терминал «Санкт-Петербург»", "layer": "exclusions", "kind": "harbour"}, "geometry": {"type": "Polygon", "coordinates": [[[30.20141, 59.87013], [30.19252, 59.8685], [30.1932, 59.86908], [30.19163, 59.86987], [30.19075, 59.8695], [30.18305, 59.87382], [30.19158, 59.87334], [30.19874, 59.8708], [30.19954, 59.87111], [30.19587, 59.87347], [30.19852, 59.87283], [30.2011, 59.8741], [30.20702, 59.87101], [30.20579, 59.87], [30.20874, 59.86781], [30.20799, 59.86706], [30.20141, 59.87013]]]}}, {"type": "Feature", "properties": {"name": "Fiskarviks hamnen", "layer": "exclusions", "kind": "harbour"}, "geometry": {"type": "Polygon", "coordinates": [[[24.34184, 60.08923], [24.34028, 60.08887], [24.33982, 60.08984], [24.34184, 60.08923]]]}}, {"type": "Feature", "properties": {"name": "exclusions-536", "layer": "exclusions", "kind": "harbour"}, "geometry": {"type": "Polygon", "coordinates": [[[24.34086, 60.09304], [24.33988, 60.09118], [24.33901, 60.09129], [24.33985, 60.09346], [24.34086, 60.09304]]]}}, {"type": "Feature", "properties": {"name": "Яхт-клуб «Восточный»", "layer": "exclusions", "kind": "harbour"}, "geometry": {"type": "Polygon", "coordinates": [[[30.49857, 59.84248], [30.49847, 59.84402], [30.50163, 59.84359], [30.50071, 59.84201], [30.49857, 59.84248]]]}}, {"type": "Feature", "properties": {"name": "Стрельнинский яхт-клуб", "layer": "exclusions", "kind": "harbour"}, "geometry": {"type": "Polygon", "coordinates": [[[30.04597, 59.86185], [30.04437, 59.86007], [30.04329, 59.86029], [30.04375, 59.86181], [30.04597, 59.86185]]]}}, {"type": "Feature", "properties": {"name": "Tikka", "layer": "exclusions", "kind": "harbour"}, "geometry": {"type": "Polygon", "coordinates": [[[25.76133, 62.21601], [25.76171, 62.21546], [25.7605, 62.21535], [25.75935, 62.21573], [25.76133, 62.21601]]]}}, {"type": "Feature", "properties": {"name": "Парадная гавань", "layer": "exclusions", "kind": "harbour"}, "geometry": {"type": "Polygon", "coordinates": [[[30.24813, 59.96423], [30.23977, 59.96543], [30.24019, 59.96613], [30.24856, 59.965], [30.24813, 59.96423]]]}}, {"type": "Feature", "properties": {"name": "Императорский Морской Яхт-клуб Санкт-Петербурга by Burevestnik Group", "layer": "exclusions", "kind": "harbour"}, "geometry": {"type": "Polygon", "coordinates": [[[30.24098, 59.97732], [30.24192, 59.97866], [30.24935, 59.97727], [30.24554, 59.97593], [30.24158, 59.97642], [30.24098, 59.97732]]]}}, {"type": "Feature", "properties": {"name": "Naistenlahden satama", "layer": "exclusions", "kind": "harbour"}, "geometry": {"type": "Polygon", "coordinates": [[[23.77582, 61.51085], [23.77549, 61.50846], [23.76671, 61.50792], [23.76664, 61.50876], [23.77041, 61.51089], [23.77582, 61.51085]]]}}, {"type": "Feature", "properties": {"name": "Pohjoinen veneranta", "layer": "exclusions", "kind": "harbour"}, "geometry": {"type": "Polygon", "coordinates": [[[23.05207, 61.77477], [23.05379, 61.7748], [23.05349, 61.77395], [23.05069, 61.77375], [23.05025, 61.77442], [23.05207, 61.77477]]]}}, {"type": "Feature", "properties": {"name": "Skinnarilan venesatama", "layer": "exclusions", "kind": "harbour"}, "geometry": {"type": "Polygon", "coordinates": [[[28.0967, 61.06605], [28.09775, 61.06674], [28.09928, 61.06629], [28.09941, 61.0649], [28.0967, 61.06605]]]}}, {"type": "Feature", "properties": {"name": "Ruoveden laivaranta", "layer": "exclusions", "kind": "harbour"}, "geometry": {"type": "Polygon", "coordinates": [[[24.07873, 61.98999], [24.07884, 61.98919], [24.07521, 61.98892], [24.07873, 61.98999]]]}}, {"type": "Feature", "properties": {"name": "Roomassaare sadam", "layer": "exclusions", "kind": "harbour"}, "geometry": {"type": "Polygon", "coordinates": [[[22.50666, 58.21612], [22.50582, 58.21374], [22.50824, 58.21308], [22.50584, 58.21289], [22.50491, 58.21396], [22.50404, 58.21604], [22.50666, 58.21612]]]}}, {"type": "Feature", "properties": {"name": "exclusions-547", "layer": "exclusions", "kind": "harbour"}, "geometry": {"type": "Polygon", "coordinates": [[[24.79442, 60.15823], [24.79444, 60.15794], [24.79286, 60.15799], [24.79442, 60.15823]]]}}, {"type": "Feature", "properties": {"name": "Kalettomanlahden satama", "layer": "exclusions", "kind": "harbour"}, "geometry": {"type": "Polygon", "coordinates": [[[23.75218, 62.23943], [23.75835, 62.23652], [23.75362, 62.23836], [23.74925, 62.23943], [23.75218, 62.23943]]]}}, {"type": "Feature", "properties": {"name": "Suninsalmen satama", "layer": "exclusions", "kind": "harbour"}, "geometry": {"type": "Polygon", "coordinates": [[[24.01394, 62.78439], [24.01302, 62.78424], [24.01284, 62.78446], [24.01394, 62.78439]]]}}, {"type": "Feature", "properties": {"name": "Nenäinniemi", "layer": "exclusions", "kind": "harbour"}, "geometry": {"type": "Polygon", "coordinates": [[[25.76763, 62.20406], [25.76724, 62.20385], [25.76529, 62.20445], [25.76763, 62.20406]]]}}, {"type": "Feature", "properties": {"name": "exclusions-551", "layer": "exclusions", "kind": "harbour"}, "geometry": {"type": "Polygon", "coordinates": [[[20.96737, 64.74753], [20.97033, 64.74784], [20.97037, 64.74755], [20.96737, 64.74753]]]}}, {"type": "Feature", "properties": {"name": "exclusions-552", "layer": "exclusions", "kind": "harbour"}, "geometry": {"type": "Polygon", "coordinates": [[[25.76516, 62.24123], [25.76639, 62.24111], [25.76599, 62.2401], [25.76516, 62.24123]]]}}, {"type": "Feature", "properties": {"name": "exclusions-553", "layer": "exclusions", "kind": "harbour"}, "geometry": {"type": "Polygon", "coordinates": [[[25.05073, 60.1566], [25.05064, 60.15712], [25.05403, 60.15694], [25.05073, 60.1566]]]}}, {"type": "Feature", "properties": {"name": "Käsmu sadam", "layer": "exclusions", "kind": "harbour"}, "geometry": {"type": "Polygon", "coordinates": [[[25.92444, 59.60441], [25.92433, 59.6041], [25.92346, 59.60404], [25.92366, 59.60475], [25.92444, 59.60441]]]}}, {"type": "Feature", "properties": {"name": "exclusions-555", "layer": "exclusions", "kind": "harbour"}, "geometry": {"type": "Polygon", "coordinates": [[[25.93384, 59.62141], [25.94621, 59.61832], [25.95524, 59.61306], [25.95956, 59.60644], [25.95852, 59.59947], [25.95228, 59.5932], [25.94178, 59.58858], [25.92799, 59.58629], [25.91419, 59.58674], [25.90183, 59.58983], [25.8928, 59.59508], [25.88846, 59.6017], [25.88949, 59.60868], [25.89573, 59.61495], [25.90623, 59.61956], [25.92003, 59.62186], [25.93384, 59.62141]]]}}, {"type": "Feature", "properties": {"name": "exclusions-556", "layer": "exclusions", "kind": "harbour"}, "geometry": {"type": "Polygon", "coordinates": [[[25.89293, 59.59564], [25.88847, 59.60224], [25.88938, 59.60922], [25.8955, 59.61552], [25.90592, 59.62018], [25.91904, 59.62249], [25.93321, 59.62213], [25.94562, 59.6191], [25.95518, 59.61352], [25.95963, 59.60693], [25.95872, 59.59995], [25.9526, 59.59365], [25.9422, 59.58898], [25.92909, 59.58667], [25.91528, 59.58705], [25.90238, 59.59035], [25.89293, 59.59564]]]}}, {"type": "Feature", "properties": {"name": "Pihlajasaaren venesatama", "layer": "exclusions", "kind": "harbour"}, "geometry": {"type": "Polygon", "coordinates": [[[24.91705, 60.14074], [24.91711, 60.14029], [24.91592, 60.14038], [24.91705, 60.14074]]]}}, {"type": "Feature", "properties": {"name": "Pihlajasaaren vierasvenesatama", "layer": "exclusions", "kind": "harbour"}, "geometry": {"type": "Polygon", "coordinates": [[[24.91815, 60.14], [24.91743, 60.14001], [24.91746, 60.1408], [24.91815, 60.14]]]}}, {"type": "Feature", "properties": {"name": "Hirviranta", "layer": "exclusions", "kind": "harbour"}, "geometry": {"type": "Polygon", "coordinates": [[[25.78631, 62.20685], [25.78729, 62.20696], [25.78781, 62.20623], [25.78651, 62.206], [25.78631, 62.20685]]]}}, {"type": "Feature", "properties": {"name": "Karikkorinne", "layer": "exclusions", "kind": "harbour"}, "geometry": {"type": "Polygon", "coordinates": [[[25.77954, 62.20282], [25.77997, 62.2027], [25.77825, 62.20242], [25.77954, 62.20282]]]}}, {"type": "Feature", "properties": {"name": "Kalix centrums gästhamn", "layer": "exclusions", "kind": "harbour"}, "geometry": {"type": "Polygon", "coordinates": [[[23.1409, 65.85248], [23.14056, 65.85196], [23.13935, 65.85192], [23.13927, 65.85262], [23.1409, 65.85248]]]}}, {"type": "Feature", "properties": {"name": "exclusions-562", "layer": "exclusions", "kind": "harbour"}, "geometry": {"type": "Polygon", "coordinates": [[[24.85459, 59.4778], [24.85864, 59.47114], [24.85734, 59.46417], [24.85089, 59.45796], [24.84027, 59.45345], [24.8271, 59.45133], [24.81339, 59.45192], [24.7993, 59.45591], [24.79051, 59.46125], [24.78644, 59.46792], [24.78773, 59.47489], [24.79417, 59.4811], [24.8048, 59.48561], [24.81798, 59.48774], [24.83171, 59.48714], [24.8458, 59.48315], [24.85459, 59.4778]]]}}, {"type": "Feature", "properties": {"name": "Espoon pursiseura (EPS)", "layer": "exclusions", "kind": "harbour"}, "geometry": {"type": "Polygon", "coordinates": [[[24.73838, 60.14429], [24.74099, 60.14274], [24.73766, 60.14189], [24.73312, 60.14267], [24.73405, 60.14451], [24.73838, 60.14429]]]}}, {"type": "Feature", "properties": {"name": "Vikminne hamn", "layer": "exclusions", "kind": "harbour"}, "geometry": {"type": "Polygon", "coordinates": [[[21.81278, 63.25016], [21.81318, 63.25108], [21.81601, 63.25185], [21.81449, 63.25023], [21.81278, 63.25016]]]}}, {"type": "Feature", "properties": {"name": "exclusions-565", "layer": "exclusions", "kind": "anchorage"}, "geometry": {"type": "Polygon", "coordinates": [[[24.36695, 64.65757], [24.37412, 64.65864], [24.37275, 64.6567], [24.36535, 64.65503], [24.35996, 64.65614], [24.36695, 64.65757]]]}}, {"type": "Feature", "properties": {"name": "Långskärin kalasatama", "layer": "exclusions", "kind": "harbour"}, "geometry": {"type": "Polygon", "coordinates": [[[21.35386, 63.04333], [21.35499, 63.04242], [21.35367, 63.04204], [21.35112, 63.0421], [21.35386, 63.04333]]]}}, {"type": "Feature", "properties": {"name": "exclusions-567", "layer": "exclusions", "kind": "harbour"}, "geometry": {"type": "Polygon", "coordinates": [[[21.40635, 63.05347], [21.40869, 63.05389], [21.40815, 63.05323], [21.40636, 63.05287], [21.40635, 63.05347]]]}}, {"type": "Feature", "properties": {"name": "exclusions-568", "layer": "exclusions", "kind": "harbour"}, "geometry": {"type": "Polygon", "coordinates": [[[21.48568, 62.97473], [21.48738, 62.97388], [21.48596, 62.97407], [21.48712, 62.97333], [21.48545, 62.97289], [21.48389, 62.97384], [21.48568, 62.97473]]]}}, {"type": "Feature", "properties": {"name": "Taalintehtaan vierassatama", "layer": "exclusions", "kind": "harbour"}, "geometry": {"type": "Polygon", "coordinates": [[[22.50858, 60.01889], [22.50884, 60.01845], [22.50717, 60.01835], [22.50634, 60.01907], [22.50858, 60.01889]]]}}, {"type": "Feature", "properties": {"name": "exclusions-570", "layer": "exclusions", "kind": "harbour"}, "geometry": {"type": "Polygon", "coordinates": [[[24.52061, 65.78799], [24.51958, 65.78849], [24.52158, 65.7891], [24.52252, 65.78861], [24.52061, 65.78799]]]}}, {"type": "Feature", "properties": {"name": "exclusions-571", "layer": "exclusions", "kind": "harbour"}, "geometry": {"type": "Polygon", "coordinates": [[[25.02843, 60.18767], [25.02689, 60.18782], [25.02694, 60.18794], [25.02843, 60.18767]]]}}, {"type": "Feature", "properties": {"name": "Korkkitehtaan venesatama", "layer": "exclusions", "kind": "harbour"}, "geometry": {"type": "Polygon", "coordinates": [[[28.16514, 61.05629], [28.16424, 61.05654], [28.16614, 61.0583], [28.16758, 61.05752], [28.16514, 61.05629]]]}}, {"type": "Feature", "properties": {"name": "Niittykaarteen veneranta", "layer": "exclusions", "kind": "harbour"}, "geometry": {"type": "Polygon", "coordinates": [[[27.70993, 62.84863], [27.70964, 62.849], [27.70995, 62.84897], [27.70993, 62.84863]]]}}, {"type": "Feature", "properties": {"name": "Pirttilahden (Romanianraitin) veneranta", "layer": "exclusions", "kind": "harbour"}, "geometry": {"type": "Polygon", "coordinates": [[[27.67989, 62.82271], [27.67838, 62.82411], [27.67921, 62.82415], [27.68174, 62.82288], [27.67989, 62.82271]]]}}, {"type": "Feature", "properties": {"name": "Valkamarannan venesatama", "layer": "exclusions", "kind": "harbour"}, "geometry": {"type": "Polygon", "coordinates": [[[27.62951, 62.82671], [27.62702, 62.82627], [27.62877, 62.82773], [27.62951, 62.82671]]]}}, {"type": "Feature", "properties": {"name": "Kirveslahden veneranta", "layer": "exclusions", "kind": "harbour"}, "geometry": {"type": "Polygon", "coordinates": [[[27.6564, 62.82757], [27.65531, 62.82743], [27.65543, 62.828], [27.6564, 62.82757]]]}}, {"type": "Feature", "properties": {"name": "Многопрофильный перегрузочный комплекс МПК «Юг-2»", "layer": "exclusions", "kind": "harbour"}, "geometry": {"type": "Polygon", "coordinates": [[[28.42224, 59.66479], [28.42456, 59.66586], [28.41559, 59.66543], [28.41282, 59.67457], [28.41117, 59.67444], [28.41149, 59.67522], [28.42923, 59.67629], [28.43023, 59.66644], [28.42224, 59.66479]]]}}, {"type": "Feature", "properties": {"name": "Балтийский металлургический терминал", "layer": "exclusions", "kind": "harbour"}, "geometry": {"type": "Polygon", "coordinates": [[[28.43916, 59.72469], [28.4398, 59.72408], [28.43756, 59.71928], [28.43835, 59.71573], [28.42713, 59.71569], [28.42719, 59.72463], [28.43916, 59.72469]]]}}, {"type": "Feature", "properties": {"name": "Комплекс по перевалке газового конденсата", "layer": "exclusions", "kind": "harbour"}, "geometry": {"type": "Polygon", "coordinates": [[[28.42894, 59.71081], [28.4271, 59.7108], [28.42713, 59.71569], [28.43835, 59.71573], [28.4394, 59.71002], [28.43754, 59.70798], [28.42884, 59.70798], [28.42894, 59.71081]]]}}, {"type": "Feature", "properties": {"name": "Container Terminal", "layer": "exclusions", "kind": "harbour"}, "geometry": {"type": "Polygon", "coordinates": [[[28.4013, 59.67326], [28.39942, 59.67403], [28.40901, 59.67473], [28.41194, 59.66422], [28.4102, 59.66408], [28.40927, 59.6675], [28.40302, 59.66703], [28.4013, 59.67326]]]}}, {"type": "Feature", "properties": {"name": "Серный терминал", "layer": "exclusions", "kind": "harbour"}, "geometry": {"type": "Polygon", "coordinates": [[[28.43273, 59.69657], [28.43547, 59.69657], [28.43541, 59.68997], [28.43234, 59.68995], [28.43233, 59.69116], [28.427, 59.69116], [28.42701, 59.69559], [28.43271, 59.69558], [28.43273, 59.69657]]]}}, {"type": "Feature", "properties": {"name": "Терминал \"РосНефтьБункер\"", "layer": "exclusions", "kind": "harbour"}, "geometry": {"type": "Polygon", "coordinates": [[[28.42701, 59.69559], [28.4271, 59.7108], [28.42894, 59.71081], [28.42883, 59.70655], [28.43692, 59.70654], [28.43733, 59.70746], [28.43794, 59.70654], [28.43969, 59.70655], [28.43954, 59.69592], [28.43661, 59.68997], [28.43541, 59.68997], [28.43547, 59.69657], [28.43273, 59.69657], [28.43271, 59.69558], [28.42701, 59.69559]]]}}, {"type": "Feature", "properties": {"name": "Ростерминалуголь", "layer": "exclusions", "kind": "harbour"}, "geometry": {"type": "Polygon", "coordinates": [[[28.42791, 59.67835], [28.42789, 59.68093], [28.42091, 59.68385], [28.42096, 59.6889], [28.43214, 59.68889], [28.43191, 59.67831], [28.42791, 59.67835]]]}}, {"type": "Feature", "properties": {"name": "Универсальный перегрузочный комплекс", "layer": "exclusions", "kind": "harbour"}, "geometry": {"type": "Polygon", "coordinates": [[[28.43233, 59.69116], [28.43234, 59.68889], [28.42096, 59.6889], [28.421, 59.69116], [28.43233, 59.69116]]]}}, {"type": "Feature", "properties": {"name": "Uudenkaupungin satama", "layer": "exclusions", "kind": "harbour"}, "geometry": {"type": "Polygon", "coordinates": [[[21.38425, 60.79787], [21.38555, 60.79889], [21.38806, 60.79853], [21.38871, 60.79689], [21.37887, 60.79524], [21.3764, 60.79684], [21.37472, 60.79636], [21.37607, 60.79841], [21.3825, 60.7985], [21.38425, 60.79787]]]}}, {"type": "Feature", "properties": {"name": "Ettans Båthamn", "layer": "exclusions", "kind": "harbour"}, "geometry": {"type": "Polygon", "coordinates": [[[22.16542, 65.57705], [22.1617, 65.57803], [22.1599, 65.5799], [22.16423, 65.58062], [22.16337, 65.57989], [22.16759, 65.57825], [22.16542, 65.57705]]]}}, {"type": "Feature", "properties": {"name": "Toppgatans Bryggförening", "layer": "exclusions", "kind": "harbour"}, "geometry": {"type": "Polygon", "coordinates": [[[22.18127, 65.58261], [22.18148, 65.5825], [22.18078, 65.5824], [22.1797, 65.58265], [22.18127, 65.58261]]]}}, {"type": "Feature", "properties": {"name": "Suomenojan venesatama", "layer": "exclusions", "kind": "harbour"}, "geometry": {"type": "Polygon", "coordinates": [[[24.71336, 60.1473], [24.72026, 60.14851], [24.72152, 60.14596], [24.7239, 60.14524], [24.71951, 60.14322], [24.71405, 60.14301], [24.71336, 60.1473]]]}}, {"type": "Feature", "properties": {"name": "Porin satama", "layer": "exclusions", "kind": "harbour"}, "geometry": {"type": "Polygon", "coordinates": [[[21.38206, 61.63162], [21.38425, 61.63151], [21.38628, 61.63669], [21.39356, 61.63696], [21.40013, 61.64124], [21.39806, 61.63895], [21.40102, 61.63843], [21.40279, 61.6403], [21.40632, 61.6407], [21.40786, 61.63975], [21.41359, 61.63958], [21.42297, 61.63573], [21.41966, 61.63403], [21.41727, 61.63445], [21.41668, 61.63344], [21.41284, 61.63439], [21.41052, 61.6336], [21.40886, 61.63498], [21.40754, 61.63493], [21.4034, 61.63378], [21.40071, 61.63094], [21.39016, 61.63187], [21.3893, 61.6295], [21.38179, 61.63001], [21.38206, 61.63162]]]}}, {"type": "Feature", "properties": {"name": "Ингрия-клуб", "layer": "exclusions", "kind": "harbour"}, "geometry": {"type": "Polygon", "coordinates": [[[30.60367, 59.8033], [30.60332, 59.80234], [30.60341, 59.80386], [30.60367, 59.8033]]]}}, {"type": "Feature", "properties": {"name": "Krookan satama", "layer": "exclusions", "kind": "harbour"}, "geometry": {"type": "Polygon", "coordinates": [[[21.47974, 61.8525], [21.48041, 61.85291], [21.48284, 61.85206], [21.48076, 61.85115], [21.47974, 61.8525]]]}}, {"type": "Feature", "properties": {"name": "Jukurinrannan venevalkama", "layer": "exclusions", "kind": "harbour"}, "geometry": {"type": "Polygon", "coordinates": [[[25.39081, 65.07757], [25.39132, 65.07753], [25.38877, 65.07696], [25.39081, 65.07757]]]}}, {"type": "Feature", "properties": {"name": "Preiviikin Kalaranta", "layer": "exclusions", "kind": "harbour"}, "geometry": {"type": "Polygon", "coordinates": [[[21.59536, 61.50097], [21.59423, 61.5023], [21.59486, 61.50247], [21.59758, 61.50164], [21.59536, 61.50097]]]}}, {"type": "Feature", "properties": {"name": "exclusions-594", "layer": "exclusions", "kind": "harbour"}, "geometry": {"type": "Polygon", "coordinates": [[[21.59432, 61.44182], [21.59494, 61.44114], [21.594, 61.44086], [21.59302, 61.44181], [21.59432, 61.44182]]]}}, {"type": "Feature", "properties": {"name": "Öljysatama", "layer": "exclusions", "kind": "harbour"}, "geometry": {"type": "Polygon", "coordinates": [[[25.54929, 60.30354], [25.54722, 60.30548], [25.55091, 60.30908], [25.54813, 60.3111], [25.54898, 60.31205], [25.55007, 60.31155], [25.54955, 60.31267], [25.55137, 60.31268], [25.55223, 60.31404], [25.55327, 60.31358], [25.55123, 60.30938], [25.55259, 60.30946], [25.55187, 60.30838], [25.55313, 60.30797], [25.55174, 60.30705], [25.55126, 60.30786], [25.55059, 60.30745], [25.54929, 60.30354]]]}}, {"type": "Feature", "properties": {"name": "Hamina-Kotka Haminan satama", "layer": "exclusions", "kind": "harbour"}, "geometry": {"type": "Polygon", "coordinates": [[[27.14925, 60.53234], [27.15198, 60.53455], [27.15676, 60.53576], [27.16059, 60.53565], [27.16188, 60.53816], [27.16032, 60.54171], [27.15684, 60.54182], [27.15434, 60.54393], [27.15605, 60.54614], [27.15896, 60.54542], [27.15989, 60.54344], [27.16317, 60.54392], [27.1633, 60.5446], [27.16699, 60.54518], [27.16711, 60.55053], [27.16962, 60.55157], [27.17481, 60.55183], [27.17731, 60.54259], [27.17122, 60.54333], [27.17335, 60.54006], [27.17589, 60.54032], [27.1747, 60.53998], [27.17567, 60.53938], [27.17298, 60.53872], [27.17668, 60.53305], [27.17535, 60.53236], [27.17238, 60.53364], [27.17168, 60.53506], [27.16986, 60.53302], [27.18181, 60.5297], [27.18133, 60.52842], [27.18298, 60.52784], [27.18468, 60.52447], [27.17823, 60.52153], [27.18245, 60.52372], [27.1806, 60.5266], [27.17614, 60.52601], [27.17693, 60.52454], [27.17424, 60.52413], [27.17297, 60.52311], [27.17486, 60.52022], [27.17663, 60.52074], [27.17481, 60.51991], [27.17408, 60.52], [27.16821, 60.5288], [27.16553, 60.5285], [27.16718, 60.52322], [27.16386, 60.52283], [27.16379, 60.5218], [27.16535, 60.52145], [27.16571, 60.52109], [27.16383, 60.52159], [27.16356, 60.52107], [27.16568, 60.51897], [27.16289, 60.52064], [27.16236, 60.51917], [27.16417, 60.51783], [27.16256, 60.51674], [27.16008, 60.51703], [27.15283, 60.52004], [27.15321, 60.51576], [27.15149, 60.5206], [27.14517, 60.52187], [27.1428, 60.52288], [27.14324, 60.5237], [27.13838, 60.52381], [27.13886, 60.52774], [27.14925, 60.53234]]]}}, {"type": "Feature", "properties": {"name": "Pitkäsiiman veneranta", "layer": "exclusions", "kind": "harbour"}, "geometry": {"type": "Polygon", "coordinates": [[[27.64842, 62.82957], [27.64745, 62.82915], [27.64818, 62.82962], [27.64842, 62.82957]]]}}, {"type": "Feature", "properties": {"name": "Taivallahden venekerho", "layer": "exclusions", "kind": "harbour"}, "geometry": {"type": "Polygon", "coordinates": [[[24.91355, 60.1771], [24.91398, 60.17619], [24.9116, 60.17607], [24.91124, 60.17699], [24.91355, 60.1771]]]}}, {"type": "Feature", "properties": {"name": "exclusions-599", "layer": "exclusions", "kind": "harbour"}, "geometry": {"type": "Polygon", "coordinates": [[[21.49171, 61.12753], [21.4917, 61.12699], [21.49015, 61.12699], [21.49018, 61.12755], [21.49171, 61.12753]]]}}, {"type": "Feature", "properties": {"name": "exclusions-600", "layer": "exclusions", "kind": "harbour"}, "geometry": {"type": "Polygon", "coordinates": [[[25.54277, 60.32036], [25.54109, 60.32094], [25.53963, 60.31981], [25.53826, 60.32056], [25.54167, 60.32129], [25.54091, 60.3227], [25.54249, 60.32267], [25.54277, 60.32036]]]}}, {"type": "Feature", "properties": {"name": "Likosenlahden venesatama", "layer": "exclusions", "kind": "harbour"}, "geometry": {"type": "Polygon", "coordinates": [[[28.48671, 61.14144], [28.49685, 61.14245], [28.49779, 61.141], [28.48689, 61.14055], [28.48671, 61.14144]]]}}, {"type": "Feature", "properties": {"name": "Vierasvenesatama", "layer": "exclusions", "kind": "harbour"}, "geometry": {"type": "Polygon", "coordinates": [[[21.3043, 61.14385], [21.30438, 61.14388], [21.30556, 61.14344], [21.3043, 61.14385]]]}}, {"type": "Feature", "properties": {"name": "Matkustajaterminaali", "layer": "exclusions", "kind": "harbour"}, "geometry": {"type": "Polygon", "coordinates": [[[23.11479, 63.85787], [23.11461, 63.85779], [23.11446, 63.85784], [23.11479, 63.85787]]]}}, {"type": "Feature", "properties": {"name": "Pyysaari", "layer": "exclusions", "kind": "harbour"}, "geometry": {"type": "Polygon", "coordinates": [[[25.02302, 60.18039], [25.02568, 60.18067], [25.02493, 60.17922], [25.02275, 60.17895], [25.02302, 60.18039]]]}}, {"type": "Feature", "properties": {"name": "Laivaranta", "layer": "exclusions", "kind": "harbour"}, "geometry": {"type": "Polygon", "coordinates": [[[25.67394, 61.29188], [25.67375, 61.29221], [25.67429, 61.29207], [25.67394, 61.29188]]]}}, {"type": "Feature", "properties": {"name": "Pähkinäinen", "layer": "exclusions", "kind": "harbour"}, "geometry": {"type": "Polygon", "coordinates": [[[21.69854, 60.33012], [21.69876, 60.32986], [21.69622, 60.32947], [21.69608, 60.33038], [21.69854, 60.33012]]]}}, {"type": "Feature", "properties": {"name": "Pensar vierasvenesatama", "layer": "exclusions", "kind": "harbour"}, "geometry": {"type": "Polygon", "coordinates": [[[22.10975, 60.13843], [22.1094, 60.13821], [22.10847, 60.13854], [22.10975, 60.13843]]]}}, {"type": "Feature", "properties": {"name": "Nagu Gästhamn", "layer": "exclusions", "kind": "harbour"}, "geometry": {"type": "Polygon", "coordinates": [[[21.91067, 60.19415], [21.90938, 60.19535], [21.91246, 60.1961], [21.91417, 60.1951], [21.91297, 60.19393], [21.91067, 60.19415]]]}}, {"type": "Feature", "properties": {"name": "Helsingholm", "layer": "exclusions", "kind": "harbour"}, "geometry": {"type": "Polygon", "coordinates": [[[22.28267, 60.03129], [22.28347, 60.03109], [22.28194, 60.0301], [22.28267, 60.03129]]]}}, {"type": "Feature", "properties": {"name": "Turun vierasvenesatama", "layer": "exclusions", "kind": "harbour"}, "geometry": {"type": "Polygon", "coordinates": [[[22.2471, 60.44117], [22.24735, 60.44108], [22.24363, 60.43928], [22.2471, 60.44117]]]}}, {"type": "Feature", "properties": {"name": "Kanavalahden venesatama", "layer": "exclusions", "kind": "harbour"}, "geometry": {"type": "Polygon", "coordinates": [[[25.54624, 61.17885], [25.54481, 61.17942], [25.5461, 61.18018], [25.54807, 61.17959], [25.54624, 61.17885]]]}}, {"type": "Feature", "properties": {"name": "exclusions-612", "layer": "exclusions", "kind": "harbour"}, "geometry": {"type": "Polygon", "coordinates": [[[22.26013, 65.6435], [22.26073, 65.64307], [22.2597, 65.64284], [22.26013, 65.6435]]]}}, {"type": "Feature", "properties": {"name": "exclusions-613", "layer": "exclusions", "kind": "harbour"}, "geometry": {"type": "Polygon", "coordinates": [[[24.96281, 60.18127], [24.96288, 60.18045], [24.96237, 60.18044], [24.96281, 60.18127]]]}}, {"type": "Feature", "properties": {"name": "Автомобильно-железнодорожный паромный комплекс", "layer": "exclusions", "kind": "harbour"}, "geometry": {"type": "Polygon", "coordinates": [[[28.412, 59.66508], [28.40959, 59.67675], [28.41045, 59.67487], [28.41282, 59.67457], [28.4156, 59.66534], [28.412, 59.66508]]]}}, {"type": "Feature", "properties": {"name": "Näsby gästhamn", "layer": "exclusions", "kind": "harbour"}, "geometry": {"type": "Polygon", "coordinates": [[[21.36826, 60.22558], [21.36888, 60.22449], [21.36789, 60.22435], [21.36721, 60.22543], [21.36826, 60.22558]]]}}, {"type": "Feature", "properties": {"name": "Svinön venesatama", "layer": "exclusions", "kind": "harbour"}, "geometry": {"type": "Polygon", "coordinates": [[[24.7243, 60.13561], [24.72558, 60.13635], [24.72902, 60.13601], [24.72978, 60.13517], [24.72544, 60.13503], [24.7243, 60.13561]]]}}, {"type": "Feature", "properties": {"name": "exclusions-617", "layer": "exclusions", "kind": "anchorage"}, "geometry": {"type": "Polygon", "coordinates": [[[25.13246, 60.09145], [25.13242, 60.09171], [25.13329, 60.09172], [25.13246, 60.09145]]]}}, {"type": "Feature", "properties": {"name": "Lokitien venesatama", "layer": "exclusions", "kind": "harbour"}, "geometry": {"type": "Polygon", "coordinates": [[[25.11982, 60.21312], [25.12065, 60.21301], [25.12012, 60.21226], [25.11982, 60.21312]]]}}, {"type": "Feature", "properties": {"name": "Lauttasaaren laivalaituri", "layer": "exclusions", "kind": "harbour"}, "geometry": {"type": "Polygon", "coordinates": [[[24.88698, 60.15838], [24.8898, 60.15811], [24.88944, 60.15718], [24.89092, 60.15706], [24.89159, 60.15539], [24.8905, 60.15454], [24.88946, 60.15434], [24.88897, 60.15565], [24.88804, 60.15494], [24.8859, 60.15557], [24.88698, 60.15838]]]}}, {"type": "Feature", "properties": {"name": "Kåge båtklubb", "layer": "exclusions", "kind": "harbour"}, "geometry": {"type": "Polygon", "coordinates": [[[21.01825, 64.82934], [21.02182, 64.82848], [21.02599, 64.82859], [21.02793, 64.82712], [21.02391, 64.82631], [21.01825, 64.82934]]]}}, {"type": "Feature", "properties": {"name": "exclusions-621", "layer": "exclusions", "kind": "harbour"}, "geometry": {"type": "Polygon", "coordinates": [[[28.21425, 61.06955], [28.21307, 61.06864], [28.21133, 61.06915], [28.21242, 61.06993], [28.21425, 61.06955]]]}}, {"type": "Feature", "properties": {"name": "Pienvenesatama", "layer": "exclusions", "kind": "harbour"}, "geometry": {"type": "Polygon", "coordinates": [[[29.7588, 62.5796], [29.75652, 62.57982], [29.75769, 62.58131], [29.75886, 62.58122], [29.7588, 62.5796]]]}}, {"type": "Feature", "properties": {"name": "Kivenlahden venesatama", "layer": "exclusions", "kind": "harbour"}, "geometry": {"type": "Polygon", "coordinates": [[[24.62247, 60.15362], [24.61829, 60.15574], [24.621, 60.1568], [24.62034, 60.15765], [24.62481, 60.15605], [24.62496, 60.15501], [24.62247, 60.15362]]]}}, {"type": "Feature", "properties": {"name": "Munalaiu sadam", "layer": "exclusions", "kind": "harbour"}, "geometry": {"type": "Polygon", "coordinates": [[[24.11897, 58.22987], [24.1195, 58.22948], [24.118, 58.2287], [24.11698, 58.22997], [24.11897, 58.22987]]]}}, {"type": "Feature", "properties": {"name": "Lootholma", "layer": "exclusions", "kind": "harbour"}, "geometry": {"type": "Polygon", "coordinates": [[[21.37105, 60.53331], [21.36881, 60.53337], [21.36868, 60.53397], [21.37008, 60.5342], [21.37105, 60.53331]]]}}, {"type": "Feature", "properties": {"name": "Parattula - Peterzens", "layer": "exclusions", "kind": "harbour"}, "geometry": {"type": "Polygon", "coordinates": [[[21.44262, 60.49589], [21.44319, 60.49562], [21.44246, 60.4948], [21.44036, 60.49544], [21.44262, 60.49589]]]}}, {"type": "Feature", "properties": {"name": "Jurmo", "layer": "exclusions", "kind": "harbour"}, "geometry": {"type": "Polygon", "coordinates": [[[21.58405, 59.82836], [21.58561, 59.82698], [21.58395, 59.82696], [21.58259, 59.82781], [21.58405, 59.82836]]]}}, {"type": "Feature", "properties": {"name": "Kirjais", "layer": "exclusions", "kind": "harbour"}, "geometry": {"type": "Polygon", "coordinates": [[[21.96942, 60.13165], [21.97065, 60.13159], [21.97062, 60.13118], [21.96942, 60.13165]]]}}, {"type": "Feature", "properties": {"name": "Guest-harbour", "layer": "exclusions", "kind": "harbour"}, "geometry": {"type": "Polygon", "coordinates": [[[24.00713, 60.04111], [24.00386, 60.04322], [24.0076, 60.04155], [24.00689, 60.04235], [24.01005, 60.04349], [24.01088, 60.04258], [24.00773, 60.04088], [24.00942, 60.03956], [24.00674, 60.03877], [24.00472, 60.04064], [24.00713, 60.04111]]]}}, {"type": "Feature", "properties": {"name": "Кронштадский яхт-клуб", "layer": "exclusions", "kind": "harbour"}, "geometry": {"type": "Polygon", "coordinates": [[[29.80021, 59.98435], [29.80058, 59.98521], [29.80417, 59.98466], [29.80295, 59.98385], [29.80021, 59.98435]]]}}, {"type": "Feature", "properties": {"name": "Kärdla sadam", "layer": "exclusions", "kind": "harbour"}, "geometry": {"type": "Polygon", "coordinates": [[[22.7503, 59.00799], [22.75115, 59.00989], [22.75445, 59.01037], [22.75477, 59.00836], [22.7503, 59.00799]]]}}, {"type": "Feature", "properties": {"name": "Roograhu sadam", "layer": "exclusions", "kind": "harbour"}, "geometry": {"type": "Polygon", "coordinates": [[[22.82016, 59.00003], [22.82056, 58.99992], [22.81973, 58.99902], [22.81817, 58.99983], [22.82016, 59.00003]]]}}, {"type": "Feature", "properties": {"name": "Heltermaa väikelaeva sadam", "layer": "exclusions", "kind": "harbour"}, "geometry": {"type": "Polygon", "coordinates": [[[23.0462, 58.86595], [23.04504, 58.86561], [23.04392, 58.86656], [23.04508, 58.8669], [23.0462, 58.86595]]]}}, {"type": "Feature", "properties": {"name": "Liuskasaaren venesatama", "layer": "exclusions", "kind": "harbour"}, "geometry": {"type": "Polygon", "coordinates": [[[24.95021, 60.15289], [24.94967, 60.15138], [24.94565, 60.15265], [24.94587, 60.15338], [24.94822, 60.15373], [24.95021, 60.15289]]]}}, {"type": "Feature", "properties": {"name": "Karlova sadam", "layer": "exclusions", "kind": "harbour"}, "geometry": {"type": "Polygon", "coordinates": [[[26.74302, 58.36963], [26.7421, 58.37057], [26.74708, 58.36886], [26.74302, 58.36963]]]}}, {"type": "Feature", "properties": {"name": "Skuru hamn", "layer": "exclusions", "kind": "harbour"}, "geometry": {"type": "Polygon", "coordinates": [[[23.55507, 60.09595], [23.55493, 60.09507], [23.55324, 60.09692], [23.55157, 60.09632], [23.55257, 60.09516], [23.55161, 60.09497], [23.54911, 60.09796], [23.55082, 60.09847], [23.55507, 60.09595]]]}}, {"type": "Feature", "properties": {"name": "Länsisatama", "layer": "exclusions", "kind": "harbour"}, "geometry": {"type": "Polygon", "coordinates": [[[24.91501, 60.14958], [24.9169, 60.15063], [24.92249, 60.15669], [24.92276, 60.15847], [24.92381, 60.15554], [24.92034, 60.15222], [24.91414, 60.14771], [24.91135, 60.14812], [24.91298, 60.15084], [24.91501, 60.14958]]]}}, {"type": "Feature", "properties": {"name": "exclusions-638", "layer": "exclusions", "kind": "harbour"}, "geometry": {"type": "Polygon", "coordinates": [[[24.48184, 65.77773], [24.48199, 65.77828], [24.4846, 65.77813], [24.48184, 65.77773]]]}}, {"type": "Feature", "properties": {"name": "Nokkalanniemen venesatama", "layer": "exclusions", "kind": "harbour"}, "geometry": {"type": "Polygon", "coordinates": [[[24.75431, 60.14606], [24.75258, 60.14775], [24.75565, 60.14839], [24.75626, 60.14642], [24.75431, 60.14606]]]}}, {"type": "Feature", "properties": {"name": "exclusions-640", "layer": "exclusions", "kind": "harbour"}, "geometry": {"type": "Polygon", "coordinates": [[[21.0912, 63.30619], [21.09053, 63.30702], [21.09247, 63.30697], [21.09248, 63.30622], [21.0912, 63.30619]]]}}, {"type": "Feature", "properties": {"name": "Keilalahden venesatama", "layer": "exclusions", "kind": "harbour"}, "geometry": {"type": "Polygon", "coordinates": [[[24.83526, 60.17143], [24.83108, 60.17093], [24.83025, 60.17291], [24.83359, 60.17359], [24.83526, 60.17143]]]}}, {"type": "Feature", "properties": {"name": "New Port Kalanokka", "layer": "exclusions", "kind": "harbour"}, "geometry": {"type": "Polygon", "coordinates": [[[24.83922, 60.17791], [24.83708, 60.17779], [24.83693, 60.17853], [24.83908, 60.17852], [24.83922, 60.17791]]]}}, {"type": "Feature", "properties": {"name": "Lököre", "layer": "exclusions", "kind": "harbour"}, "geometry": {"type": "Polygon", "coordinates": [[[26.75144, 60.47557], [26.74913, 60.47537], [26.74957, 60.47713], [26.74722, 60.47774], [26.75035, 60.47791], [26.75144, 60.47557]]]}}, {"type": "Feature", "properties": {"name": "Heinlahden Veneveistämö", "layer": "exclusions", "kind": "harbour"}, "geometry": {"type": "Polygon", "coordinates": [[[26.76802, 60.47549], [26.77138, 60.47414], [26.7699, 60.47299], [26.76619, 60.47414], [26.76802, 60.47549]]]}}, {"type": "Feature", "properties": {"name": "Kelvingi sadam", "layer": "exclusions", "kind": "harbour"}, "geometry": {"type": "Polygon", "coordinates": [[[24.83826, 59.55516], [24.83898, 59.5561], [24.84009, 59.55546], [24.83922, 59.55414], [24.83826, 59.55516]]]}}, {"type": "Feature", "properties": {"name": "Kalajoki Marina", "layer": "exclusions", "kind": "harbour"}, "geometry": {"type": "Polygon", "coordinates": [[[23.78383, 64.236], [23.7838, 64.2351], [23.77814, 64.23582], [23.77644, 64.2376], [23.78383, 64.236]]]}}, {"type": "Feature", "properties": {"name": "Lappohjan pienvenesatama", "layer": "exclusions", "kind": "harbour"}, "geometry": {"type": "Polygon", "coordinates": [[[23.25988, 59.89938], [23.25915, 59.89879], [23.25829, 59.89924], [23.25988, 59.89938]]]}}, {"type": "Feature", "properties": {"name": "Kaitalahden venesatama", "layer": "exclusions", "kind": "harbour"}, "geometry": {"type": "Polygon", "coordinates": [[[25.01868, 60.17498], [25.01954, 60.17511], [25.01914, 60.17397], [25.01868, 60.17498]]]}}, {"type": "Feature", "properties": {"name": "exclusions-649", "layer": "exclusions", "kind": "harbour"}, "geometry": {"type": "Polygon", "coordinates": [[[25.08176, 60.173], [25.08255, 60.17351], [25.08517, 60.17273], [25.08396, 60.17221], [25.08176, 60.173]]]}}, {"type": "Feature", "properties": {"name": "Yliskylän venesatama", "layer": "exclusions", "kind": "harbour"}, "geometry": {"type": "Polygon", "coordinates": [[[25.04573, 60.18147], [25.04324, 60.18207], [25.04753, 60.18319], [25.04573, 60.18147]]]}}, {"type": "Feature", "properties": {"name": "Venesatama", "layer": "exclusions", "kind": "harbour"}, "geometry": {"type": "Polygon", "coordinates": [[[28.91751, 64.88637], [28.91799, 64.88573], [28.91605, 64.88566], [28.91751, 64.88637]]]}}, {"type": "Feature", "properties": {"name": "exclusions-652", "layer": "exclusions", "kind": "harbour"}, "geometry": {"type": "Polygon", "coordinates": [[[21.45484, 61.13242], [21.45159, 61.13296], [21.45197, 61.13363], [21.45802, 61.13278], [21.45496, 61.13112], [21.45484, 61.13242]]]}}, {"type": "Feature", "properties": {"name": "Syväraumanlahden pienvenesatama", "layer": "exclusions", "kind": "harbour"}, "geometry": {"type": "Polygon", "coordinates": [[[21.47563, 61.14285], [21.48114, 61.14171], [21.48233, 61.14222], [21.48275, 61.14145], [21.47862, 61.14175], [21.4787, 61.14112], [21.47356, 61.13959], [21.47119, 61.14099], [21.47266, 61.14274], [21.47563, 61.14285]]]}}, {"type": "Feature", "properties": {"name": "Luukkaaniemen venesatama", "layer": "exclusions", "kind": "harbour"}, "geometry": {"type": "Polygon", "coordinates": [[[28.25812, 61.07859], [28.25871, 61.07661], [28.25652, 61.07683], [28.25423, 61.07812], [28.25812, 61.07859]]]}}, {"type": "Feature", "properties": {"name": "Hylkeen venesatama", "layer": "exclusions", "kind": "harbour"}, "geometry": {"type": "Polygon", "coordinates": [[[25.0085, 60.17966], [25.00757, 60.17987], [25.00871, 60.18087], [25.00957, 60.18], [25.0085, 60.17966]]]}}, {"type": "Feature", "properties": {"name": "exclusions-656", "layer": "exclusions", "kind": "harbour"}, "geometry": {"type": "Polygon", "coordinates": [[[29.20041, 65.96914], [29.20018, 65.96922], [29.20056, 65.96939], [29.20041, 65.96914]]]}}, {"type": "Feature", "properties": {"name": "exclusions-657", "layer": "exclusions", "kind": "harbour"}, "geometry": {"type": "Polygon", "coordinates": [[[29.19565, 65.96669], [29.19536, 65.96648], [29.19514, 65.96656], [29.19565, 65.96669]]]}}, {"type": "Feature", "properties": {"name": "exclusions-658", "layer": "exclusions", "kind": "harbour"}, "geometry": {"type": "Polygon", "coordinates": [[[24.64761, 60.6579], [24.64755, 60.65774], [24.64607, 60.65863], [24.64761, 60.6579]]]}}, {"type": "Feature", "properties": {"name": "Laurinlahdensatama", "layer": "exclusions", "kind": "harbour"}, "geometry": {"type": "Polygon", "coordinates": [[[24.63808, 60.14198], [24.63654, 60.14331], [24.64045, 60.1444], [24.64174, 60.14315], [24.6395, 60.14303], [24.63808, 60.14198]]]}}, {"type": "Feature", "properties": {"name": "Vierasvenesatama", "layer": "exclusions", "kind": "harbour"}, "geometry": {"type": "Polygon", "coordinates": [[[27.12857, 64.39606], [27.1271, 64.39653], [27.12854, 64.39728], [27.12992, 64.39653], [27.12857, 64.39606]]]}}, {"type": "Feature", "properties": {"name": "Karlsborgs båtklubb", "layer": "exclusions", "kind": "harbour"}, "geometry": {"type": "Polygon", "coordinates": [[[20.42068, 63.70398], [20.42255, 63.70407], [20.4226, 63.70341], [20.42068, 63.70398]]]}}, {"type": "Feature", "properties": {"name": "exclusions-662", "layer": "exclusions", "kind": "harbour"}, "geometry": {"type": "Polygon", "coordinates": [[[20.70897, 60.21357], [20.70891, 60.21357], [20.7089, 60.21359], [20.70897, 60.21357]]]}}, {"type": "Feature", "properties": {"name": "Brännskärs besökshamn", "layer": "exclusions", "kind": "harbour"}, "geometry": {"type": "Polygon", "coordinates": [[[21.97651, 60.08635], [21.9769, 60.08583], [21.97605, 60.08568], [21.97651, 60.08635]]]}}, {"type": "Feature", "properties": {"name": "Mathildan Marina", "layer": "exclusions", "kind": "harbour"}, "geometry": {"type": "Polygon", "coordinates": [[[22.90145, 60.222], [22.90364, 60.22052], [22.90098, 60.21934], [22.89871, 60.21992], [22.90145, 60.222]]]}}, {"type": "Feature", "properties": {"name": "Seapoint Porkkala Marin", "layer": "exclusions", "kind": "harbour"}, "geometry": {"type": "Polygon", "coordinates": [[[24.42556, 59.98429], [24.42536, 59.98316], [24.42295, 59.98366], [24.4232, 59.98453], [24.42556, 59.98429]]]}}, {"type": "Feature", "properties": {"name": "exclusions-666", "layer": "exclusions", "kind": "harbour"}, "geometry": {"type": "Polygon", "coordinates": [[[29.50814, 64.128], [29.5085, 64.12792], [29.5083, 64.12775], [29.50814, 64.128]]]}}, {"type": "Feature", "properties": {"name": "Raision venesatama", "layer": "exclusions", "kind": "harbour"}, "geometry": {"type": "Polygon", "coordinates": [[[22.122, 60.46098], [22.12051, 60.46037], [22.1173, 60.46063], [22.1163, 60.46175], [22.11734, 60.4646], [22.12362, 60.46574], [22.122, 60.46098]]]}}, {"type": "Feature", "properties": {"name": "Suurteollisuusalue", "layer": "exclusions", "kind": "harbour"}, "geometry": {"type": "Polygon", "coordinates": [[[23.04056, 63.85925], [23.04237, 63.86071], [23.01952, 63.86682], [23.02385, 63.87082], [23.03575, 63.86798], [23.03469, 63.86611], [23.03498, 63.86608], [23.04203, 63.87374], [23.05823, 63.86965], [23.06142, 63.86689], [23.06521, 63.86616], [23.06386, 63.86481], [23.06613, 63.86426], [23.06271, 63.86094], [23.06494, 63.85994], [23.06235, 63.85616], [23.05803, 63.85288], [23.04999, 63.85429], [23.04077, 63.84529], [23.0308, 63.84673], [23.02824, 63.84809], [23.02652, 63.8466], [23.02406, 63.84655], [23.0194, 63.84981], [23.02222, 63.85053], [23.02149, 63.85163], [23.0228, 63.85157], [23.01954, 63.85321], [23.02403, 63.85129], [23.02768, 63.85176], [23.02684, 63.85384], [23.01938, 63.85355], [23.02251, 63.85424], [23.02216, 63.85577], [23.02576, 63.856], [23.03029, 63.86082], [23.04056, 63.85925]]]}}, {"type": "Feature", "properties": {"name": "Lepaa", "layer": "exclusions", "kind": "harbour"}, "geometry": {"type": "Polygon", "coordinates": [[[24.32564, 61.11136], [24.32531, 61.11121], [24.32471, 61.11162], [24.32564, 61.11136]]]}}, {"type": "Feature", "properties": {"name": "Kirkkoveneenvalkama", "layer": "exclusions", "kind": "harbour"}, "geometry": {"type": "Polygon", "coordinates": [[[22.26786, 60.39816], [22.2696, 60.39824], [22.26954, 60.39784], [22.26786, 60.39816]]]}}, {"type": "Feature", "properties": {"name": "Uiskovalkama", "layer": "exclusions", "kind": "harbour"}, "geometry": {"type": "Polygon", "coordinates": [[[22.27327, 60.39872], [22.27327, 60.39818], [22.27195, 60.39829], [22.27327, 60.39872]]]}}, {"type": "Feature", "properties": {"name": "Urkurinvalkama", "layer": "exclusions", "kind": "harbour"}, "geometry": {"type": "Polygon", "coordinates": [[[22.26692, 60.39233], [22.26661, 60.39246], [22.26737, 60.39272], [22.26692, 60.39233]]]}}, {"type": "Feature", "properties": {"name": "Konikarvon satama", "layer": "exclusions", "kind": "harbour"}, "geometry": {"type": "Polygon", "coordinates": [[[23.68214, 64.21778], [23.68583, 64.21729], [23.68618, 64.21546], [23.68147, 64.21482], [23.68214, 64.21778]]]}}, {"type": "Feature", "properties": {"name": "Pitkäsalmen venevalkama", "layer": "exclusions", "kind": "harbour"}, "geometry": {"type": "Polygon", "coordinates": [[[22.25483, 60.41204], [22.25273, 60.41209], [22.25261, 60.41293], [22.25483, 60.41204]]]}}, {"type": "Feature", "properties": {"name": "Laitsalmen venevalkama", "layer": "exclusions", "kind": "harbour"}, "geometry": {"type": "Polygon", "coordinates": [[[22.25973, 60.4054], [22.2602, 60.40455], [22.2584, 60.40418], [22.25842, 60.40518], [22.25973, 60.4054]]]}}, {"type": "Feature", "properties": {"name": "Lauttarannan venesatama", "layer": "exclusions", "kind": "harbour"}, "geometry": {"type": "Polygon", "coordinates": [[[22.23145, 60.42522], [22.23187, 60.4238], [22.22865, 60.42356], [22.22796, 60.42492], [22.23145, 60.42522]]]}}, {"type": "Feature", "properties": {"name": "Nostosillanranta", "layer": "exclusions", "kind": "harbour"}, "geometry": {"type": "Polygon", "coordinates": [[[22.22924, 60.42563], [22.2283, 60.42546], [22.2274, 60.42687], [22.22851, 60.42759], [22.22924, 60.42563]]]}}, {"type": "Feature", "properties": {"name": "Pansion marina", "layer": "exclusions", "kind": "harbour"}, "geometry": {"type": "Polygon", "coordinates": [[[22.19939, 60.44616], [22.1991, 60.44731], [22.20151, 60.44737], [22.2011, 60.44599], [22.19939, 60.44616]]]}}, {"type": "Feature", "properties": {"name": "Pansion venesatama", "layer": "exclusions", "kind": "harbour"}, "geometry": {"type": "Polygon", "coordinates": [[[22.18951, 60.44479], [22.19059, 60.44354], [22.18478, 60.44241], [22.1841, 60.44363], [22.18951, 60.44479]]]}}, {"type": "Feature", "properties": {"name": "Saaronniemenlaituri", "layer": "exclusions", "kind": "harbour"}, "geometry": {"type": "Polygon", "coordinates": [[[22.09141, 60.42116], [22.09034, 60.42137], [22.09075, 60.42195], [22.09209, 60.42181], [22.09141, 60.42116]]]}}, {"type": "Feature", "properties": {"name": "exclusions-681", "layer": "exclusions", "kind": "harbour"}, "geometry": {"type": "Polygon", "coordinates": [[[22.1067, 60.42432], [22.10495, 60.42476], [22.10614, 60.42613], [22.1074, 60.42639], [22.1067, 60.42432]]]}}, {"type": "Feature", "properties": {"name": "Hietalahdenaltaan venesatama", "layer": "exclusions", "kind": "harbour"}, "geometry": {"type": "Polygon", "coordinates": [[[24.92709, 60.16108], [24.92873, 60.16165], [24.92895, 60.16046], [24.92709, 60.16108]]]}}, {"type": "Feature", "properties": {"name": "exclusions-683", "layer": "exclusions", "kind": "harbour"}, "geometry": {"type": "Polygon", "coordinates": [[[22.03012, 60.48183], [22.02861, 60.48072], [22.02772, 60.48277], [22.03015, 60.48326], [22.02899, 60.48264], [22.03012, 60.48183]]]}}, {"type": "Feature", "properties": {"name": "Imatran venesatama", "layer": "exclusions", "kind": "harbour"}, "geometry": {"type": "Polygon", "coordinates": [[[28.71342, 61.21088], [28.71223, 61.21466], [28.71614, 61.21486], [28.71658, 61.21188], [28.72051, 61.20982], [28.71862, 61.20909], [28.71342, 61.21088]]]}}, {"type": "Feature", "properties": {"name": "Sepetlahden venesatama", "layer": "exclusions", "kind": "harbour"}, "geometry": {"type": "Polygon", "coordinates": [[[24.73384, 60.14728], [24.73362, 60.14751], [24.73593, 60.14828], [24.73816, 60.14842], [24.73384, 60.14728]]]}}, {"type": "Feature", "properties": {"name": "Pienvenesatama", "layer": "exclusions", "kind": "harbour"}, "geometry": {"type": "Polygon", "coordinates": [[[29.77796, 62.57354], [29.77868, 62.57444], [29.7794, 62.57429], [29.77929, 62.5735], [29.77796, 62.57354]]]}}, {"type": "Feature", "properties": {"name": "Västra kajen", "layer": "exclusions", "kind": "harbour"}, "geometry": {"type": "Polygon", "coordinates": [[[21.47048, 65.31424], [21.47012, 65.31392], [21.46896, 65.31437], [21.47048, 65.31424]]]}}, {"type": "Feature", "properties": {"name": "exclusions-688", "layer": "exclusions", "kind": "harbour"}, "geometry": {"type": "Polygon", "coordinates": [[[24.73531, 60.11776], [24.73613, 60.11831], [24.73671, 60.11809], [24.73531, 60.11776]]]}}, {"type": "Feature", "properties": {"name": "Kylänlahdensatama", "layer": "exclusions", "kind": "harbour"}, "geometry": {"type": "Polygon", "coordinates": [[[24.70356, 60.11137], [24.70399, 60.11105], [24.70278, 60.11047], [24.70356, 60.11137]]]}}, {"type": "Feature", "properties": {"name": "Suomenlinna, päälaituri", "layer": "exclusions", "kind": "harbour"}, "geometry": {"type": "Polygon", "coordinates": [[[24.98386, 60.14921], [24.98398, 60.1493], [24.98432, 60.14922], [24.98386, 60.14921]]]}}, {"type": "Feature", "properties": {"name": "Pargas Port", "layer": "exclusions", "kind": "harbour"}, "geometry": {"type": "Polygon", "coordinates": [[[22.28636, 60.14907], [22.28445, 60.14917], [22.28663, 60.15084], [22.28847, 60.15022], [22.28636, 60.14907]]]}}, {"type": "Feature", "properties": {"name": "Keskusvenesatama", "layer": "exclusions", "kind": "harbour"}, "geometry": {"type": "Polygon", "coordinates": [[[28.37682, 64.13123], [28.37756, 64.13091], [28.37593, 64.13032], [28.37682, 64.13123]]]}}, {"type": "Feature", "properties": {"name": "Virveli", "layer": "exclusions", "kind": "harbour"}, "geometry": {"type": "Polygon", "coordinates": [[[24.46457, 60.9861], [24.4665, 60.9869], [24.46718, 60.98597], [24.46457, 60.9861]]]}}, {"type": "Feature", "properties": {"name": "Kipparlahden venesatama", "layer": "exclusions", "kind": "harbour"}, "geometry": {"type": "Polygon", "coordinates": [[[25.02352, 60.19038], [25.02147, 60.19074], [25.02334, 60.1911], [25.02352, 60.19038]]]}}, {"type": "Feature", "properties": {"name": "exclusions-695", "layer": "exclusions", "kind": "anchorage"}, "geometry": {"type": "Polygon", "coordinates": [[[30.25436, 59.91665], [30.25364, 59.91799], [30.25631, 59.91835], [30.25703, 59.91701], [30.25436, 59.91665]]]}}, {"type": "Feature", "properties": {"name": "exclusions-696", "layer": "exclusions", "kind": "anchorage"}, "geometry": {"type": "Polygon", "coordinates": [[[30.22402, 59.87899], [30.22331, 59.88032], [30.22598, 59.88068], [30.22669, 59.87934], [30.22402, 59.87899]]]}}, {"type": "Feature", "properties": {"name": "Cargo Transhipment", "layer": "exclusions", "kind": "anchorage"}, "geometry": {"type": "Polygon", "coordinates": [[[30.20781, 59.88806], [30.21176, 59.88593], [30.21011, 59.88525], [30.20625, 59.88737], [30.20781, 59.88806]]]}}, {"type": "Feature", "properties": {"name": "exclusions-698", "layer": "exclusions", "kind": "anchorage"}, "geometry": {"type": "Polygon", "coordinates": [[[30.19819, 59.87782], [30.19748, 59.87916], [30.20014, 59.87951], [30.20086, 59.87818], [30.19819, 59.87782]]]}}, {"type": "Feature", "properties": {"name": "anchorage No. 5a", "layer": "exclusions", "kind": "anchorage"}, "geometry": {"type": "Polygon", "coordinates": [[[29.41716, 60.11146], [29.41716, 60.08813], [29.32299, 60.08813], [29.32299, 60.11146], [29.41716, 60.11146]]]}}, {"type": "Feature", "properties": {"name": "anchorage No. 4b", "layer": "exclusions", "kind": "anchorage"}, "geometry": {"type": "Polygon", "coordinates": [[[29.80046, 60.07502], [29.80812, 60.06018], [29.75129, 60.06002], [29.75129, 60.07502], [29.80046, 60.07502]]]}}, {"type": "Feature", "properties": {"name": "anchorage No. 1v", "layer": "exclusions", "kind": "anchorage"}, "geometry": {"type": "Polygon", "coordinates": [[[30.21335, 59.88753], [30.21508, 59.88112], [30.21147, 59.88332], [30.21335, 59.88753]]]}}, {"type": "Feature", "properties": {"name": "anchorage No. 4a", "layer": "exclusions", "kind": "anchorage"}, "geometry": {"type": "Polygon", "coordinates": [[[29.33425, 60.01628], [29.33425, 60.02328], [29.40042, 60.02328], [29.40042, 60.00911], [29.30909, 60.00911], [29.30909, 60.01628], [29.33425, 60.01628]]]}}, {"type": "Feature", "properties": {"name": "anchorage No. 4", "layer": "exclusions", "kind": "anchorage"}, "geometry": {"type": "Polygon", "coordinates": [[[29.41713, 60.0416], [29.41713, 60.03077], [29.38547, 60.03077], [29.38547, 60.0416], [29.41713, 60.0416]]]}}, {"type": "Feature", "properties": {"name": "anchorage No. 3a", "layer": "exclusions", "kind": "anchorage"}, "geometry": {"type": "Polygon", "coordinates": [[[29.70968, 59.98394], [29.70601, 59.98359], [29.70298, 59.98469], [29.70248, 59.98654], [29.70481, 59.988], [29.70853, 59.98815], [29.71083, 59.98733], [29.71171, 59.98551], [29.70968, 59.98394]]]}}, {"type": "Feature", "properties": {"name": "anchorage No. 3", "layer": "exclusions", "kind": "anchorage"}, "geometry": {"type": "Polygon", "coordinates": [[[29.73172, 59.98347], [29.73572, 59.98064], [29.70956, 59.97881], [29.69572, 59.97914], [29.69889, 59.98347], [29.73172, 59.98347]]]}}, {"type": "Feature", "properties": {"name": "anchorage No. 2", "layer": "exclusions", "kind": "anchorage"}, "geometry": {"type": "Polygon", "coordinates": [[[29.79288, 59.9663], [29.79138, 59.96663], [29.79788, 59.9703], [29.79955, 59.9678], [29.79288, 59.9663]]]}}, {"type": "Feature", "properties": {"name": "anchorage No. 1b", "layer": "exclusions", "kind": "anchorage"}, "geometry": {"type": "Polygon", "coordinates": [[[29.96647, 59.92575], [29.95997, 59.91092], [29.9498, 59.91109], [29.93063, 59.93275], [29.96647, 59.92575]]]}}, {"type": "Feature", "properties": {"name": "anchorage No. 1a", "layer": "exclusions", "kind": "anchorage"}, "geometry": {"type": "Polygon", "coordinates": [[[30.00333, 59.9455], [29.98833, 59.9275], [29.96917, 59.93133], [29.959, 59.95117], [30.00333, 59.9455]]]}}, {"type": "Feature", "properties": {"name": "anchorage No. 1", "layer": "exclusions", "kind": "anchorage"}, "geometry": {"type": "Polygon", "coordinates": [[[29.94862, 59.90333], [29.92945, 59.89733], [29.91612, 59.89683], [29.91745, 59.90833], [29.94862, 59.90333]]]}}, {"type": "Feature", "properties": {"name": "Anchorage in the area of midchannel buoy Ust'-Luzhskiy", "layer": "exclusions", "kind": "anchorage"}, "geometry": {"type": "Polygon", "coordinates": [[[28.33333, 59.6925], [28.31833, 59.6925], [28.31833, 59.69833], [28.33333, 59.69833], [28.33333, 59.6925]]]}}, {"type": "Feature", "properties": {"name": "Anchorage No 12", "layer": "exclusions", "kind": "anchorage"}, "geometry": {"type": "Polygon", "coordinates": [[[28.26, 59.75667], [28.22167, 59.75667], [28.19167, 59.79667], [28.23, 59.79667], [28.26, 59.75667]]]}}, {"type": "Feature", "properties": {"name": "Anchorage No 6a", "layer": "exclusions", "kind": "anchorage"}, "geometry": {"type": "Polygon", "coordinates": [[[28.75095, 60.30955], [28.75945, 60.30238], [28.74428, 60.30238], [28.73845, 60.30955], [28.75095, 60.30955]]]}}, {"type": "Feature", "properties": {"name": "Anchorage No 6", "layer": "exclusions", "kind": "anchorage"}, "geometry": {"type": "Polygon", "coordinates": [[[28.71667, 60.32667], [28.69917, 60.32067], [28.66, 60.33833], [28.675, 60.34333], [28.69283, 60.33333], [28.71667, 60.32667]]]}}, {"type": "Feature", "properties": {"name": "Anchorage No 18Д", "layer": "exclusions", "kind": "anchorage"}, "geometry": {"type": "Polygon", "coordinates": [[[28.36933, 60.5755], [28.38067, 60.5705], [28.36067, 60.55933], [28.3495, 60.56433], [28.36933, 60.5755]]]}}, {"type": "Feature", "properties": {"name": "Anchorage No 18E", "layer": "exclusions", "kind": "anchorage"}, "geometry": {"type": "Polygon", "coordinates": [[[28.05651, 60.33511], [28.03236, 60.31886], [27.99663, 60.33187], [28.02078, 60.34811], [28.05651, 60.33511]]]}}, {"type": "Feature", "properties": {"name": "Anchorage No 18в", "layer": "exclusions", "kind": "anchorage"}, "geometry": {"type": "Polygon", "coordinates": [[[28.52782, 60.61397], [28.50999, 60.60981], [28.50282, 60.61697], [28.52082, 60.62114], [28.52782, 60.61397]]]}}, {"type": "Feature", "properties": {"name": "Anchorage No 18б", "layer": "exclusions", "kind": "anchorage"}, "geometry": {"type": "Polygon", "coordinates": [[[28.48443, 60.60346], [28.47088, 60.59651], [28.45892, 60.60213], [28.47247, 60.60908], [28.48443, 60.60346]]]}}, {"type": "Feature", "properties": {"name": "Anchorage No 18a", "layer": "exclusions", "kind": "anchorage"}, "geometry": {"type": "Polygon", "coordinates": [[[28.5078, 60.58295], [28.49858, 60.57818], [28.48846, 60.58291], [28.49768, 60.58767], [28.5078, 60.58295]]]}}, {"type": "Feature", "properties": {"name": "Anchorage No 18", "layer": "exclusions", "kind": "anchorage"}, "geometry": {"type": "Polygon", "coordinates": [[[28.38991, 60.54684], [28.38991, 60.53201], [28.37525, 60.53201], [28.37525, 60.54684], [28.38991, 60.54684]]]}}, {"type": "Feature", "properties": {"name": "Anchorage No 20", "layer": "exclusions", "kind": "anchorage"}, "geometry": {"type": "Polygon", "coordinates": [[[28.6511, 60.67447], [28.6451, 60.67297], [28.64144, 60.67564], [28.64777, 60.6773], [28.6511, 60.67447]]]}}, {"type": "Feature", "properties": {"name": "Anchorage No 19", "layer": "exclusions", "kind": "anchorage"}, "geometry": {"type": "Polygon", "coordinates": [[[28.60617, 60.64128], [28.59774, 60.64429], [28.60707, 60.64929], [28.60617, 60.64128]]]}}, {"type": "Feature", "properties": {"name": "Anchorage No 18Г", "layer": "exclusions", "kind": "anchorage"}, "geometry": {"type": "Polygon", "coordinates": [[[28.07649, 60.42651], [28.08149, 60.41817], [28.04815, 60.41317], [28.04315, 60.42151], [28.07649, 60.42651]]]}}, {"type": "Feature", "properties": {"name": "exclusions-723", "layer": "exclusions", "kind": "harbour"}, "geometry": {"type": "Polygon", "coordinates": [[[21.1718, 62.57004], [21.17137, 62.57026], [21.1702, 62.56983], [21.17172, 62.56963], [21.17023, 62.56952], [21.17146, 62.56841], [21.17018, 62.56823], [21.16985, 62.56994], [21.17222, 62.57101], [21.1718, 62.57004]]]}}, {"type": "Feature", "properties": {"name": "Pienvenesatama", "layer": "exclusions", "kind": "harbour"}, "geometry": {"type": "Polygon", "coordinates": [[[29.76526, 62.57655], [29.76627, 62.57684], [29.76734, 62.57616], [29.76526, 62.57655]]]}}, {"type": "Feature", "properties": {"name": "Ranta-Kiilholma", "layer": "exclusions", "kind": "harbour"}, "geometry": {"type": "Polygon", "coordinates": [[[21.86588, 61.71717], [21.86472, 61.7175], [21.86523, 61.71786], [21.86724, 61.71697], [21.86588, 61.71717]]]}}, {"type": "Feature", "properties": {"name": "Vallisaaren vierassatama", "layer": "exclusions", "kind": "harbour"}, "geometry": {"type": "Polygon", "coordinates": [[[25.01132, 60.13665], [25.01139, 60.13612], [25.00987, 60.13607], [25.01042, 60.13692], [25.01132, 60.13665]]]}}, {"type": "Feature", "properties": {"name": "exclusions-727", "layer": "exclusions", "kind": "harbour"}, "geometry": {"type": "Polygon", "coordinates": [[[23.03697, 60.31536], [23.03697, 60.31364], [23.03453, 60.31382], [23.03566, 60.31557], [23.03697, 60.31536]]]}}, {"type": "Feature", "properties": {"name": "Maljalahden venesatama", "layer": "exclusions", "kind": "harbour"}, "geometry": {"type": "Polygon", "coordinates": [[[27.70225, 62.89321], [27.69885, 62.89302], [27.69864, 62.8937], [27.69563, 62.89417], [27.69515, 62.89573], [27.70194, 62.89555], [27.70225, 62.89321]]]}}, {"type": "Feature", "properties": {"name": "Raadelman satama", "layer": "exclusions", "kind": "harbour"}, "geometry": {"type": "Polygon", "coordinates": [[[22.46483, 60.41243], [22.46479, 60.41309], [22.46612, 60.4126], [22.46614, 60.4119], [22.46483, 60.41243]]]}}, {"type": "Feature", "properties": {"name": "Sammalniemen veneranta", "layer": "exclusions", "kind": "harbour"}, "geometry": {"type": "Polygon", "coordinates": [[[27.64768, 62.87711], [27.64713, 62.87708], [27.64687, 62.87729], [27.64768, 62.87711]]]}}, {"type": "Feature", "properties": {"name": "Naantalin satama", "layer": "exclusions", "kind": "harbour"}, "geometry": {"type": "Polygon", "coordinates": [[[22.04544, 60.4579], [22.04354, 60.4574], [22.03831, 60.45847], [22.03538, 60.45808], [22.0308, 60.46078], [22.03248, 60.46106], [22.03739, 60.45922], [22.04105, 60.46013], [22.04551, 60.45844], [22.05518, 60.45708], [22.06018, 60.45819], [22.06636, 60.45486], [22.07157, 60.45371], [22.07366, 60.45433], [22.07539, 60.45235], [22.0679, 60.45326], [22.06153, 60.4572], [22.05944, 60.45721], [22.05684, 60.45594], [22.04544, 60.4579]]]}}, {"type": "Feature", "properties": {"name": "Морской фасад", "layer": "exclusions", "kind": "harbour"}, "geometry": {"type": "Polygon", "coordinates": [[[30.19041, 59.94357], [30.19464, 59.95056], [30.18375, 59.9525], [30.18452, 59.95375], [30.19786, 59.95173], [30.19189, 59.94235], [30.18135, 59.94391], [30.18083, 59.94311], [30.17827, 59.94377], [30.17863, 59.94511], [30.19041, 59.94357]]]}}, {"type": "Feature", "properties": {"name": "Vikati sadam", "layer": "exclusions", "kind": "harbour"}, "geometry": {"type": "Polygon", "coordinates": [[[21.86311, 58.37207], [21.86173, 58.37117], [21.86161, 58.3716], [21.8622, 58.37233], [21.86311, 58.37207]]]}}, {"type": "Feature", "properties": {"name": "Pärnu Jahtklubi jahisadam", "layer": "exclusions", "kind": "harbour"}, "geometry": {"type": "Polygon", "coordinates": [[[24.48792, 58.38534], [24.48596, 58.38648], [24.48963, 58.38745], [24.48792, 58.38534]]]}}, {"type": "Feature", "properties": {"name": "Pikivalkama", "layer": "exclusions", "kind": "harbour"}, "geometry": {"type": "Polygon", "coordinates": [[[22.19963, 60.42732], [22.19918, 60.42701], [22.19825, 60.42716], [22.19963, 60.42732]]]}}, {"type": "Feature", "properties": {"name": "Puise kalasadam", "layer": "exclusions", "kind": "harbour"}, "geometry": {"type": "Polygon", "coordinates": [[[23.45556, 58.76522], [23.45422, 58.76525], [23.45538, 58.76474], [23.45355, 58.76497], [23.45425, 58.76551], [23.45556, 58.76522]]]}}, {"type": "Feature", "properties": {"name": "Österby paadisadam", "layer": "exclusions", "kind": "harbour"}, "geometry": {"type": "Polygon", "coordinates": [[[23.52085, 58.97596], [23.51766, 58.9756], [23.52098, 58.97728], [23.5221, 58.97661], [23.52085, 58.97596]]]}}, {"type": "Feature", "properties": {"name": "Hara sadam", "layer": "exclusions", "kind": "harbour"}, "geometry": {"type": "Polygon", "coordinates": [[[23.52961, 59.09161], [23.52849, 59.08987], [23.52878, 59.08935], [23.52964, 59.09126], [23.53047, 59.09189], [23.52878, 59.08929], [23.52796, 59.08949], [23.52961, 59.09161]]]}}, {"type": "Feature", "properties": {"name": "exclusions-739", "layer": "exclusions", "kind": "harbour"}, "geometry": {"type": "Polygon", "coordinates": [[[24.81697, 59.46838], [24.81688, 59.46839], [24.81748, 59.47011], [24.81697, 59.46838]]]}}, {"type": "Feature", "properties": {"name": "Neeme sadam", "layer": "exclusions", "kind": "harbour"}, "geometry": {"type": "Polygon", "coordinates": [[[25.16147, 59.53295], [25.16004, 59.53215], [25.16089, 59.53142], [25.16177, 59.53269], [25.16103, 59.53114], [25.15971, 59.53125], [25.16075, 59.53063], [25.15973, 59.53097], [25.15832, 59.53211], [25.16147, 59.53295]]]}}, {"type": "Feature", "properties": {"name": "Jõekääru sadam", "layer": "exclusions", "kind": "harbour"}, "geometry": {"type": "Polygon", "coordinates": [[[27.18225, 58.98322], [27.18272, 58.98287], [27.18158, 58.98259], [27.18225, 58.98322]]]}}, {"type": "Feature", "properties": {"name": "Voivalan venesatama", "layer": "exclusions", "kind": "harbour"}, "geometry": {"type": "Polygon", "coordinates": [[[22.42057, 60.40465], [22.42119, 60.4037], [22.41664, 60.40351], [22.41675, 60.40443], [22.42057, 60.40465]]]}}, {"type": "Feature", "properties": {"name": "Keinänlahden pienvenesatama", "layer": "exclusions", "kind": "harbour"}, "geometry": {"type": "Polygon", "coordinates": [[[27.62852, 62.92304], [27.62811, 62.92208], [27.62683, 62.92342], [27.62534, 62.92283], [27.6239, 62.92356], [27.6267, 62.92413], [27.62852, 62.92304]]]}}, {"type": "Feature", "properties": {"name": "Neulaniemen kärjen pienvenesatama", "layer": "exclusions", "kind": "harbour"}, "geometry": {"type": "Polygon", "coordinates": [[[27.57436, 62.91579], [27.57496, 62.91556], [27.57301, 62.91573], [27.57177, 62.91698], [27.57436, 62.91579]]]}}, {"type": "Feature", "properties": {"name": "Porvoon vierasvenesatama", "layer": "exclusions", "kind": "harbour"}, "geometry": {"type": "Polygon", "coordinates": [[[25.66356, 60.38794], [25.66251, 60.38785], [25.66229, 60.38815], [25.66356, 60.38794]]]}}, {"type": "Feature", "properties": {"name": "exclusions-746", "layer": "exclusions", "kind": "harbour"}, "geometry": {"type": "Polygon", "coordinates": [[[25.19852, 61.86027], [25.19755, 61.86047], [25.19798, 61.86039], [25.19852, 61.86027]]]}}, {"type": "Feature", "properties": {"name": "Päivärannan venesatama", "layer": "exclusions", "kind": "harbour"}, "geometry": {"type": "Polygon", "coordinates": [[[27.66374, 62.93781], [27.66572, 62.9378], [27.66523, 62.93666], [27.66374, 62.93781]]]}}, {"type": "Feature", "properties": {"name": "Rauman satama", "layer": "exclusions", "kind": "harbour"}, "geometry": {"type": "Polygon", "coordinates": [[[21.42628, 61.13684], [21.43299, 61.1366], [21.4468, 61.13039], [21.45025, 61.13229], [21.45514, 61.13058], [21.45542, 61.12966], [21.46216, 61.12987], [21.46267, 61.13101], [21.46471, 61.13113], [21.46643, 61.12926], [21.4736, 61.12934], [21.4717, 61.12869], [21.47357, 61.12826], [21.47156, 61.12717], [21.46324, 61.12676], [21.4557, 61.12749], [21.44948, 61.12649], [21.43006, 61.12645], [21.42646, 61.12747], [21.42512, 61.13004], [21.43477, 61.13114], [21.42529, 61.13138], [21.42679, 61.13189], [21.42511, 61.13324], [21.42628, 61.13684]]]}}, {"type": "Feature", "properties": {"name": "Kokkolan kantasatama", "layer": "exclusions", "kind": "harbour"}, "geometry": {"type": "Polygon", "coordinates": [[[23.04252, 63.8428], [23.03684, 63.84222], [23.03628, 63.84085], [23.03202, 63.83907], [23.02832, 63.84122], [23.02681, 63.84079], [23.02549, 63.84299], [23.01919, 63.84386], [23.01735, 63.84505], [23.01914, 63.84616], [23.01691, 63.85027], [23.02071, 63.84924], [23.02406, 63.84655], [23.02652, 63.8466], [23.02824, 63.84809], [23.0308, 63.84673], [23.04067, 63.84522], [23.04252, 63.8428]]]}}, {"type": "Feature", "properties": {"name": "Koljunuki sadam", "layer": "exclusions", "kind": "harbour"}, "geometry": {"type": "Polygon", "coordinates": [[[25.09184, 59.50514], [25.09103, 59.50444], [25.08766, 59.50557], [25.08837, 59.50624], [25.09184, 59.50514]]]}}, {"type": "Feature", "properties": {"name": "exclusions-751", "layer": "exclusions", "kind": "harbour"}, "geometry": {"type": "Polygon", "coordinates": [[[22.23657, 60.18499], [22.2359, 60.18489], [22.23543, 60.18541], [22.23657, 60.18499]]]}}, {"type": "Feature", "properties": {"name": "Lohusalu sadam", "layer": "exclusions", "kind": "harbour"}, "geometry": {"type": "Polygon", "coordinates": [[[24.20718, 59.40304], [24.20278, 59.40113], [24.20173, 59.40152], [24.20245, 59.40304], [24.20337, 59.4042], [24.20718, 59.40304]]]}}, {"type": "Feature", "properties": {"name": "kirjasto laituri", "layer": "exclusions", "kind": "harbour"}, "geometry": {"type": "Polygon", "coordinates": [[[22.27398, 60.45173], [22.27415, 60.45169], [22.27387, 60.45139], [22.27398, 60.45173]]]}}, {"type": "Feature", "properties": {"name": "kirjasto laituri", "layer": "exclusions", "kind": "harbour"}, "geometry": {"type": "Polygon", "coordinates": [[[22.27378, 60.45132], [22.27361, 60.45114], [22.27345, 60.45118], [22.27378, 60.45132]]]}}, {"type": "Feature", "properties": {"name": "exclusions-755", "layer": "exclusions", "kind": "harbour"}, "geometry": {"type": "Polygon", "coordinates": [[[22.26237, 60.44616], [22.26141, 60.44588], [22.26133, 60.44595], [22.26237, 60.44616]]]}}, {"type": "Feature", "properties": {"name": "exclusions-756", "layer": "exclusions", "kind": "harbour"}, "geometry": {"type": "Polygon", "coordinates": [[[22.25624, 60.44419], [22.25614, 60.44426], [22.2575, 60.44471], [22.25624, 60.44419]]]}}, {"type": "Feature", "properties": {"name": "exclusions-757", "layer": "exclusions", "kind": "harbour"}, "geometry": {"type": "Polygon", "coordinates": [[[28.92534, 61.85702], [28.9263, 61.85775], [28.92947, 61.85734], [28.92796, 61.85623], [28.92534, 61.85702]]]}}, {"type": "Feature", "properties": {"name": "Gåsgrund vierasvenesatama", "layer": "exclusions", "kind": "harbour"}, "geometry": {"type": "Polygon", "coordinates": [[[24.75434, 60.09566], [24.75396, 60.0954], [24.75326, 60.09558], [24.75434, 60.09566]]]}}, {"type": "Feature", "properties": {"name": "Klobbenin - Soukanlahden venesatama", "layer": "exclusions", "kind": "harbour"}, "geometry": {"type": "Polygon", "coordinates": [[[24.64799, 60.13507], [24.64545, 60.13601], [24.65026, 60.13704], [24.65144, 60.1363], [24.64799, 60.13507]]]}}, {"type": "Feature", "properties": {"name": "exclusions-760", "layer": "exclusions", "kind": "harbour"}, "geometry": {"type": "Polygon", "coordinates": [[[22.46388, 60.31447], [22.46381, 60.31377], [22.46268, 60.31406], [22.46388, 60.31447]]]}}, {"type": "Feature", "properties": {"name": "exclusions-761", "layer": "exclusions", "kind": "harbour"}, "geometry": {"type": "Polygon", "coordinates": [[[22.42178, 60.30293], [22.42138, 60.30282], [22.41972, 60.30323], [22.42178, 60.30293]]]}}, {"type": "Feature", "properties": {"name": "exclusions-762", "layer": "exclusions", "kind": "harbour"}, "geometry": {"type": "Polygon", "coordinates": [[[22.36742, 60.28988], [22.36749, 60.28996], [22.36816, 60.2898], [22.36742, 60.28988]]]}}, {"type": "Feature", "properties": {"name": "Juheta väikesadam", "layer": "exclusions", "kind": "harbour"}, "geometry": {"type": "Polygon", "coordinates": [[[24.29491, 58.36921], [24.29511, 58.36893], [24.29372, 58.36881], [24.29491, 58.36921]]]}}, {"type": "Feature", "properties": {"name": "Kurkse sadam", "layer": "exclusions", "kind": "harbour"}, "geometry": {"type": "Polygon", "coordinates": [[[24.02185, 59.28956], [24.02402, 59.28956], [24.02391, 59.28811], [24.02238, 59.28734], [24.0199, 59.28698], [24.01944, 59.2882], [24.02185, 59.28956]]]}}, {"type": "Feature", "properties": {"name": "Amiraalinsatama", "layer": "exclusions", "kind": "harbour"}, "geometry": {"type": "Polygon", "coordinates": [[[24.68089, 60.11696], [24.67929, 60.11684], [24.68099, 60.11728], [24.68361, 60.11608], [24.68061, 60.11494], [24.67954, 60.11531], [24.68131, 60.11628], [24.68089, 60.11696]]]}}, {"type": "Feature", "properties": {"name": "exclusions-766", "layer": "exclusions", "kind": "anchorage"}, "geometry": {"type": "Polygon", "coordinates": [[[28.68503, 60.7337], [28.68505, 60.7327], [28.68233, 60.7332], [28.68503, 60.7337]]]}}, {"type": "Feature", "properties": {"name": "Rantakestilä", "layer": "exclusions", "kind": "harbour"}, "geometry": {"type": "Polygon", "coordinates": [[[25.32076, 65.32471], [25.32499, 65.32432], [25.32203, 65.32297], [25.32001, 65.3236], [25.32076, 65.32471]]]}}, {"type": "Feature", "properties": {"name": "Kunnanviraston venelaiturit", "layer": "exclusions", "kind": "harbour"}, "geometry": {"type": "Polygon", "coordinates": [[[25.36368, 65.32335], [25.3648, 65.32321], [25.3638, 65.32246], [25.36368, 65.32335]]]}}, {"type": "Feature", "properties": {"name": "Lahden satama", "layer": "exclusions", "kind": "harbour"}, "geometry": {"type": "Polygon", "coordinates": [[[25.65107, 60.99544], [25.6477, 60.99442], [25.64627, 60.99298], [25.64354, 60.99358], [25.64654, 60.99667], [25.64931, 60.99751], [25.65125, 60.99644], [25.65107, 60.99544]]]}}, {"type": "Feature", "properties": {"name": "Teivaan satama", "layer": "exclusions", "kind": "harbour"}, "geometry": {"type": "Polygon", "coordinates": [[[25.63539, 60.98991], [25.63855, 60.9916], [25.64343, 60.98993], [25.64158, 60.98801], [25.63539, 60.98991]]]}}, {"type": "Feature", "properties": {"name": "Niemen satama", "layer": "exclusions", "kind": "harbour"}, "geometry": {"type": "Polygon", "coordinates": [[[25.65192, 61.01042], [25.65058, 61.00741], [25.6483, 61.00746], [25.64254, 61.01122], [25.6458, 61.01264], [25.65192, 61.01042]]]}}, {"type": "Feature", "properties": {"name": "exclusions-772", "layer": "exclusions", "kind": "anchorage"}, "geometry": {"type": "Polygon", "coordinates": [[[27.18478, 60.29619], [27.17487, 60.30183], [27.17607, 60.30515], [27.18676, 60.29879], [27.18478, 60.29619]]]}}, {"type": "Feature", "properties": {"name": "exclusions-773", "layer": "exclusions", "kind": "anchorage"}, "geometry": {"type": "Polygon", "coordinates": [[[27.2517, 60.42619], [27.25629, 60.43487], [27.26669, 60.43678], [27.25888, 60.42201], [27.2517, 60.42619]]]}}, {"type": "Feature", "properties": {"name": "exclusions-774", "layer": "exclusions", "kind": "anchorage"}, "geometry": {"type": "Polygon", "coordinates": [[[27.25501, 60.48278], [27.25443, 60.4773], [27.23723, 60.48394], [27.24785, 60.48555], [27.25501, 60.48278]]]}}, {"type": "Feature", "properties": {"name": "Nilsiän satama", "layer": "exclusions", "kind": "harbour"}, "geometry": {"type": "Polygon", "coordinates": [[[28.09198, 63.20601], [28.09266, 63.20657], [28.09489, 63.20607], [28.09499, 63.20491], [28.09198, 63.20601]]]}}, {"type": "Feature", "properties": {"name": "Cargo Transhipment", "layer": "exclusions", "kind": "anchorage"}, "geometry": {"type": "Polygon", "coordinates": [[[25.56101, 60.25635], [25.53123, 60.26469], [25.53585, 60.27188], [25.54464, 60.27771], [25.56101, 60.25635]]]}}, {"type": "Feature", "properties": {"name": "Hundipea sadam", "layer": "exclusions", "kind": "harbour"}, "geometry": {"type": "Polygon", "coordinates": [[[24.71903, 59.46055], [24.72242, 59.45962], [24.71892, 59.45681], [24.71684, 59.45687], [24.71631, 59.45625], [24.71508, 59.45796], [24.71638, 59.45817], [24.71757, 59.46025], [24.71903, 59.46055]]]}}, {"type": "Feature", "properties": {"name": "Lennusadam", "layer": "exclusions", "kind": "harbour"}, "geometry": {"type": "Polygon", "coordinates": [[[24.73989, 59.45065], [24.7373, 59.45069], [24.73734, 59.45262], [24.73496, 59.45292], [24.73826, 59.45845], [24.74333, 59.45667], [24.73989, 59.45065]]]}}, {"type": "Feature", "properties": {"name": "Noblessneri sadam", "layer": "exclusions", "kind": "harbour"}, "geometry": {"type": "Polygon", "coordinates": [[[24.73496, 59.45292], [24.73273, 59.4537], [24.73, 59.45214], [24.72793, 59.45259], [24.73487, 59.45903], [24.73826, 59.45845], [24.73496, 59.45292]]]}}, {"type": "Feature", "properties": {"name": "exclusions-780", "layer": "exclusions", "kind": "harbour"}, "geometry": {"type": "Polygon", "coordinates": [[[25.65887, 60.39168], [25.65857, 60.39163], [25.65738, 60.39316], [25.65887, 60.39168]]]}}, {"type": "Feature", "properties": {"name": "exclusions-781", "layer": "exclusions", "kind": "harbour"}, "geometry": {"type": "Polygon", "coordinates": [[[25.04181, 65.59575], [25.0278, 65.59955], [25.01845, 65.60532], [25.01519, 65.61219], [25.01851, 65.61909], [25.02792, 65.62499], [25.04199, 65.62899], [25.06317, 65.63046], [25.07953, 65.62884], [25.09304, 65.62473], [25.10164, 65.61875], [25.10401, 65.61182], [25.09981, 65.60499], [25.08968, 65.5993], [25.07516, 65.59562], [25.0578, 65.59453], [25.04181, 65.59575]]]}}, {"type": "Feature", "properties": {"name": "exclusions-782", "layer": "exclusions", "kind": "harbour"}, "geometry": {"type": "Polygon", "coordinates": [[[25.06076, 65.61278], [25.06092, 65.61216], [25.05694, 65.61226], [25.06076, 65.61278]]]}}, {"type": "Feature", "properties": {"name": "exclusions-783", "layer": "exclusions", "kind": "harbour"}, "geometry": {"type": "Polygon", "coordinates": [[[21.93788, 60.19097], [21.93975, 60.19136], [21.9412, 60.18784], [21.93843, 60.18852], [21.93788, 60.19097]]]}}, {"type": "Feature", "properties": {"name": "exclusions-784", "layer": "exclusions", "kind": "harbour"}, "geometry": {"type": "Polygon", "coordinates": [[[21.94325, 60.19273], [21.94368, 60.1915], [21.94299, 60.1922], [21.94005, 60.19227], [21.94325, 60.19273]]]}}, {"type": "Feature", "properties": {"name": "exclusions-785", "layer": "exclusions", "kind": "harbour"}, "geometry": {"type": "Polygon", "coordinates": [[[21.86266, 60.13505], [21.86304, 60.13473], [21.86246, 60.13478], [21.86266, 60.13505]]]}}, {"type": "Feature", "properties": {"name": "exclusions-786", "layer": "exclusions", "kind": "harbour"}, "geometry": {"type": "Polygon", "coordinates": [[[22.22462, 60.347], [22.22429, 60.34655], [22.22263, 60.34698], [22.22399, 60.34776], [22.22462, 60.347]]]}}, {"type": "Feature", "properties": {"name": "exclusions-787", "layer": "exclusions", "kind": "harbour"}, "geometry": {"type": "Polygon", "coordinates": [[[28.24427, 64.13701], [28.24413, 64.13709], [28.24459, 64.13725], [28.24427, 64.13701]]]}}, {"type": "Feature", "properties": {"name": "exclusions-788", "layer": "exclusions", "kind": "harbour"}, "geometry": {"type": "Polygon", "coordinates": [[[29.65593, 62.20498], [29.65593, 62.20517], [29.65615, 62.20516], [29.65593, 62.20498]]]}}, {"type": "Feature", "properties": {"name": "exclusions-789", "layer": "exclusions", "kind": "harbour"}, "geometry": {"type": "Polygon", "coordinates": [[[28.25291, 64.15456], [28.25223, 64.15428], [28.25191, 64.15473], [28.25291, 64.15456]]]}}, {"type": "Feature", "properties": {"name": "exclusions-790", "layer": "exclusions", "kind": "harbour"}, "geometry": {"type": "Polygon", "coordinates": [[[23.67778, 58.42948], [23.67545, 58.42926], [23.67755, 58.42952], [23.68388, 58.43185], [23.67778, 58.42948]]]}}, {"type": "Feature", "properties": {"name": "exclusions-791", "layer": "exclusions", "kind": "harbour"}, "geometry": {"type": "Polygon", "coordinates": [[[26.98621, 62.67966], [26.98387, 62.68082], [26.98375, 62.68078], [26.98203, 62.68176], [26.98621, 62.67966]]]}}, {"type": "Feature", "properties": {"name": "Lidö Gästhamn", "layer": "exclusions", "kind": "harbour"}, "geometry": {"type": "Polygon", "coordinates": [[[19.07733, 59.77336], [19.07753, 59.77357], [19.07879, 59.77335], [19.07733, 59.77336]]]}}, {"type": "Feature", "properties": {"name": "exclusions-793", "layer": "exclusions", "kind": "harbour"}, "geometry": {"type": "Polygon", "coordinates": [[[21.47105, 63.01178], [21.47063, 63.01177], [21.47058, 63.01208], [21.47105, 63.01178]]]}}, {"type": "Feature", "properties": {"name": "Isosaaren Vierasvenesatama", "layer": "exclusions", "kind": "harbour"}, "geometry": {"type": "Polygon", "coordinates": [[[25.0666, 60.10492], [25.068, 60.10462], [25.06726, 60.10428], [25.06619, 60.10424], [25.0666, 60.10492]]]}}, {"type": "Feature", "properties": {"name": "Lugaport", "layer": "exclusions", "kind": "harbour"}, "geometry": {"type": "Polygon", "coordinates": [[[28.43583, 59.7407], [28.44246, 59.74082], [28.44375, 59.73215], [28.44159, 59.72736], [28.44039, 59.72745], [28.43838, 59.72539], [28.43916, 59.72469], [28.43423, 59.72468], [28.43565, 59.72598], [28.43477, 59.72883], [28.43583, 59.7407]]]}}, {"type": "Feature", "properties": {"name": "Яхт-клуб \"Бриз\"", "layer": "exclusions", "kind": "harbour"}, "geometry": {"type": "Polygon", "coordinates": [[[30.25976, 59.95634], [30.26025, 59.95674], [30.2642, 59.95618], [30.26227, 59.9557], [30.25976, 59.95634]]]}}, {"type": "Feature", "properties": {"name": "Kuopion Pursiseura - Pirttiniemen tukikohta", "layer": "exclusions", "kind": "harbour"}, "geometry": {"type": "Polygon", "coordinates": [[[27.72772, 62.90382], [27.72678, 62.90478], [27.72804, 62.90492], [27.72607, 62.90609], [27.72796, 62.90556], [27.73068, 62.90695], [27.73347, 62.90675], [27.73373, 62.90553], [27.72897, 62.90177], [27.72406, 62.90323], [27.72427, 62.9039], [27.72772, 62.90382]]]}}, {"type": "Feature", "properties": {"name": "Kuopionlahden venesatama", "layer": "exclusions", "kind": "harbour"}, "geometry": {"type": "Polygon", "coordinates": [[[27.6836, 62.88669], [27.68373, 62.88432], [27.6805, 62.88446], [27.68051, 62.88593], [27.683, 62.88608], [27.68146, 62.88615], [27.6836, 62.88669]]]}}, {"type": "Feature", "properties": {"name": "Honkalahden venesatama", "layer": "exclusions", "kind": "harbour"}, "geometry": {"type": "Polygon", "coordinates": [[[27.72285, 62.90281], [27.72529, 62.90263], [27.72542, 62.90172], [27.7224, 62.90181], [27.72285, 62.90281]]]}}, {"type": "Feature", "properties": {"name": "Julkulanniemen veneranta", "layer": "exclusions", "kind": "harbour"}, "geometry": {"type": "Polygon", "coordinates": [[[27.62707, 62.92873], [27.62458, 62.93005], [27.62409, 62.92911], [27.62374, 62.93034], [27.62467, 62.93036], [27.62707, 62.92873]]]}}, {"type": "Feature", "properties": {"name": "Naurislahden veneranta", "layer": "exclusions", "kind": "harbour"}, "geometry": {"type": "Polygon", "coordinates": [[[27.62415, 62.92653], [27.62529, 62.92641], [27.62516, 62.92617], [27.62415, 62.92653]]]}}, {"type": "Feature", "properties": {"name": "Rauhalahden venesatama", "layer": "exclusions", "kind": "harbour"}, "geometry": {"type": "Polygon", "coordinates": [[[27.65289, 62.8654], [27.65288, 62.86522], [27.65214, 62.86523], [27.65289, 62.8654]]]}}, {"type": "Feature", "properties": {"name": "Rönö-Varvin venesatama", "layer": "exclusions", "kind": "harbour"}, "geometry": {"type": "Polygon", "coordinates": [[[27.7132, 62.8812], [27.71443, 62.88207], [27.71384, 62.88068], [27.7132, 62.8812]]]}}, {"type": "Feature", "properties": {"name": "Niuvanportin venesatama", "layer": "exclusions", "kind": "harbour"}, "geometry": {"type": "Polygon", "coordinates": [[[27.62292, 62.90631], [27.62067, 62.90688], [27.62266, 62.90714], [27.62292, 62.90631]]]}}, {"type": "Feature", "properties": {"name": "Kumpusaaren venesatama", "layer": "exclusions", "kind": "harbour"}, "geometry": {"type": "Polygon", "coordinates": [[[27.67746, 62.87211], [27.67056, 62.87115], [27.67055, 62.87279], [27.67477, 62.87356], [27.67746, 62.87211]]]}}, {"type": "Feature", "properties": {"name": "Pargas Gästhamn", "layer": "exclusions", "kind": "harbour"}, "geometry": {"type": "Polygon", "coordinates": [[[22.29929, 60.29685], [22.30394, 60.29745], [22.30448, 60.29618], [22.30332, 60.29581], [22.29949, 60.29624], [22.29929, 60.29685]]]}}, {"type": "Feature", "properties": {"name": "Jynkän venesatama", "layer": "exclusions", "kind": "harbour"}, "geometry": {"type": "Polygon", "coordinates": [[[27.67141, 62.85142], [27.67142, 62.85049], [27.66896, 62.85048], [27.66928, 62.85133], [27.67141, 62.85142]]]}}, {"type": "Feature", "properties": {"name": "Kirkonkylän veneranta", "layer": "exclusions", "kind": "harbour"}, "geometry": {"type": "Polygon", "coordinates": [[[24.31349, 60.41545], [24.31455, 60.41604], [24.31606, 60.41522], [24.31515, 60.41471], [24.31349, 60.41545]]]}}, {"type": "Feature", "properties": {"name": "Nummelan veneranta", "layer": "exclusions", "kind": "harbour"}, "geometry": {"type": "Polygon", "coordinates": [[[24.28547, 60.34598], [24.28452, 60.34637], [24.28627, 60.34741], [24.28752, 60.34668], [24.28547, 60.34598]]]}}, {"type": "Feature", "properties": {"name": "Aurlahden venesatama", "layer": "exclusions", "kind": "harbour"}, "geometry": {"type": "Polygon", "coordinates": [[[24.05002, 60.2476], [24.04815, 60.2492], [24.05094, 60.25001], [24.05185, 60.24923], [24.05301, 60.24957], [24.05002, 60.2476]]]}}, {"type": "Feature", "properties": {"name": "Moision veneranta", "layer": "exclusions", "kind": "harbour"}, "geometry": {"type": "Polygon", "coordinates": [[[24.08177, 60.26096], [24.08039, 60.26041], [24.08144, 60.26109], [24.08177, 60.26096]]]}}, {"type": "Feature", "properties": {"name": "exclusions-812", "layer": "exclusions", "kind": "harbour"}, "geometry": {"type": "Polygon", "coordinates": [[[22.1704, 65.57428], [22.17, 65.57429], [22.17004, 65.57483], [22.1704, 65.57428]]]}}, {"type": "Feature", "properties": {"name": "Voudinpuiston venelaituri", "layer": "exclusions", "kind": "harbour"}, "geometry": {"type": "Polygon", "coordinates": [[[24.02639, 60.2392], [24.0263, 60.23835], [24.02496, 60.2384], [24.0248, 60.23919], [24.02639, 60.2392]]]}}, {"type": "Feature", "properties": {"name": "exclusions-814", "layer": "exclusions", "kind": "harbour"}, "geometry": {"type": "Polygon", "coordinates": [[[27.83409, 63.12387], [27.83468, 63.12365], [27.83352, 63.12385], [27.83409, 63.12387]]]}}, {"type": "Feature", "properties": {"name": "Kuopion Pursiseura - Iivarinsalon tukikohta", "layer": "exclusions", "kind": "harbour"}, "geometry": {"type": "Polygon", "coordinates": [[[27.83714, 62.81711], [27.83643, 62.81652], [27.83409, 62.81711], [27.83506, 62.81767], [27.83714, 62.81711]]]}}, {"type": "Feature", "properties": {"name": "Hietasalon laituri", "layer": "exclusions", "kind": "harbour"}, "geometry": {"type": "Polygon", "coordinates": [[[27.75536, 62.85056], [27.75518, 62.85075], [27.75567, 62.85084], [27.75536, 62.85056]]]}}, {"type": "Feature", "properties": {"name": "Annanniemen venesatama", "layer": "exclusions", "kind": "harbour"}, "geometry": {"type": "Polygon", "coordinates": [[[29.54923, 64.13119], [29.55061, 64.13116], [29.55051, 64.13051], [29.54923, 64.13119]]]}}, {"type": "Feature", "properties": {"name": "Maakunnanranta", "layer": "exclusions", "kind": "harbour"}, "geometry": {"type": "Polygon", "coordinates": [[[29.51515, 64.12913], [29.51541, 64.12881], [29.51479, 64.12873], [29.51515, 64.12913]]]}}, {"type": "Feature", "properties": {"name": "Laukaan satama", "layer": "exclusions", "kind": "harbour"}, "geometry": {"type": "Polygon", "coordinates": [[[25.96227, 62.41145], [25.96496, 62.41047], [25.96403, 62.40992], [25.96078, 62.41086], [25.96227, 62.41145]]]}}, {"type": "Feature", "properties": {"name": "exclusions-820", "layer": "exclusions", "kind": "harbour"}, "geometry": {"type": "Polygon", "coordinates": [[[24.42809, 60.70606], [24.42778, 60.70554], [24.42693, 60.70566], [24.42809, 60.70606]]]}}, {"type": "Feature", "properties": {"name": "exclusions-821", "layer": "exclusions", "kind": "harbour"}, "geometry": {"type": "Polygon", "coordinates": [[[25.8138, 61.52969], [25.81402, 61.52974], [25.8137, 61.52952], [25.8138, 61.52969]]]}}, {"type": "Feature", "properties": {"name": "Riihiniemi", "layer": "exclusions", "kind": "harbour"}, "geometry": {"type": "Polygon", "coordinates": [[[25.80913, 62.21835], [25.80892, 62.21846], [25.81118, 62.21948], [25.8128, 62.21976], [25.80913, 62.21835]]]}}, {"type": "Feature", "properties": {"name": "Samulinniemi", "layer": "exclusions", "kind": "harbour"}, "geometry": {"type": "Polygon", "coordinates": [[[25.81405, 62.22277], [25.81174, 62.22276], [25.81173, 62.22301], [25.81405, 62.22277]]]}}, {"type": "Feature", "properties": {"name": "Kuokkalan pienvenesatama", "layer": "exclusions", "kind": "harbour"}, "geometry": {"type": "Polygon", "coordinates": [[[25.80832, 62.22476], [25.81063, 62.22555], [25.81255, 62.22451], [25.81089, 62.22386], [25.80832, 62.22476]]]}}, {"type": "Feature", "properties": {"name": "Haapaniemi", "layer": "exclusions", "kind": "harbour"}, "geometry": {"type": "Polygon", "coordinates": [[[25.86463, 62.21711], [25.8643, 62.21607], [25.8619, 62.21549], [25.86186, 62.21791], [25.86463, 62.21711]]]}}, {"type": "Feature", "properties": {"name": "Niemeläntien venesatama", "layer": "exclusions", "kind": "harbour"}, "geometry": {"type": "Polygon", "coordinates": [[[25.7607, 62.13792], [25.76178, 62.13775], [25.76124, 62.13726], [25.75863, 62.13735], [25.7607, 62.13792]]]}}, {"type": "Feature", "properties": {"name": "Karhusaaren venesatama", "layer": "exclusions", "kind": "harbour"}, "geometry": {"type": "Polygon", "coordinates": [[[25.2384, 60.25268], [25.24002, 60.25064], [25.23906, 60.24929], [25.23448, 60.25061], [25.23451, 60.25229], [25.23657, 60.25322], [25.2384, 60.25268]]]}}, {"type": "Feature", "properties": {"name": "Valkon venesatama", "layer": "exclusions", "kind": "harbour"}, "geometry": {"type": "Polygon", "coordinates": [[[26.25347, 60.40292], [26.25592, 60.40312], [26.2551, 60.40215], [26.25185, 60.40179], [26.25347, 60.40292]]]}}, {"type": "Feature", "properties": {"name": "Östra Nylands Segelförening", "layer": "exclusions", "kind": "harbour"}, "geometry": {"type": "Polygon", "coordinates": [[[26.25282, 60.44446], [26.25339, 60.44518], [26.25466, 60.44487], [26.25282, 60.44446]]]}}, {"type": "Feature", "properties": {"name": "Linlo Marina", "layer": "exclusions", "kind": "harbour"}, "geometry": {"type": "Polygon", "coordinates": [[[24.42284, 60.03205], [24.42366, 60.03225], [24.42526, 60.03148], [24.42445, 60.02953], [24.42361, 60.02918], [24.4223, 60.03023], [24.42284, 60.03205]]]}}, {"type": "Feature", "properties": {"name": "Juurikkasaaren satama", "layer": "exclusions", "kind": "harbour"}, "geometry": {"type": "Polygon", "coordinates": [[[25.77622, 62.14771], [25.77641, 62.147], [25.7724, 62.14758], [25.77208, 62.14837], [25.77622, 62.14771]]]}}, {"type": "Feature", "properties": {"name": "Säynätsalon venesatama", "layer": "exclusions", "kind": "harbour"}, "geometry": {"type": "Polygon", "coordinates": [[[25.78225, 62.1408], [25.78049, 62.13997], [25.77856, 62.13984], [25.77666, 62.14105], [25.77889, 62.14174], [25.78225, 62.1408]]]}}, {"type": "Feature", "properties": {"name": "exclusions-833", "layer": "exclusions", "kind": "harbour"}, "geometry": {"type": "Polygon", "coordinates": [[[26.01967, 60.44405], [26.02038, 60.44335], [26.02007, 60.44329], [26.01967, 60.44405]]]}}, {"type": "Feature", "properties": {"name": "Kabböle Marina", "layer": "exclusions", "kind": "harbour"}, "geometry": {"type": "Polygon", "coordinates": [[[26.08201, 60.30551], [26.08191, 60.3051], [26.08048, 60.30588], [26.08201, 60.30551]]]}}, {"type": "Feature", "properties": {"name": "exclusions-835", "layer": "exclusions", "kind": "harbour"}, "geometry": {"type": "Polygon", "coordinates": [[[26.43934, 60.36364], [26.44073, 60.36348], [26.43991, 60.36323], [26.43934, 60.36364]]]}}, {"type": "Feature", "properties": {"name": "Hattulan satama", "layer": "exclusions", "kind": "harbour"}, "geometry": {"type": "Polygon", "coordinates": [[[24.38748, 61.06351], [24.38745, 61.06399], [24.38882, 61.06381], [24.38748, 61.06351]]]}}, {"type": "Feature", "properties": {"name": "exclusions-837", "layer": "exclusions", "kind": "harbour"}, "geometry": {"type": "Polygon", "coordinates": [[[27.7657, 63.11313], [27.76589, 63.11274], [27.76465, 63.11274], [27.7657, 63.11313]]]}}, {"type": "Feature", "properties": {"name": "Jokiniemen venelaituri", "layer": "exclusions", "kind": "harbour"}, "geometry": {"type": "Polygon", "coordinates": [[[25.95195, 62.42986], [25.95286, 62.42977], [25.95258, 62.42947], [25.95195, 62.42986]]]}}, {"type": "Feature", "properties": {"name": "exclusions-839", "layer": "exclusions", "kind": "harbour"}, "geometry": {"type": "Polygon", "coordinates": [[[21.90296, 60.18837], [21.90338, 60.18798], [21.90132, 60.188], [21.90296, 60.18837]]]}}, {"type": "Feature", "properties": {"name": "exclusions-840", "layer": "exclusions", "kind": "harbour"}, "geometry": {"type": "Polygon", "coordinates": [[[21.9065, 60.19022], [21.90598, 60.19034], [21.90584, 60.19057], [21.90665, 60.19027], [21.9065, 60.19022]]]}}, {"type": "Feature", "properties": {"name": "Kanavanrannan  venesatama", "layer": "exclusions", "kind": "harbour"}, "geometry": {"type": "Polygon", "coordinates": [[[27.70546, 62.84886], [27.7041, 62.84862], [27.70438, 62.84918], [27.70562, 62.84965], [27.70546, 62.84886]]]}}, {"type": "Feature", "properties": {"name": "Pirttilahden puistoalueen veneranta", "layer": "exclusions", "kind": "harbour"}, "geometry": {"type": "Polygon", "coordinates": [[[27.68798, 62.8182], [27.68783, 62.81783], [27.68616, 62.81895], [27.68798, 62.8182]]]}}, {"type": "Feature", "properties": {"name": "Jynkän puistoalueen veneranta", "layer": "exclusions", "kind": "harbour"}, "geometry": {"type": "Polygon", "coordinates": [[[27.65342, 62.84912], [27.65351, 62.84905], [27.65249, 62.84881], [27.65342, 62.84912]]]}}, {"type": "Feature", "properties": {"name": "Rautoniemen veneranta", "layer": "exclusions", "kind": "harbour"}, "geometry": {"type": "Polygon", "coordinates": [[[27.74555, 62.81979], [27.74565, 62.81929], [27.74348, 62.81924], [27.74555, 62.81979]]]}}, {"type": "Feature", "properties": {"name": "Rautokannan veneranta", "layer": "exclusions", "kind": "harbour"}, "geometry": {"type": "Polygon", "coordinates": [[[27.7329, 62.82048], [27.73236, 62.82059], [27.73192, 62.82156], [27.73353, 62.82124], [27.7329, 62.82048]]]}}, {"type": "Feature", "properties": {"name": "Rautokannan pohjoinen veneranta", "layer": "exclusions", "kind": "harbour"}, "geometry": {"type": "Polygon", "coordinates": [[[27.73196, 62.82251], [27.73223, 62.8225], [27.7322, 62.82236], [27.73196, 62.82251]]]}}, {"type": "Feature", "properties": {"name": "exclusions-847", "layer": "exclusions", "kind": "harbour"}, "geometry": {"type": "Polygon", "coordinates": [[[22.64618, 60.39971], [22.64682, 60.39957], [22.64524, 60.39955], [22.64618, 60.39971]]]}}, {"type": "Feature", "properties": {"name": "Itäsatama", "layer": "exclusions", "kind": "harbour"}, "geometry": {"type": "Polygon", "coordinates": [[[22.96227, 59.82105], [22.96408, 59.82137], [22.96788, 59.81986], [22.96823, 59.81838], [22.96353, 59.81948], [22.96227, 59.82105]]]}}, {"type": "Feature", "properties": {"name": "Itämeren Portti", "layer": "exclusions", "kind": "harbour"}, "geometry": {"type": "Polygon", "coordinates": [[[22.96294, 59.81673], [22.96325, 59.81794], [22.96523, 59.81874], [22.96947, 59.81732], [22.9665, 59.81629], [22.96294, 59.81673]]]}}, {"type": "Feature", "properties": {"name": "Räpina sadam", "layer": "exclusions", "kind": "harbour"}, "geometry": {"type": "Polygon", "coordinates": [[[27.5313, 58.12438], [27.52865, 58.12406], [27.52877, 58.12591], [27.53024, 58.12588], [27.5313, 58.12438]]]}}, {"type": "Feature", "properties": {"name": "Saaga sadam", "layer": "exclusions", "kind": "harbour"}, "geometry": {"type": "Polygon", "coordinates": [[[26.99499, 58.37995], [26.99008, 58.38073], [26.99045, 58.38137], [26.99535, 58.38058], [26.99499, 58.37995]]]}}, {"type": "Feature", "properties": {"name": "Ürgoru paadisadam", "layer": "exclusions", "kind": "harbour"}, "geometry": {"type": "Polygon", "coordinates": [[[26.99151, 58.37892], [26.98915, 58.37939], [26.98975, 58.38004], [26.99228, 58.37957], [26.99151, 58.37892]]]}}, {"type": "Feature", "properties": {"name": "Rumar Gästhamn", "layer": "exclusions", "kind": "harbour"}, "geometry": {"type": "Polygon", "coordinates": [[[21.64622, 60.11158], [21.64452, 60.11158], [21.64451, 60.11201], [21.64622, 60.11158]]]}}, {"type": "Feature", "properties": {"name": "Pargas Snäckviken", "layer": "exclusions", "kind": "harbour"}, "geometry": {"type": "Polygon", "coordinates": [[[22.30698, 60.29827], [22.30819, 60.29655], [22.3051, 60.29641], [22.30472, 60.29761], [22.30698, 60.29827]]]}}, {"type": "Feature", "properties": {"name": "Hartolan venesatama", "layer": "exclusions", "kind": "harbour"}, "geometry": {"type": "Polygon", "coordinates": [[[26.05076, 61.58782], [26.04974, 61.58735], [26.04866, 61.58934], [26.05016, 61.58948], [26.05076, 61.58782]]]}}, {"type": "Feature", "properties": {"name": "Mikonkarin kalasatama", "layer": "exclusions", "kind": "harbour"}, "geometry": {"type": "Polygon", "coordinates": [[[24.50811, 64.70878], [24.50596, 64.70843], [24.50573, 64.7092], [24.50687, 64.70966], [24.50811, 64.70878]]]}}, {"type": "Feature", "properties": {"name": "Korpoström gästhamn", "layer": "exclusions", "kind": "harbour"}, "geometry": {"type": "Polygon", "coordinates": [[[21.60097, 60.11009], [21.59916, 60.10959], [21.59879, 60.1104], [21.60024, 60.11081], [21.60097, 60.11009]]]}}, {"type": "Feature", "properties": {"name": "Haukilahden venesatama", "layer": "exclusions", "kind": "harbour"}, "geometry": {"type": "Polygon", "coordinates": [[[24.77118, 60.15782], [24.77248, 60.15686], [24.77081, 60.15561], [24.77253, 60.15568], [24.77363, 60.1548], [24.76906, 60.15278], [24.77071, 60.15485], [24.76976, 60.15625], [24.76687, 60.15714], [24.77118, 60.15782]]]}}, {"type": "Feature", "properties": {"name": "Kettulanlahden venesatama", "layer": "exclusions", "kind": "harbour"}, "geometry": {"type": "Polygon", "coordinates": [[[27.6927, 62.92242], [27.6919, 62.922], [27.69089, 62.92313], [27.69104, 62.9236], [27.6927, 62.92242]]]}}, {"type": "Feature", "properties": {"name": "Melalahden venesatama", "layer": "exclusions", "kind": "harbour"}, "geometry": {"type": "Polygon", "coordinates": [[[28.15805, 62.91587], [28.15828, 62.91444], [28.15743, 62.91452], [28.15645, 62.91555], [28.15805, 62.91587]]]}}, {"type": "Feature", "properties": {"name": "Siikalahden venesatama", "layer": "exclusions", "kind": "harbour"}, "geometry": {"type": "Polygon", "coordinates": [[[27.6465, 62.87921], [27.64787, 62.87927], [27.64575, 62.87874], [27.64545, 62.87975], [27.6465, 62.87921]]]}}, {"type": "Feature", "properties": {"name": "Haapaniemen veneranta", "layer": "exclusions", "kind": "harbour"}, "geometry": {"type": "Polygon", "coordinates": [[[27.68367, 62.88247], [27.68418, 62.88199], [27.68376, 62.88195], [27.68367, 62.88247]]]}}, {"type": "Feature", "properties": {"name": "Särkiniemen veneranta", "layer": "exclusions", "kind": "harbour"}, "geometry": {"type": "Polygon", "coordinates": [[[27.64274, 62.87128], [27.64271, 62.87114], [27.64191, 62.87127], [27.64274, 62.87128]]]}}, {"type": "Feature", "properties": {"name": "Leipäniemen veneranta", "layer": "exclusions", "kind": "harbour"}, "geometry": {"type": "Polygon", "coordinates": [[[27.6537, 62.87915], [27.65374, 62.87897], [27.65246, 62.87885], [27.6537, 62.87915]]]}}, {"type": "Feature", "properties": {"name": "Siirtolapuutarhan veneranta", "layer": "exclusions", "kind": "harbour"}, "geometry": {"type": "Polygon", "coordinates": [[[27.68299, 62.93291], [27.6827, 62.93273], [27.68197, 62.93307], [27.68299, 62.93291]]]}}, {"type": "Feature", "properties": {"name": "exclusions-866", "layer": "exclusions", "kind": "harbour"}, "geometry": {"type": "Polygon", "coordinates": [[[27.5678, 62.91045], [27.56863, 62.91112], [27.56894, 62.91049], [27.5678, 62.91045]]]}}, {"type": "Feature", "properties": {"name": "Raninin veneranta", "layer": "exclusions", "kind": "harbour"}, "geometry": {"type": "Polygon", "coordinates": [[[27.69702, 62.88798], [27.69664, 62.88796], [27.6963, 62.88922], [27.69702, 62.88798]]]}}, {"type": "Feature", "properties": {"name": "Ruokolahden veneranta", "layer": "exclusions", "kind": "harbour"}, "geometry": {"type": "Polygon", "coordinates": [[[27.65871, 62.85977], [27.65937, 62.85943], [27.65878, 62.85926], [27.65755, 62.85981], [27.65871, 62.85977]]]}}, {"type": "Feature", "properties": {"name": "Virranniemen veneranta", "layer": "exclusions", "kind": "harbour"}, "geometry": {"type": "Polygon", "coordinates": [[[27.67542, 62.97639], [27.67614, 62.97641], [27.67534, 62.97614], [27.67542, 62.97639]]]}}, {"type": "Feature", "properties": {"name": "Pajulahdenrannan venesatama", "layer": "exclusions", "kind": "harbour"}, "geometry": {"type": "Polygon", "coordinates": [[[27.62745, 62.93662], [27.62765, 62.93681], [27.62858, 62.93673], [27.6294, 62.93535], [27.62745, 62.93662]]]}}, {"type": "Feature", "properties": {"name": "Koivulahden venesatama", "layer": "exclusions", "kind": "harbour"}, "geometry": {"type": "Polygon", "coordinates": [[[28.34178, 63.05977], [28.34132, 63.05855], [28.33983, 63.05893], [28.34178, 63.05977]]]}}, {"type": "Feature", "properties": {"name": "Muuruveden venesatama", "layer": "exclusions", "kind": "harbour"}, "geometry": {"type": "Polygon", "coordinates": [[[28.21564, 63.00949], [28.2143, 63.00974], [28.21425, 63.00999], [28.21564, 63.00949]]]}}, {"type": "Feature", "properties": {"name": "Pikonniemen venesatama", "layer": "exclusions", "kind": "harbour"}, "geometry": {"type": "Polygon", "coordinates": [[[28.32075, 63.07629], [28.31952, 63.07629], [28.31955, 63.07695], [28.3209, 63.07704], [28.32075, 63.07629]]]}}, {"type": "Feature", "properties": {"name": "Pilpanlahden veneranta", "layer": "exclusions", "kind": "harbour"}, "geometry": {"type": "Polygon", "coordinates": [[[27.58303, 62.87013], [27.5831, 62.86904], [27.58161, 62.87018], [27.58303, 62.87013]]]}}, {"type": "Feature", "properties": {"name": "Päivärannan puistoalueen veneranta", "layer": "exclusions", "kind": "harbour"}, "geometry": {"type": "Polygon", "coordinates": [[[27.65968, 62.93877], [27.66364, 62.93746], [27.65492, 62.93916], [27.65968, 62.93877]]]}}, {"type": "Feature", "properties": {"name": "Honkasaaren puistoalueen veneranta", "layer": "exclusions", "kind": "harbour"}, "geometry": {"type": "Polygon", "coordinates": [[[27.7158, 62.878], [27.71643, 62.87798], [27.71524, 62.87725], [27.7158, 62.878]]]}}, {"type": "Feature", "properties": {"name": "Rantatien veneranta", "layer": "exclusions", "kind": "harbour"}, "geometry": {"type": "Polygon", "coordinates": [[[28.21498, 63.00841], [28.21431, 63.00835], [28.21415, 63.00862], [28.21498, 63.00841]]]}}, {"type": "Feature", "properties": {"name": "Nurmitien veneranta", "layer": "exclusions", "kind": "harbour"}, "geometry": {"type": "Polygon", "coordinates": [[[27.63964, 62.87205], [27.6401, 62.8719], [27.63864, 62.87211], [27.63964, 62.87205]]]}}, {"type": "Feature", "properties": {"name": "Kielorannan veneranta", "layer": "exclusions", "kind": "harbour"}, "geometry": {"type": "Polygon", "coordinates": [[[27.65604, 62.8286], [27.65572, 62.82853], [27.65527, 62.82892], [27.65604, 62.8286]]]}}, {"type": "Feature", "properties": {"name": "Valkamarannan veneranta (länsiosa)", "layer": "exclusions", "kind": "harbour"}, "geometry": {"type": "Polygon", "coordinates": [[[27.62678, 62.82787], [27.62568, 62.82806], [27.62588, 62.82829], [27.62678, 62.82787]]]}}, {"type": "Feature", "properties": {"name": "Valkamarannan veneranta (itäosa)", "layer": "exclusions", "kind": "harbour"}, "geometry": {"type": "Polygon", "coordinates": [[[27.63042, 62.82565], [27.6302, 62.82558], [27.62995, 62.82587], [27.63042, 62.82565]]]}}, {"type": "Feature", "properties": {"name": "Saaranlahden satama", "layer": "exclusions", "kind": "harbour"}, "geometry": {"type": "Polygon", "coordinates": [[[25.68533, 62.12345], [25.68595, 62.12272], [25.68343, 62.1225], [25.68286, 62.12324], [25.68533, 62.12345]]]}}, {"type": "Feature", "properties": {"name": "Alliklepa sadam", "layer": "exclusions", "kind": "harbour"}, "geometry": {"type": "Polygon", "coordinates": [[[23.79487, 59.28446], [23.79488, 59.28407], [23.7918, 59.28409], [23.79306, 59.28509], [23.79487, 59.28446]]]}}, {"type": "Feature", "properties": {"name": "Ruukinrannan venesatama", "layer": "exclusions", "kind": "harbour"}, "geometry": {"type": "Polygon", "coordinates": [[[28.49466, 63.21067], [28.49434, 63.2104], [28.4934, 63.21096], [28.49466, 63.21067]]]}}, {"type": "Feature", "properties": {"name": "Nuottiniemen veneranta", "layer": "exclusions", "kind": "harbour"}, "geometry": {"type": "Polygon", "coordinates": [[[28.33303, 63.07087], [28.33264, 63.07104], [28.33317, 63.07118], [28.33303, 63.07087]]]}}, {"type": "Feature", "properties": {"name": "Puhdistamon veneranta", "layer": "exclusions", "kind": "harbour"}, "geometry": {"type": "Polygon", "coordinates": [[[28.19519, 63.01143], [28.19464, 63.01071], [28.19321, 63.01095], [28.19432, 63.01174], [28.19519, 63.01143]]]}}, {"type": "Feature", "properties": {"name": "Kumpuniemen veneranta", "layer": "exclusions", "kind": "harbour"}, "geometry": {"type": "Polygon", "coordinates": [[[28.18946, 63.01012], [28.18842, 63.01013], [28.18849, 63.01047], [28.18946, 63.01012]]]}}, {"type": "Feature", "properties": {"name": "Soela sadam", "layer": "exclusions", "kind": "harbour"}, "geometry": {"type": "Polygon", "coordinates": [[[22.59399, 58.61784], [22.59168, 58.61619], [22.59128, 58.61765], [22.59399, 58.61784]]]}}, {"type": "Feature", "properties": {"name": "Kadariku sadam", "layer": "exclusions", "kind": "harbour"}, "geometry": {"type": "Polygon", "coordinates": [[[23.68581, 58.4541], [23.68399, 58.4544], [23.68522, 58.455], [23.6863, 58.4548], [23.68581, 58.4541]]]}}, {"type": "Feature", "properties": {"name": "Laivarannan veneranta", "layer": "exclusions", "kind": "harbour"}, "geometry": {"type": "Polygon", "coordinates": [[[28.32257, 63.07201], [28.32227, 63.07194], [28.32132, 63.07231], [28.32257, 63.07201]]]}}, {"type": "Feature", "properties": {"name": "Kotilokadun veneranta", "layer": "exclusions", "kind": "harbour"}, "geometry": {"type": "Polygon", "coordinates": [[[27.70665, 62.85725], [27.7068, 62.85671], [27.70607, 62.8568], [27.70665, 62.85725]]]}}, {"type": "Feature", "properties": {"name": "Tervarannan veneranta", "layer": "exclusions", "kind": "harbour"}, "geometry": {"type": "Polygon", "coordinates": [[[27.71574, 62.83717], [27.71488, 62.83704], [27.71504, 62.83732], [27.71574, 62.83717]]]}}, {"type": "Feature", "properties": {"name": "Kaivannonlahden veneranta", "layer": "exclusions", "kind": "harbour"}, "geometry": {"type": "Polygon", "coordinates": [[[27.68601, 62.86049], [27.68656, 62.86021], [27.68612, 62.86016], [27.68601, 62.86049]]]}}, {"type": "Feature", "properties": {"name": "Maaningan venesatama", "layer": "exclusions", "kind": "harbour"}, "geometry": {"type": "Polygon", "coordinates": [[[27.29105, 63.1588], [27.29439, 63.15905], [27.29382, 63.15855], [27.29183, 63.15812], [27.29105, 63.1588]]]}}, {"type": "Feature", "properties": {"name": "Poronpuiston veneranta", "layer": "exclusions", "kind": "harbour"}, "geometry": {"type": "Polygon", "coordinates": [[[27.69085, 62.93082], [27.6914, 62.93061], [27.69096, 62.93046], [27.69085, 62.93082]]]}}, {"type": "Feature", "properties": {"name": "Pohjoisranta Harbour", "layer": "exclusions", "kind": "harbour"}, "geometry": {"type": "Polygon", "coordinates": [[[24.96615, 60.1737], [24.96553, 60.17228], [24.96244, 60.17259], [24.96298, 60.17409], [24.96615, 60.1737]]]}}, {"type": "Feature", "properties": {"name": "Puugi sadam", "layer": "exclusions", "kind": "harbour"}, "geometry": {"type": "Polygon", "coordinates": [[[23.70444, 58.41254], [23.70015, 58.41142], [23.70542, 58.41354], [23.70643, 58.41257], [23.70444, 58.41254]]]}}, {"type": "Feature", "properties": {"name": "Kalliolahden veneranta", "layer": "exclusions", "kind": "harbour"}, "geometry": {"type": "Polygon", "coordinates": [[[27.62891, 62.9384], [27.62896, 62.93822], [27.62826, 62.93818], [27.62891, 62.9384]]]}}, {"type": "Feature", "properties": {"name": "Savolanniemen veneranta", "layer": "exclusions", "kind": "harbour"}, "geometry": {"type": "Polygon", "coordinates": [[[27.70641, 62.82304], [27.70698, 62.82245], [27.70588, 62.82249], [27.70641, 62.82304]]]}}, {"type": "Feature", "properties": {"name": "Miettilänrannan veneranta", "layer": "exclusions", "kind": "harbour"}, "geometry": {"type": "Polygon", "coordinates": [[[27.62841, 62.93724], [27.62824, 62.9376], [27.62856, 62.93761], [27.62841, 62.93724]]]}}, {"type": "Feature", "properties": {"name": "Syvänniemen venesatama", "layer": "exclusions", "kind": "harbour"}, "geometry": {"type": "Polygon", "coordinates": [[[27.15536, 62.85495], [27.15364, 62.85459], [27.15112, 62.85531], [27.15536, 62.85495]]]}}, {"type": "Feature", "properties": {"name": "Lottahovin veneranta", "layer": "exclusions", "kind": "harbour"}, "geometry": {"type": "Polygon", "coordinates": [[[27.69771, 62.8863], [27.69751, 62.88622], [27.69686, 62.88669], [27.69771, 62.8863]]]}}, {"type": "Feature", "properties": {"name": "Paimelan venesatama", "layer": "exclusions", "kind": "harbour"}, "geometry": {"type": "Polygon", "coordinates": [[[26.9731, 62.88759], [26.97341, 62.88739], [26.97259, 62.88712], [26.9731, 62.88759]]]}}, {"type": "Feature", "properties": {"name": "Myllyrannan vanesatama", "layer": "exclusions", "kind": "harbour"}, "geometry": {"type": "Polygon", "coordinates": [[[28.02816, 62.75919], [28.02655, 62.75888], [28.02607, 62.75916], [28.02816, 62.75919]]]}}, {"type": "Feature", "properties": {"name": "Lossin venesatama (Saarenranta)", "layer": "exclusions", "kind": "harbour"}, "geometry": {"type": "Polygon", "coordinates": [[[28.00251, 62.76805], [28.0022, 62.76798], [28.00209, 62.76816], [28.00251, 62.76805]]]}}, {"type": "Feature", "properties": {"name": "Lossin venesatama (Mantere)", "layer": "exclusions", "kind": "harbour"}, "geometry": {"type": "Polygon", "coordinates": [[[28.00752, 62.76881], [28.00623, 62.76849], [28.00612, 62.76916], [28.00752, 62.76881]]]}}, {"type": "Feature", "properties": {"name": "Björklund Båtslip", "layer": "exclusions", "kind": "harbour"}, "geometry": {"type": "Polygon", "coordinates": [[[21.3798, 60.40499], [21.37692, 60.4041], [21.37642, 60.40583], [21.3798, 60.40499]]]}}, {"type": "Feature", "properties": {"name": "Purtse jahtsadam", "layer": "exclusions", "kind": "harbour"}, "geometry": {"type": "Polygon", "coordinates": [[[26.99159, 59.43548], [26.99189, 59.43529], [26.99085, 59.43481], [26.99159, 59.43548]]]}}, {"type": "Feature", "properties": {"name": "Purtse kalasadam", "layer": "exclusions", "kind": "harbour"}, "geometry": {"type": "Polygon", "coordinates": [[[26.99213, 59.43364], [26.99019, 59.43371], [26.99074, 59.43435], [26.99213, 59.43364]]]}}, {"type": "Feature", "properties": {"name": "Purtse sadam", "layer": "exclusions", "kind": "harbour"}, "geometry": {"type": "Polygon", "coordinates": [[[26.992, 59.43423], [26.99074, 59.43435], [26.99193, 59.43522], [26.992, 59.43423]]]}}, {"type": "Feature", "properties": {"name": "Wasa Segelförening r.f.", "layer": "exclusions", "kind": "harbour"}, "geometry": {"type": "Polygon", "coordinates": [[[21.58843, 63.09627], [21.59005, 63.095], [21.58505, 63.09446], [21.58339, 63.09555], [21.58537, 63.09632], [21.58843, 63.09627]]]}}, {"type": "Feature", "properties": {"name": "Vaasan Merenkyntäjät ry", "layer": "exclusions", "kind": "harbour"}, "geometry": {"type": "Polygon", "coordinates": [[[21.58032, 63.09891], [21.57999, 63.10028], [21.58212, 63.10061], [21.58352, 63.0991], [21.58032, 63.09891]]]}}, {"type": "Feature", "properties": {"name": "Sviby väikelaevasadam", "layer": "exclusions", "kind": "harbour"}, "geometry": {"type": "Polygon", "coordinates": [[[23.31327, 58.97175], [23.31334, 58.97173], [23.31224, 58.97075], [23.31327, 58.97175]]]}}, {"type": "Feature", "properties": {"name": "Яхт-клуб \"Светлана\"", "layer": "exclusions", "kind": "harbour"}, "geometry": {"type": "Polygon", "coordinates": [[[30.2789, 59.95468], [30.28026, 59.95432], [30.27815, 59.9536], [30.2789, 59.95468]]]}}, {"type": "Feature", "properties": {"name": "Kerkonkosken satama", "layer": "exclusions", "kind": "harbour"}, "geometry": {"type": "Polygon", "coordinates": [[[26.69597, 62.75899], [26.69613, 62.75878], [26.69423, 62.75863], [26.69597, 62.75899]]]}}, {"type": "Feature", "properties": {"name": "Hanhitaipaleen kalasatama", "layer": "exclusions", "kind": "harbour"}, "geometry": {"type": "Polygon", "coordinates": [[[26.72422, 62.55857], [26.72342, 62.55858], [26.72385, 62.55914], [26.72422, 62.55857]]]}}, {"type": "Feature", "properties": {"name": "Isoniemen venesatama", "layer": "exclusions", "kind": "harbour"}, "geometry": {"type": "Polygon", "coordinates": [[[23.67152, 63.07647], [23.67076, 63.07606], [23.67036, 63.07624], [23.67152, 63.07647]]]}}, {"type": "Feature", "properties": {"name": "exclusions-918", "layer": "exclusions", "kind": "harbour"}, "geometry": {"type": "Polygon", "coordinates": [[[23.67076, 64.15187], [23.67112, 64.15136], [23.67002, 64.15115], [23.66945, 64.15172], [23.67076, 64.15187]]]}}, {"type": "Feature", "properties": {"name": "exclusions-919", "layer": "exclusions", "kind": "harbour"}, "geometry": {"type": "Polygon", "coordinates": [[[25.5888, 61.49558], [25.58858, 61.49437], [25.58823, 61.49441], [25.58753, 61.49516], [25.5888, 61.49558]]]}}, {"type": "Feature", "properties": {"name": "Sõru jahisadam", "layer": "exclusions", "kind": "harbour"}, "geometry": {"type": "Polygon", "coordinates": [[[22.52441, 58.69503], [22.52517, 58.69415], [22.52302, 58.69194], [22.5232, 58.69473], [22.52441, 58.69503]]]}}, {"type": "Feature", "properties": {"name": "Orjaku sadam", "layer": "exclusions", "kind": "harbour"}, "geometry": {"type": "Polygon", "coordinates": [[[22.77194, 58.78768], [22.7708, 58.78851], [22.77253, 58.7896], [22.77527, 58.78819], [22.77194, 58.78768]]]}}, {"type": "Feature", "properties": {"name": "Mussalon konttiterminaali", "layer": "exclusions", "kind": "harbour"}, "geometry": {"type": "Polygon", "coordinates": [[[26.90929, 60.42748], [26.92215, 60.42257], [26.91834, 60.42055], [26.90641, 60.4255], [26.90403, 60.42444], [26.91507, 60.41802], [26.91277, 60.41687], [26.90593, 60.41675], [26.89519, 60.42302], [26.90479, 60.42706], [26.90929, 60.42748]]]}}, {"type": "Feature", "properties": {"name": "exclusions-923", "layer": "exclusions", "kind": "harbour"}, "geometry": {"type": "Polygon", "coordinates": [[[19.96667, 60.11382], [19.96677, 60.11337], [19.96597, 60.11377], [19.96558, 60.1128], [19.96567, 60.11385], [19.96667, 60.11382]]]}}, {"type": "Feature", "properties": {"name": "exclusions-924", "layer": "exclusions", "kind": "harbour"}, "geometry": {"type": "Polygon", "coordinates": [[[19.95296, 60.112], [19.95249, 60.11123], [19.95138, 60.11168], [19.95259, 60.11191], [19.95152, 60.11227], [19.95296, 60.112]]]}}, {"type": "Feature", "properties": {"name": "Ruoholahden satama", "layer": "exclusions", "kind": "harbour"}, "geometry": {"type": "Polygon", "coordinates": [[[24.90687, 60.16051], [24.90347, 60.15999], [24.90342, 60.16012], [24.90687, 60.16051]]]}}, {"type": "Feature", "properties": {"name": "exclusions-926", "layer": "exclusions", "kind": "harbour"}, "geometry": {"type": "Polygon", "coordinates": [[[25.80885, 62.21769], [25.80843, 62.21753], [25.80795, 62.2178], [25.80885, 62.21769]]]}}, {"type": "Feature", "properties": {"name": "exclusions-927", "layer": "exclusions", "kind": "harbour"}, "geometry": {"type": "Polygon", "coordinates": [[[25.81385, 62.22725], [25.81415, 62.22629], [25.81321, 62.22634], [25.81385, 62.22725]]]}}, {"type": "Feature", "properties": {"name": "Ajolanranta", "layer": "exclusions", "kind": "harbour"}, "geometry": {"type": "Polygon", "coordinates": [[[21.80841, 60.40289], [21.8058, 60.40232], [21.80414, 60.40383], [21.80577, 60.4045], [21.80841, 60.40289]]]}}, {"type": "Feature", "properties": {"name": "exclusions-929", "layer": "exclusions", "kind": "harbour"}, "geometry": {"type": "Polygon", "coordinates": [[[23.60748, 61.56227], [23.60698, 61.56185], [23.60665, 61.56225], [23.60748, 61.56227]]]}}, {"type": "Feature", "properties": {"name": "Sigatsuaru väikesadam", "layer": "exclusions", "kind": "harbour"}, "geometry": {"type": "Polygon", "coordinates": [[[24.00279, 58.15441], [24.0017, 58.15419], [24.00129, 58.15506], [24.00247, 58.15516], [24.00279, 58.15441]]]}}, {"type": "Feature", "properties": {"name": "exclusions-931", "layer": "exclusions", "kind": "harbour"}, "geometry": {"type": "Polygon", "coordinates": [[[26.11456, 61.01756], [26.11532, 61.01737], [26.11501, 61.01706], [26.11456, 61.01756]]]}}, {"type": "Feature", "properties": {"name": "Gullkrona gästhamn", "layer": "exclusions", "kind": "harbour"}, "geometry": {"type": "Polygon", "coordinates": [[[22.0796, 60.08856], [22.08307, 60.08879], [22.08093, 60.08833], [22.0796, 60.08856]]]}}, {"type": "Feature", "properties": {"name": "Gullkrona gästhamn", "layer": "exclusions", "kind": "harbour"}, "geometry": {"type": "Polygon", "coordinates": [[[22.08484, 60.08803], [22.08519, 60.08833], [22.08596, 60.08775], [22.08484, 60.08803]]]}}, {"type": "Feature", "properties": {"name": "Halla", "layer": "exclusions", "kind": "harbour"}, "geometry": {"type": "Polygon", "coordinates": [[[26.9709, 60.48534], [26.97383, 60.48396], [26.97512, 60.48136], [26.97012, 60.48201], [26.9709, 60.48534]]]}}, {"type": "Feature", "properties": {"name": "Sunila", "layer": "exclusions", "kind": "harbour"}, "geometry": {"type": "Polygon", "coordinates": [[[26.95034, 60.48862], [26.95148, 60.489], [26.95343, 60.48767], [26.95265, 60.48728], [26.95034, 60.48862]]]}}, {"type": "Feature", "properties": {"name": "exclusions-936", "layer": "exclusions", "kind": "harbour"}, "geometry": {"type": "Polygon", "coordinates": [[[23.67859, 59.93874], [23.67785, 59.93821], [23.67704, 59.93861], [23.67801, 59.9393], [23.67859, 59.93874]]]}}, {"type": "Feature", "properties": {"name": "Laitakarin Satama", "layer": "exclusions", "kind": "harbour"}, "geometry": {"type": "Polygon", "coordinates": [[[21.56673, 61.34267], [21.5658, 61.34129], [21.55814, 61.34291], [21.55868, 61.34427], [21.56673, 61.34267]]]}}, {"type": "Feature", "properties": {"name": "Yrjösenpohjan venelaiturit", "layer": "exclusions", "kind": "harbour"}, "geometry": {"type": "Polygon", "coordinates": [[[27.18395, 60.56465], [27.18484, 60.5661], [27.18592, 60.56594], [27.18504, 60.56449], [27.18395, 60.56465]]]}}, {"type": "Feature", "properties": {"name": "Kujalan venelaiturit", "layer": "exclusions", "kind": "harbour"}, "geometry": {"type": "Polygon", "coordinates": [[[27.18577, 60.5667], [27.18537, 60.56621], [27.18287, 60.56681], [27.18577, 60.5667]]]}}, {"type": "Feature", "properties": {"name": "Haminan Pursiseura ry", "layer": "exclusions", "kind": "harbour"}, "geometry": {"type": "Polygon", "coordinates": [[[27.17924, 60.56134], [27.18009, 60.56141], [27.18121, 60.56012], [27.17924, 60.56134]]]}}, {"type": "Feature", "properties": {"name": "Lepikönrannan venesatama", "layer": "exclusions", "kind": "harbour"}, "geometry": {"type": "Polygon", "coordinates": [[[27.1937, 60.56176], [27.19307, 60.56321], [27.1949, 60.56326], [27.19568, 60.56183], [27.1937, 60.56176]]]}}, {"type": "Feature", "properties": {"name": "Koivukujan pienveneranta", "layer": "exclusions", "kind": "harbour"}, "geometry": {"type": "Polygon", "coordinates": [[[27.21943, 60.55943], [27.21927, 60.55951], [27.21965, 60.55968], [27.21943, 60.55943]]]}}, {"type": "Feature", "properties": {"name": "Takkaniemen laituripaikat", "layer": "exclusions", "kind": "harbour"}, "geometry": {"type": "Polygon", "coordinates": [[[27.16567, 60.57365], [27.16529, 60.57374], [27.16545, 60.5739], [27.16567, 60.57365]]]}}, {"type": "Feature", "properties": {"name": "Salmenvirran laituripaikat", "layer": "exclusions", "kind": "harbour"}, "geometry": {"type": "Polygon", "coordinates": [[[27.1716, 60.58086], [27.17057, 60.58099], [27.17094, 60.58167], [27.1716, 60.58086]]]}}, {"type": "Feature", "properties": {"name": "Salmenvirran pienveneranta", "layer": "exclusions", "kind": "harbour"}, "geometry": {"type": "Polygon", "coordinates": [[[27.17098, 60.58178], [27.17081, 60.58182], [27.1712, 60.58221], [27.17098, 60.58178]]]}}, {"type": "Feature", "properties": {"name": "Saviniemen laituripaikat", "layer": "exclusions", "kind": "harbour"}, "geometry": {"type": "Polygon", "coordinates": [[[27.17525, 60.57319], [27.17416, 60.57295], [27.17395, 60.57317], [27.17525, 60.57319]]]}}, {"type": "Feature", "properties": {"name": "Matinsaaren venesatama", "layer": "exclusions", "kind": "harbour"}, "geometry": {"type": "Polygon", "coordinates": [[[27.13506, 60.52833], [27.13345, 60.52827], [27.13332, 60.52916], [27.13493, 60.52922], [27.13506, 60.52833]]]}}, {"type": "Feature", "properties": {"name": "Matinsaaren pieneveneranta", "layer": "exclusions", "kind": "harbour"}, "geometry": {"type": "Polygon", "coordinates": [[[27.13325, 60.52914], [27.13309, 60.52908], [27.1328, 60.52941], [27.13325, 60.52914]]]}}, {"type": "Feature", "properties": {"name": "Otavan Satama", "layer": "exclusions", "kind": "harbour"}, "geometry": {"type": "Polygon", "coordinates": [[[27.06539, 61.65325], [27.06427, 61.65313], [27.06482, 61.65458], [27.06539, 61.65325]]]}}, {"type": "Feature", "properties": {"name": "exclusions-950", "layer": "exclusions", "kind": "harbour"}, "geometry": {"type": "Polygon", "coordinates": [[[26.24888, 60.39828], [26.2488, 60.39749], [26.24822, 60.39828], [26.24888, 60.39828]]]}}, {"type": "Feature", "properties": {"name": "exclusions-951", "layer": "exclusions", "kind": "harbour"}, "geometry": {"type": "Polygon", "coordinates": [[[25.89743, 62.24628], [25.8974, 62.24585], [25.89634, 62.24573], [25.89743, 62.24628]]]}}, {"type": "Feature", "properties": {"name": "exclusions-952", "layer": "exclusions", "kind": "harbour"}, "geometry": {"type": "Polygon", "coordinates": [[[22.20953, 60.28145], [22.20952, 60.28128], [22.20807, 60.28155], [22.20843, 60.28198], [22.20953, 60.28145]]]}}, {"type": "Feature", "properties": {"name": "exclusions-953", "layer": "exclusions", "kind": "harbour"}, "geometry": {"type": "Polygon", "coordinates": [[[22.31856, 60.32078], [22.31702, 60.32145], [22.31815, 60.32183], [22.31856, 60.32078]]]}}, {"type": "Feature", "properties": {"name": "Rampsinkari", "layer": "exclusions", "kind": "harbour"}, "geometry": {"type": "Polygon", "coordinates": [[[27.1813, 60.55867], [27.18258, 60.55853], [27.18244, 60.55822], [27.1813, 60.55867]]]}}, {"type": "Feature", "properties": {"name": "Tervasaaren vierasvenesatama", "layer": "exclusions", "kind": "harbour"}, "geometry": {"type": "Polygon", "coordinates": [[[27.18285, 60.55964], [27.18255, 60.55959], [27.18232, 60.55996], [27.18285, 60.55964]]]}}, {"type": "Feature", "properties": {"name": "Venehamina satama", "layer": "exclusions", "kind": "harbour"}, "geometry": {"type": "Polygon", "coordinates": [[[27.19201, 60.56122], [27.19046, 60.56166], [27.19165, 60.56214], [27.19273, 60.56183], [27.19201, 60.56122]]]}}, {"type": "Feature", "properties": {"name": "Tiiliruukki", "layer": "exclusions", "kind": "harbour"}, "geometry": {"type": "Polygon", "coordinates": [[[29.34992, 61.4439], [29.3486, 61.44365], [29.34829, 61.44403], [29.34992, 61.4439]]]}}, {"type": "Feature", "properties": {"name": "exclusions-958", "layer": "exclusions", "kind": "harbour"}, "geometry": {"type": "Polygon", "coordinates": [[[28.78797, 62.55971], [28.78824, 62.55954], [28.78768, 62.55932], [28.78797, 62.55971]]]}}, {"type": "Feature", "properties": {"name": "exclusions-959", "layer": "exclusions", "kind": "harbour"}, "geometry": {"type": "Polygon", "coordinates": [[[28.63941, 62.43898], [28.63837, 62.43845], [28.63712, 62.43965], [28.63861, 62.43991], [28.63941, 62.43898]]]}}, {"type": "Feature", "properties": {"name": "exclusions-960", "layer": "exclusions", "kind": "harbour"}, "geometry": {"type": "Polygon", "coordinates": [[[26.35544, 63.18001], [26.35443, 63.18048], [26.3552, 63.18085], [26.35544, 63.18001]]]}}, {"type": "Feature", "properties": {"name": "exclusions-961", "layer": "exclusions", "kind": "harbour"}, "geometry": {"type": "Polygon", "coordinates": [[[28.03497, 63.29061], [28.03497, 63.29054], [28.03365, 63.29055], [28.03497, 63.29061]]]}}, {"type": "Feature", "properties": {"name": "Kirkonkylän venesatama", "layer": "exclusions", "kind": "harbour"}, "geometry": {"type": "Polygon", "coordinates": [[[23.82, 63.00347], [23.8198, 63.00338], [23.81844, 63.00369], [23.82, 63.00347]]]}}, {"type": "Feature", "properties": {"name": "Kõiguste sadam", "layer": "exclusions", "kind": "harbour"}, "geometry": {"type": "Polygon", "coordinates": [[[22.97622, 58.37024], [22.97356, 58.36963], [22.97274, 58.37062], [22.9754, 58.37123], [22.97622, 58.37024]]]}}, {"type": "Feature", "properties": {"name": "Kuotaan venesatama", "layer": "exclusions", "kind": "harbour"}, "geometry": {"type": "Polygon", "coordinates": [[[25.58206, 61.17472], [25.58326, 61.17223], [25.58125, 61.17202], [25.58234, 61.17298], [25.57841, 61.17247], [25.57712, 61.17371], [25.58206, 61.17472]]]}}, {"type": "Feature", "properties": {"name": "Katajanokan terminaali", "layer": "exclusions", "kind": "harbour"}, "geometry": {"type": "Polygon", "coordinates": [[[24.9762, 60.1654], [24.96963, 60.16302], [24.9599, 60.16616], [24.9681, 60.16454], [24.9755, 60.1659], [24.9762, 60.1654]]]}}, {"type": "Feature", "properties": {"name": "Merikasarmin laituri", "layer": "exclusions", "kind": "harbour"}, "geometry": {"type": "Polygon", "coordinates": [[[24.97119, 60.1686], [24.9709, 60.16885], [24.97546, 60.17003], [24.97119, 60.1686]]]}}, {"type": "Feature", "properties": {"name": "Olympiaterminaali", "layer": "exclusions", "kind": "harbour"}, "geometry": {"type": "Polygon", "coordinates": [[[24.95826, 60.16047], [24.95293, 60.16488], [24.9542, 60.16488], [24.96125, 60.15981], [24.95826, 60.16047]]]}}, {"type": "Feature", "properties": {"name": "Kalkkisten Vierasvenesatama", "layer": "exclusions", "kind": "harbour"}, "geometry": {"type": "Polygon", "coordinates": [[[25.67369, 61.29378], [25.67483, 61.2928], [25.67352, 61.29233], [25.67228, 61.29292], [25.67369, 61.29378]]]}}, {"type": "Feature", "properties": {"name": "exclusions-969", "layer": "exclusions", "kind": "harbour"}, "geometry": {"type": "Polygon", "coordinates": [[[22.122, 60.26024], [22.11984, 60.26145], [22.1223, 60.26364], [22.12385, 60.26375], [22.12362, 60.26168], [22.12564, 60.26136], [22.12535, 60.26039], [22.122, 60.26024]]]}}, {"type": "Feature", "properties": {"name": "exclusions-970", "layer": "exclusions", "kind": "harbour"}, "geometry": {"type": "Polygon", "coordinates": [[[22.11693, 60.26221], [22.1189, 60.26218], [22.11766, 60.26127], [22.11539, 60.2614], [22.11693, 60.26221]]]}}, {"type": "Feature", "properties": {"name": "exclusions-971", "layer": "exclusions", "kind": "harbour"}, "geometry": {"type": "Polygon", "coordinates": [[[25.0165, 60.19076], [25.01434, 60.19134], [25.01565, 60.19141], [25.0165, 60.19076]]]}}, {"type": "Feature", "properties": {"name": "exclusions-972", "layer": "exclusions", "kind": "anchorage"}, "geometry": {"type": "Polygon", "coordinates": [[[28.65333, 60.5455], [28.64217, 60.54217], [28.63117, 60.543], [28.6305, 60.54367], [28.63583, 60.55], [28.6355, 60.55517], [28.64917, 60.5555], [28.65217, 60.557], [28.65467, 60.55633], [28.65683, 60.55217], [28.65133, 60.55], [28.65333, 60.5455]]]}}, {"type": "Feature", "properties": {"name": "exclusions-973", "layer": "exclusions", "kind": "anchorage"}, "geometry": {"type": "Polygon", "coordinates": [[[28.4945, 60.587], [28.49617, 60.59233], [28.5355, 60.59533], [28.5485, 60.5955], [28.55067, 60.594], [28.5605, 60.594], [28.5605, 60.59083], [28.55383, 60.58917], [28.4945, 60.587]]]}}, {"type": "Feature", "properties": {"name": "exclusions-974", "layer": "exclusions", "kind": "anchorage"}, "geometry": {"type": "Polygon", "coordinates": [[[28.55, 60.61333], [28.55333, 60.615], [28.555, 60.62167], [28.55686, 60.62146], [28.56427, 60.61477], [28.555, 60.61], [28.55, 60.61333]]]}}, {"type": "Feature", "properties": {"name": "exclusions-975", "layer": "exclusions", "kind": "anchorage"}, "geometry": {"type": "Polygon", "coordinates": [[[28.36933, 60.5755], [28.38067, 60.5705], [28.36067, 60.55933], [28.3495, 60.56433], [28.36933, 60.5755]]]}}, {"type": "Feature", "properties": {"name": "exclusions-976", "layer": "exclusions", "kind": "anchorage"}, "geometry": {"type": "Polygon", "coordinates": [[[28.055, 60.33433], [28.03433, 60.31817], [27.99233, 60.32567], [28.02067, 60.34233], [28.055, 60.33433]]]}}, {"type": "Feature", "properties": {"name": "exclusions-977", "layer": "exclusions", "kind": "anchorage"}, "geometry": {"type": "Polygon", "coordinates": [[[28.53, 60.614], [28.51217, 60.60983], [28.505, 60.617], [28.523, 60.62117], [28.53, 60.614]]]}}, {"type": "Feature", "properties": {"name": "exclusions-978", "layer": "exclusions", "kind": "anchorage"}, "geometry": {"type": "Polygon", "coordinates": [[[28.48667, 60.60367], [28.47333, 60.59633], [28.45867, 60.603], [28.47267, 60.61017], [28.48667, 60.60367]]]}}, {"type": "Feature", "properties": {"name": "exclusions-979", "layer": "exclusions", "kind": "anchorage"}, "geometry": {"type": "Polygon", "coordinates": [[[28.39217, 60.547], [28.39217, 60.53217], [28.3775, 60.53217], [28.3775, 60.547], [28.39217, 60.547]]]}}, {"type": "Feature", "properties": {"name": "exclusions-980", "layer": "exclusions", "kind": "anchorage"}, "geometry": {"type": "Polygon", "coordinates": [[[28.65333, 60.6745], [28.64733, 60.673], [28.64367, 60.67567], [28.65, 60.67733], [28.65333, 60.6745]]]}}, {"type": "Feature", "properties": {"name": "exclusions-981", "layer": "exclusions", "kind": "anchorage"}, "geometry": {"type": "Polygon", "coordinates": [[[28.60833, 60.64133], [28.6, 60.64433], [28.60933, 60.64933], [28.60833, 60.64133]]]}}, {"type": "Feature", "properties": {"name": "exclusions-982", "layer": "exclusions", "kind": "anchorage"}, "geometry": {"type": "Polygon", "coordinates": [[[28.4981, 60.03328], [28.49797, 60.00004], [28.43124, 60.00011], [28.43137, 60.03334], [28.4981, 60.03328]]]}}, {"type": "Feature", "properties": {"name": "exclusions-983", "layer": "exclusions", "kind": "anchorage"}, "geometry": {"type": "Polygon", "coordinates": [[[28.75283, 60.30717], [28.76133, 60.3], [28.74617, 60.3], [28.74033, 60.30717], [28.75283, 60.30717]]]}}, {"type": "Feature", "properties": {"name": "exclusions-984", "layer": "exclusions", "kind": "anchorage"}, "geometry": {"type": "Polygon", "coordinates": [[[28.42288, 59.76828], [28.40292, 59.7733], [28.4029, 59.78243], [28.42283, 59.78245], [28.42288, 59.76828]]]}}, {"type": "Feature", "properties": {"name": "Kanavatien venepaikat", "layer": "exclusions", "kind": "harbour"}, "geometry": {"type": "Polygon", "coordinates": [[[27.68141, 63.06419], [27.68244, 63.06352], [27.68084, 63.06414], [27.68126, 63.06505], [27.68141, 63.06419]]]}}, {"type": "Feature", "properties": {"name": "Vierasvenesatama", "layer": "exclusions", "kind": "harbour"}, "geometry": {"type": "Polygon", "coordinates": [[[27.67135, 63.07168], [27.67015, 63.07141], [27.67004, 63.07151], [27.67135, 63.07168]]]}}, {"type": "Feature", "properties": {"name": "exclusions-987", "layer": "exclusions", "kind": "harbour"}, "geometry": {"type": "Polygon", "coordinates": [[[27.69616, 63.06645], [27.69451, 63.06667], [27.69458, 63.06689], [27.69616, 63.06645]]]}}, {"type": "Feature", "properties": {"name": "exclusions-988", "layer": "exclusions", "kind": "harbour"}, "geometry": {"type": "Polygon", "coordinates": [[[27.71244, 63.05167], [27.7121, 63.05157], [27.71106, 63.0521], [27.71244, 63.05167]]]}}, {"type": "Feature", "properties": {"name": "Nuottatien venelaituri", "layer": "exclusions", "kind": "harbour"}, "geometry": {"type": "Polygon", "coordinates": [[[24.03939, 60.24369], [24.03848, 60.24452], [24.03902, 60.24466], [24.03939, 60.24369]]]}}, {"type": "Feature", "properties": {"name": "Lohjan Purjehtijat ry", "layer": "exclusions", "kind": "harbour"}, "geometry": {"type": "Polygon", "coordinates": [[[24.04025, 60.24392], [24.0405, 60.24381], [24.03995, 60.24359], [24.04025, 60.24392]]]}}, {"type": "Feature", "properties": {"name": "exclusions-991", "layer": "exclusions", "kind": "harbour"}, "geometry": {"type": "Polygon", "coordinates": [[[27.6753, 62.93464], [27.67567, 62.935], [27.67578, 62.93444], [27.6753, 62.93464]]]}}, {"type": "Feature", "properties": {"name": "Salmisaaren venesatama", "layer": "exclusions", "kind": "harbour"}, "geometry": {"type": "Polygon", "coordinates": [[[24.89948, 60.16537], [24.90055, 60.16467], [24.89997, 60.16445], [24.89948, 60.16537]]]}}, {"type": "Feature", "properties": {"name": "Tammasaarenaltaan venesatama", "layer": "exclusions", "kind": "harbour"}, "geometry": {"type": "Polygon", "coordinates": [[[24.90614, 60.16107], [24.90633, 60.16088], [24.90365, 60.16018], [24.90614, 60.16107]]]}}, {"type": "Feature", "properties": {"name": "Saukonpaaden venesatama", "layer": "exclusions", "kind": "harbour"}, "geometry": {"type": "Polygon", "coordinates": [[[24.90495, 60.1584], [24.9046, 60.1587], [24.90679, 60.15956], [24.90495, 60.1584]]]}}, {"type": "Feature", "properties": {"name": "Ojamon venelaituri", "layer": "exclusions", "kind": "harbour"}, "geometry": {"type": "Polygon", "coordinates": [[[24.02568, 60.2404], [24.02568, 60.24062], [24.027, 60.24061], [24.02568, 60.2404]]]}}, {"type": "Feature", "properties": {"name": "T3", "layer": "exclusions", "kind": "anchorage"}, "geometry": {"type": "Polygon", "coordinates": [[[25.47217, 60.0025], [25.48617, 60.02733], [25.53433, 60.02983], [25.51533, 59.99633], [25.47217, 60.0025]]]}}, {"type": "Feature", "properties": {"name": "Gammelbackan venesatama", "layer": "exclusions", "kind": "harbour"}, "geometry": {"type": "Polygon", "coordinates": [[[25.65374, 60.36932], [25.65292, 60.36874], [25.65048, 60.36953], [25.65086, 60.37003], [25.65374, 60.36932]]]}}, {"type": "Feature", "properties": {"name": "Haikkoon venesatama", "layer": "exclusions", "kind": "harbour"}, "geometry": {"type": "Polygon", "coordinates": [[[25.62135, 60.34317], [25.62066, 60.34274], [25.61928, 60.34325], [25.61913, 60.34381], [25.62135, 60.34317]]]}}, {"type": "Feature", "properties": {"name": "Keihässalmi", "layer": "exclusions", "kind": "harbour"}, "geometry": {"type": "Polygon", "coordinates": [[[26.65252, 60.43185], [26.65401, 60.43227], [26.65437, 60.43185], [26.65339, 60.43125], [26.65252, 60.43185]]]}}, {"type": "Feature", "properties": {"name": "Vasknarva paadisadam", "layer": "exclusions", "kind": "harbour"}, "geometry": {"type": "Polygon", "coordinates": [[[27.74068, 58.99679], [27.74186, 58.99695], [27.74077, 58.99571], [27.74068, 58.99679]]]}}, {"type": "Feature", "properties": {"name": "exclusions-1001", "layer": "exclusions", "kind": "harbour"}, "geometry": {"type": "Polygon", "coordinates": [[[26.89886, 60.42084], [26.89499, 60.41913], [26.88733, 60.42364], [26.89101, 60.42523], [26.89886, 60.42084]]]}}, {"type": "Feature", "properties": {"name": "Hiltulanlahden pienvenesatama", "layer": "exclusions", "kind": "harbour"}, "geometry": {"type": "Polygon", "coordinates": [[[27.61636, 62.80813], [27.61597, 62.80799], [27.61507, 62.80833], [27.61636, 62.80813]]]}}, {"type": "Feature", "properties": {"name": "Inkoon syväsatama", "layer": "exclusions", "kind": "harbour"}, "geometry": {"type": "Polygon", "coordinates": [[[23.91198, 60.0164], [23.91224, 60.01797], [23.92089, 60.02029], [23.92255, 60.01935], [23.92267, 60.02029], [23.9251, 60.02118], [23.92719, 60.02121], [23.93041, 60.01969], [23.92904, 60.0178], [23.93235, 60.01763], [23.92957, 60.0167], [23.93087, 60.01464], [23.92623, 60.01571], [23.92728, 60.01424], [23.92465, 60.01462], [23.9217, 60.01625], [23.92286, 60.01455], [23.92154, 60.0143], [23.91198, 60.0164]]]}}, {"type": "Feature", "properties": {"name": "Viinistu sadam", "layer": "exclusions", "kind": "harbour"}, "geometry": {"type": "Polygon", "coordinates": [[[25.75391, 59.64742], [25.75516, 59.64653], [25.75417, 59.64618], [25.75285, 59.64734], [25.75391, 59.64742]]]}}, {"type": "Feature", "properties": {"name": "Abaja Sadam", "layer": "exclusions", "kind": "harbour"}, "geometry": {"type": "Polygon", "coordinates": [[[22.01668, 58.36871], [22.01624, 58.36892], [22.01863, 58.37013], [22.01668, 58.36871]]]}}, {"type": "Feature", "properties": {"name": "Alajõe kalasadam", "layer": "exclusions", "kind": "harbour"}, "geometry": {"type": "Polygon", "coordinates": [[[27.43413, 59.0078], [27.43476, 59.00708], [27.43285, 59.00765], [27.43413, 59.0078]]]}}, {"type": "Feature", "properties": {"name": "Taaliku sadam", "layer": "exclusions", "kind": "harbour"}, "geometry": {"type": "Polygon", "coordinates": [[[22.97906, 58.60471], [22.97968, 58.6047], [22.97924, 58.60399], [22.97906, 58.60471]]]}}, {"type": "Feature", "properties": {"name": "Suursadam", "layer": "exclusions", "kind": "harbour"}, "geometry": {"type": "Polygon", "coordinates": [[[22.90913, 58.97565], [22.90902, 58.97622], [22.91035, 58.97528], [22.9073, 58.97531], [22.90913, 58.97565]]]}}, {"type": "Feature", "properties": {"name": "Talvesadam", "layer": "exclusions", "kind": "harbour"}, "geometry": {"type": "Polygon", "coordinates": [[[24.49145, 58.38398], [24.49399, 58.38323], [24.49088, 58.3839], [24.49287, 58.38596], [24.49145, 58.38398]]]}}, {"type": "Feature", "properties": {"name": "Abruka sadam", "layer": "exclusions", "kind": "harbour"}, "geometry": {"type": "Polygon", "coordinates": [[[22.52858, 58.16207], [22.5246, 58.16201], [22.52539, 58.16256], [22.5286, 58.16292], [22.52858, 58.16207]]]}}, {"type": "Feature", "properties": {"name": "Admirali väikesadam", "layer": "exclusions", "kind": "harbour"}, "geometry": {"type": "Polygon", "coordinates": [[[23.6781, 58.52985], [23.67823, 58.52976], [23.67802, 58.52966], [23.6781, 58.52985]]]}}, {"type": "Feature", "properties": {"name": "Ahoi jõesadam", "layer": "exclusions", "kind": "harbour"}, "geometry": {"type": "Polygon", "coordinates": [[[22.38256, 58.22535], [22.38224, 58.22529], [22.38184, 58.22579], [22.38256, 58.22535]]]}}, {"type": "Feature", "properties": {"name": "Aegna sadam", "layer": "exclusions", "kind": "harbour"}, "geometry": {"type": "Polygon", "coordinates": [[[24.75808, 59.57111], [24.75782, 59.57103], [24.757, 59.57187], [24.75808, 59.57111]]]}}, {"type": "Feature", "properties": {"name": "Nurme sadam", "layer": "exclusions", "kind": "harbour"}, "geometry": {"type": "Polygon", "coordinates": [[[24.78616, 59.57671], [24.78583, 59.57667], [24.78568, 59.57701], [24.78616, 59.57671]]]}}, {"type": "Feature", "properties": {"name": "Nõva sadam", "layer": "exclusions", "kind": "harbour"}, "geometry": {"type": "Polygon", "coordinates": [[[23.66362, 59.24694], [23.66499, 59.24753], [23.66223, 59.24621], [23.66178, 59.24729], [23.66362, 59.24694]]]}}, {"type": "Feature", "properties": {"name": "Oiu sadam", "layer": "exclusions", "kind": "harbour"}, "geometry": {"type": "Polygon", "coordinates": [[[25.97639, 58.39834], [25.97614, 58.39812], [25.97504, 58.39853], [25.97639, 58.39834]]]}}, {"type": "Feature", "properties": {"name": "Aseri väikesadam", "layer": "exclusions", "kind": "harbour"}, "geometry": {"type": "Polygon", "coordinates": [[[26.88227, 59.45794], [26.87912, 59.45707], [26.87848, 59.45767], [26.88163, 59.45854], [26.88227, 59.45794]]]}}, {"type": "Feature", "properties": {"name": "Atla sadam", "layer": "exclusions", "kind": "harbour"}, "geometry": {"type": "Polygon", "coordinates": [[[21.89432, 58.30231], [21.89571, 58.30095], [21.89277, 58.30165], [21.89251, 58.30238], [21.89432, 58.30231]]]}}, {"type": "Feature", "properties": {"name": "Dirhami sadam", "layer": "exclusions", "kind": "harbour"}, "geometry": {"type": "Polygon", "coordinates": [[[23.50046, 59.21136], [23.50106, 59.2114], [23.50189, 59.20973], [23.49966, 59.20866], [23.49817, 59.20987], [23.50046, 59.21136]]]}}, {"type": "Feature", "properties": {"name": "Eisma sadam", "layer": "exclusions", "kind": "harbour"}, "geometry": {"type": "Polygon", "coordinates": [[[26.30438, 59.56964], [26.30268, 59.56781], [26.30092, 59.56924], [26.30175, 59.56981], [26.30438, 59.56964]]]}}, {"type": "Feature", "properties": {"name": "Hara sadam", "layer": "exclusions", "kind": "harbour"}, "geometry": {"type": "Polygon", "coordinates": [[[25.61534, 59.58877], [25.61546, 59.58666], [25.61157, 59.58674], [25.61206, 59.58878], [25.61534, 59.58877]]]}}, {"type": "Feature", "properties": {"name": "Tapurla sadam", "layer": "exclusions", "kind": "harbour"}, "geometry": {"type": "Polygon", "coordinates": [[[25.57406, 59.6121], [25.57441, 59.61076], [25.57266, 59.61132], [25.57269, 59.61208], [25.57406, 59.6121]]]}}, {"type": "Feature", "properties": {"name": "Salmistu sadam", "layer": "exclusions", "kind": "harbour"}, "geometry": {"type": "Polygon", "coordinates": [[[25.36591, 59.49729], [25.3673, 59.49757], [25.36806, 59.49628], [25.36645, 59.49584], [25.36591, 59.49729]]]}}, {"type": "Feature", "properties": {"name": "Salme jõesadam", "layer": "exclusions", "kind": "harbour"}, "geometry": {"type": "Polygon", "coordinates": [[[22.2539, 58.16514], [22.25174, 58.16517], [22.25174, 58.16536], [22.2539, 58.16514]]]}}, {"type": "Feature", "properties": {"name": "Sassukvere sadam", "layer": "exclusions", "kind": "harbour"}, "geometry": {"type": "Polygon", "coordinates": [[[27.12741, 58.71486], [27.12566, 58.71434], [27.1253, 58.71499], [27.12741, 58.71486]]]}}, {"type": "Feature", "properties": {"name": "Sitme sadam", "layer": "exclusions", "kind": "harbour"}, "geometry": {"type": "Polygon", "coordinates": [[[23.19892, 58.51069], [23.19939, 58.51104], [23.19964, 58.51087], [23.19892, 58.51069]]]}}, {"type": "Feature", "properties": {"name": "Soo sadam", "layer": "exclusions", "kind": "harbour"}, "geometry": {"type": "Polygon", "coordinates": [[[27.12002, 58.72246], [27.11989, 58.72243], [27.11998, 58.72259], [27.12002, 58.72246]]]}}, {"type": "Feature", "properties": {"name": "Kihnu sadam", "layer": "exclusions", "kind": "harbour"}, "geometry": {"type": "Polygon", "coordinates": [[[24.02135, 58.14129], [24.0223, 58.1422], [24.02296, 58.14198], [24.02296, 58.1414], [24.01886, 58.14036], [24.01867, 58.141], [24.02135, 58.14129]]]}}, {"type": "Feature", "properties": {"name": "Suaru sadam", "layer": "exclusions", "kind": "harbour"}, "geometry": {"type": "Polygon", "coordinates": [[[24.01669, 58.14066], [24.01654, 58.14104], [24.01839, 58.14119], [24.01669, 58.14066]]]}}, {"type": "Feature", "properties": {"name": "Suaru kalasadam", "layer": "exclusions", "kind": "harbour"}, "geometry": {"type": "Polygon", "coordinates": [[[24.01669, 58.14066], [24.01609, 58.14061], [24.01575, 58.14108], [24.01669, 58.14066]]]}}, {"type": "Feature", "properties": {"name": "Suurpea sadam", "layer": "exclusions", "kind": "harbour"}, "geometry": {"type": "Polygon", "coordinates": [[[25.68445, 59.62837], [25.68252, 59.62798], [25.68335, 59.62905], [25.68445, 59.62837]]]}}, {"type": "Feature", "properties": {"name": "Tarvastu sadam", "layer": "exclusions", "kind": "harbour"}, "geometry": {"type": "Polygon", "coordinates": [[[25.96626, 58.25373], [25.96454, 58.25258], [25.96384, 58.25309], [25.96571, 58.25414], [25.96626, 58.25373]]]}}, {"type": "Feature", "properties": {"name": "Tilgu sadam", "layer": "exclusions", "kind": "harbour"}, "geometry": {"type": "Polygon", "coordinates": [[[24.48745, 59.45434], [24.48418, 59.45522], [24.48799, 59.45596], [24.48877, 59.45514], [24.48745, 59.45434]]]}}, {"type": "Feature", "properties": {"name": "Toila sadam", "layer": "exclusions", "kind": "harbour"}, "geometry": {"type": "Polygon", "coordinates": [[[27.53561, 59.42815], [27.53432, 59.42667], [27.53519, 59.42612], [27.53329, 59.42526], [27.53219, 59.42725], [27.53561, 59.42815]]]}}, {"type": "Feature", "properties": {"name": "Võsu sadam", "layer": "exclusions", "kind": "harbour"}, "geometry": {"type": "Polygon", "coordinates": [[[25.97043, 59.58564], [25.97045, 59.58611], [25.9729, 59.58564], [25.97425, 59.5848], [25.97349, 59.58435], [25.97043, 59.58564]]]}}, {"type": "Feature", "properties": {"name": "Topu sadam", "layer": "exclusions", "kind": "harbour"}, "geometry": {"type": "Polygon", "coordinates": [[[23.50223, 58.84462], [23.50167, 58.84392], [23.50009, 58.84438], [23.50223, 58.84462]]]}}, {"type": "Feature", "properties": {"name": "Tori jõesadam", "layer": "exclusions", "kind": "harbour"}, "geometry": {"type": "Polygon", "coordinates": [[[22.46795, 58.24577], [22.46775, 58.24567], [22.46713, 58.24634], [22.46795, 58.24577]]]}}, {"type": "Feature", "properties": {"name": "Kuressaare sadam", "layer": "exclusions", "kind": "harbour"}, "geometry": {"type": "Polygon", "coordinates": [[[22.47244, 58.24542], [22.47047, 58.24406], [22.46936, 58.24509], [22.47023, 58.24621], [22.47244, 58.24542]]]}}, {"type": "Feature", "properties": {"name": "Kungla sadam", "layer": "exclusions", "kind": "harbour"}, "geometry": {"type": "Polygon", "coordinates": [[[22.95447, 58.36209], [22.95367, 58.36219], [22.95461, 58.36322], [22.95447, 58.36209]]]}}, {"type": "Feature", "properties": {"name": "Võrkaia sadam", "layer": "exclusions", "kind": "harbour"}, "geometry": {"type": "Polygon", "coordinates": [[[23.19725, 58.6814], [23.19943, 58.68308], [23.19974, 58.68281], [23.19939, 58.68159], [23.19725, 58.6814]]]}}, {"type": "Feature", "properties": {"name": "Võiste sadam", "layer": "exclusions", "kind": "harbour"}, "geometry": {"type": "Polygon", "coordinates": [[[24.46739, 58.21436], [24.46497, 58.21574], [24.47092, 58.21587], [24.47189, 58.2148], [24.47005, 58.21537], [24.46739, 58.21436]]]}}, {"type": "Feature", "properties": {"name": "Võidu sadam", "layer": "exclusions", "kind": "harbour"}, "geometry": {"type": "Polygon", "coordinates": [[[24.0217, 58.30804], [24.0203, 58.30765], [24.01913, 58.30897], [24.0217, 58.30804]]]}}, {"type": "Feature", "properties": {"name": "Merelaiu väikesadam", "layer": "exclusions", "kind": "harbour"}, "geometry": {"type": "Polygon", "coordinates": [[[24.02276, 58.30389], [24.02077, 58.30378], [24.02186, 58.30495], [24.02432, 58.30548], [24.02516, 58.30488], [24.02276, 58.30389]]]}}, {"type": "Feature", "properties": {"name": "Kavaru sadam", "layer": "exclusions", "kind": "harbour"}, "geometry": {"type": "Polygon", "coordinates": [[[24.19334, 58.26902], [24.19224, 58.26974], [24.19253, 58.26987], [24.19467, 58.26928], [24.19334, 58.26902]]]}}, {"type": "Feature", "properties": {"name": "Värati sadam", "layer": "exclusions", "kind": "harbour"}, "geometry": {"type": "Polygon", "coordinates": [[[23.99061, 58.30979], [23.98963, 58.30888], [23.98671, 58.30909], [23.99061, 58.30979]]]}}, {"type": "Feature", "properties": {"name": "Väike-Turu sadam", "layer": "exclusions", "kind": "harbour"}, "geometry": {"type": "Polygon", "coordinates": [[[26.73679, 58.37812], [26.73683, 58.37721], [26.73596, 58.3778], [26.73679, 58.37812]]]}}, {"type": "Feature", "properties": {"name": "Värssu sadam", "layer": "exclusions", "kind": "harbour"}, "geometry": {"type": "Polygon", "coordinates": [[[22.95489, 58.93287], [22.95459, 58.93304], [22.95526, 58.93315], [22.95489, 58.93287]]]}}, {"type": "Feature", "properties": {"name": "Leppneeme kalasadam", "layer": "exclusions", "kind": "harbour"}, "geometry": {"type": "Polygon", "coordinates": [[[24.8658, 59.55103], [24.86434, 59.55217], [24.86661, 59.55148], [24.86771, 59.55171], [24.8658, 59.55103]]]}}, {"type": "Feature", "properties": {"name": "Leppneeme sadam", "layer": "exclusions", "kind": "harbour"}, "geometry": {"type": "Polygon", "coordinates": [[[24.86869, 59.55083], [24.86699, 59.55034], [24.86599, 59.55094], [24.86869, 59.55083]]]}}, {"type": "Feature", "properties": {"name": "Lindi sadam", "layer": "exclusions", "kind": "harbour"}, "geometry": {"type": "Polygon", "coordinates": [[[24.29173, 58.32904], [24.28951, 58.32892], [24.28974, 58.33035], [24.29126, 58.33017], [24.29173, 58.32904]]]}}, {"type": "Feature", "properties": {"name": "Liu sadam", "layer": "exclusions", "kind": "harbour"}, "geometry": {"type": "Polygon", "coordinates": [[[24.27017, 58.27868], [24.26928, 58.27807], [24.26533, 58.2795], [24.26542, 58.28063], [24.27017, 58.27868]]]}}, {"type": "Feature", "properties": {"name": "Virtsu vanasadam", "layer": "exclusions", "kind": "harbour"}, "geometry": {"type": "Polygon", "coordinates": [[[23.51952, 58.57886], [23.51897, 58.57904], [23.51929, 58.57938], [23.51952, 58.57886]]]}}, {"type": "Feature", "properties": {"name": "Virtsu kalasadam", "layer": "exclusions", "kind": "harbour"}, "geometry": {"type": "Polygon", "coordinates": [[[23.52706, 58.58952], [23.52698, 58.5888], [23.52326, 58.58744], [23.52256, 58.58794], [23.52482, 58.58819], [23.52454, 58.58912], [23.52706, 58.58952]]]}}, {"type": "Feature", "properties": {"name": "Kaunispe sadam", "layer": "exclusions", "kind": "harbour"}, "geometry": {"type": "Polygon", "coordinates": [[[22.06054, 58.04091], [22.06019, 58.04079], [22.05901, 58.04113], [22.05912, 58.04318], [22.06063, 58.04317], [22.06054, 58.04091]]]}}, {"type": "Feature", "properties": {"name": "Mustanlahden satama", "layer": "exclusions", "kind": "harbour"}, "geometry": {"type": "Polygon", "coordinates": [[[23.74344, 61.50339], [23.74721, 61.5051], [23.74944, 61.50457], [23.74522, 61.50305], [23.74344, 61.50339]]]}}, {"type": "Feature", "properties": {"name": "Tärkma sadam", "layer": "exclusions", "kind": "harbour"}, "geometry": {"type": "Polygon", "coordinates": [[[22.60977, 58.69377], [22.6102, 58.69315], [22.60963, 58.69304], [22.60977, 58.69377]]]}}, {"type": "Feature", "properties": {"name": "Marina office", "layer": "exclusions", "kind": "harbour"}, "geometry": {"type": "Polygon", "coordinates": [[[24.73259, 59.45341], [24.73247, 59.45345], [24.73256, 59.45352], [24.73259, 59.45341]]]}}, {"type": "Feature", "properties": {"name": "Kaberneeme sadam", "layer": "exclusions", "kind": "harbour"}, "geometry": {"type": "Polygon", "coordinates": [[[25.27801, 59.52071], [25.27831, 59.51954], [25.27548, 59.51996], [25.27801, 59.52071]]]}}, {"type": "Feature", "properties": {"name": "Niskuksen venelaituri", "layer": "exclusions", "kind": "harbour"}, "geometry": {"type": "Polygon", "coordinates": [[[21.83234, 61.07261], [21.83162, 61.07236], [21.83147, 61.0728], [21.83234, 61.07261]]]}}, {"type": "Feature", "properties": {"name": "Kouvolan rautatie- ja maantieterminaali", "layer": "exclusions", "kind": "harbour"}, "geometry": {"type": "Polygon", "coordinates": [[[26.79453, 60.87047], [26.79343, 60.87236], [26.79443, 60.87368], [26.79577, 60.87284], [26.79758, 60.87299], [26.80154, 60.8744], [26.80434, 60.87431], [26.81604, 60.87652], [26.81654, 60.87589], [26.81861, 60.87627], [26.81995, 60.87407], [26.79453, 60.87047]]]}}, {"type": "Feature", "properties": {"name": "Kakri sadam", "layer": "exclusions", "kind": "harbour"}, "geometry": {"type": "Polygon", "coordinates": [[[22.90623, 58.97597], [22.90399, 58.97559], [22.90467, 58.9762], [22.90623, 58.97597]]]}}, {"type": "Feature", "properties": {"name": "Kakumäe jahisadam", "layer": "exclusions", "kind": "harbour"}, "geometry": {"type": "Polygon", "coordinates": [[[24.60586, 59.4496], [24.60296, 59.45014], [24.60386, 59.45074], [24.60173, 59.45156], [24.60022, 59.45118], [24.60343, 59.45338], [24.60842, 59.45163], [24.60586, 59.4496]]]}}, {"type": "Feature", "properties": {"name": "Jugassaare sadam", "layer": "exclusions", "kind": "harbour"}, "geometry": {"type": "Polygon", "coordinates": [[[23.4747, 58.79599], [23.47404, 58.7958], [23.473, 58.79656], [23.4747, 58.79599]]]}}, {"type": "Feature", "properties": {"name": "Kiideva sadam", "layer": "exclusions", "kind": "harbour"}, "geometry": {"type": "Polygon", "coordinates": [[[23.54982, 58.77138], [23.55103, 58.7713], [23.54724, 58.77133], [23.54766, 58.77199], [23.54982, 58.77138]]]}}, {"type": "Feature", "properties": {"name": "Kesse-Jaani sadam", "layer": "exclusions", "kind": "harbour"}, "geometry": {"type": "Polygon", "coordinates": [[[23.44464, 58.63174], [23.44305, 58.63176], [23.44329, 58.63216], [23.44464, 58.63174]]]}}, {"type": "Feature", "properties": {"name": "Kelnase sadam", "layer": "exclusions", "kind": "harbour"}, "geometry": {"type": "Polygon", "coordinates": [[[25.01261, 59.63787], [25.01258, 59.63637], [25.01067, 59.63681], [25.01261, 59.63787]]]}}, {"type": "Feature", "properties": {"name": "exclusions-1067", "layer": "exclusions", "kind": "harbour"}, "geometry": {"type": "Polygon", "coordinates": [[[25.05681, 59.49914], [25.05459, 59.50603], [25.05776, 59.51286], [25.06583, 59.51857], [25.07758, 59.5223], [25.09121, 59.52349], [25.10465, 59.52194], [25.11634, 59.51795], [25.12382, 59.51213], [25.12659, 59.50529], [25.12397, 59.49841], [25.11637, 59.49254], [25.10494, 59.48857], [25.09143, 59.4871], [25.07788, 59.48836], [25.06571, 59.49263], [25.05681, 59.49914]]]}}, {"type": "Feature", "properties": {"name": "exclusions-1068", "layer": "exclusions", "kind": "harbour"}, "geometry": {"type": "Polygon", "coordinates": [[[25.08024, 59.5219], [25.08599, 59.52246], [25.09977, 59.52208], [25.11217, 59.51905], [25.12128, 59.51385], [25.12574, 59.50725], [25.12485, 59.50026], [25.11877, 59.49396], [25.10841, 59.48929], [25.09779, 59.48717], [25.08595, 59.48689], [25.07281, 59.48896], [25.06228, 59.49343], [25.05597, 59.49962], [25.05483, 59.50658], [25.05904, 59.51326], [25.06796, 59.51864], [25.08024, 59.5219]]]}}, {"type": "Feature", "properties": {"name": "exclusions-1069", "layer": "exclusions", "kind": "harbour"}, "geometry": {"type": "Polygon", "coordinates": [[[22.02891, 58.05038], [22.0367, 58.05607], [22.04799, 58.05976], [22.06106, 58.06089], [22.07392, 58.05929], [22.08461, 58.0552], [22.0915, 58.04925], [22.09344, 58.04097], [22.09033, 58.03416], [22.08254, 58.02847], [22.07126, 58.02479], [22.05821, 58.02366], [22.04536, 58.02526], [22.03467, 58.02934], [22.02777, 58.03529], [22.02582, 58.04356], [22.02891, 58.05038]]]}}, {"type": "Feature", "properties": {"name": "Lõmala sadam", "layer": "exclusions", "kind": "harbour"}, "geometry": {"type": "Polygon", "coordinates": [[[22.11818, 58.1728], [22.11816, 58.17339], [22.11873, 58.17343], [22.11977, 58.17293], [22.11818, 58.1728]]]}}, {"type": "Feature", "properties": {"name": "exclusions-1071", "layer": "exclusions", "kind": "harbour"}, "geometry": {"type": "Polygon", "coordinates": [[[22.1231, 58.19077], [22.1358, 58.18877], [22.14605, 58.18436], [22.1523, 58.17821], [22.15358, 58.17125], [22.14972, 58.16454], [22.14129, 58.1591], [22.12886, 58.15565], [22.11566, 58.15492], [22.10296, 58.15691], [22.09271, 58.16132], [22.08646, 58.16747], [22.08516, 58.17443], [22.08902, 58.18115], [22.09744, 58.18659], [22.10988, 58.19004], [22.1231, 58.19077]]]}}, {"type": "Feature", "properties": {"name": "Lõpesuu sadam", "layer": "exclusions", "kind": "harbour"}, "geometry": {"type": "Polygon", "coordinates": [[[23.27205, 58.49004], [23.2744, 58.48972], [23.27337, 58.48941], [23.27205, 58.49004]]]}}, {"type": "Feature", "properties": {"name": "exclusions-1073", "layer": "exclusions", "kind": "harbour"}, "geometry": {"type": "Polygon", "coordinates": [[[23.23705, 58.50007], [23.24636, 58.50585], [23.26052, 58.50932], [23.27407, 58.50943], [23.28648, 58.50684], [23.29602, 58.50196], [23.30123, 58.49554], [23.30131, 58.48854], [23.29454, 58.48065], [23.28457, 58.47595], [23.27194, 58.47358], [23.25856, 58.47391], [23.24649, 58.47689], [23.23755, 58.48206], [23.2331, 58.48865], [23.23399, 58.49597], [23.23705, 58.50007]]]}}, {"type": "Feature", "properties": {"name": "exclusions-1074", "layer": "exclusions", "kind": "harbour"}, "geometry": {"type": "Polygon", "coordinates": [[[23.24433, 58.50408], [23.25752, 58.50847], [23.27303, 58.50937], [23.28601, 58.50719], [23.29613, 58.50265], [23.30212, 58.49641], [23.30307, 58.48943], [23.3012, 58.48585], [23.29455, 58.47975], [23.28396, 58.47542], [23.27105, 58.47353], [23.25776, 58.47436], [23.24613, 58.47778], [23.23792, 58.48328], [23.23439, 58.49002], [23.23616, 58.49712], [23.24433, 58.50408]]]}}, {"type": "Feature", "properties": {"name": "exclusions-1075", "layer": "exclusions", "kind": "harbour"}, "geometry": {"type": "Polygon", "coordinates": [[[23.23812, 58.48275], [23.23375, 58.48935], [23.23457, 58.49634], [23.24043, 58.50265], [23.25047, 58.50733], [23.26314, 58.50966], [23.27652, 58.50928], [23.28857, 58.50626], [23.29453, 58.50354], [23.30193, 58.49628], [23.30275, 58.48925], [23.29836, 58.48262], [23.28947, 58.47735], [23.27742, 58.47425], [23.26406, 58.47378], [23.2514, 58.47602], [23.24542, 58.47814], [23.23812, 58.48275]]]}}, {"type": "Feature", "properties": {"name": "Pae sadam", "layer": "exclusions", "kind": "harbour"}, "geometry": {"type": "Polygon", "coordinates": [[[23.26904, 58.49157], [23.26828, 58.49028], [23.26636, 58.49078], [23.26771, 58.4919], [23.26904, 58.49157]]]}}, {"type": "Feature", "properties": {"name": "Paatsalu sadam", "layer": "exclusions", "kind": "harbour"}, "geometry": {"type": "Polygon", "coordinates": [[[23.6799, 58.52412], [23.6793, 58.52377], [23.67815, 58.52435], [23.67937, 58.52472], [23.6799, 58.52412]]]}}, {"type": "Feature", "properties": {"name": "Pakrineeme sadam", "layer": "exclusions", "kind": "harbour"}, "geometry": {"type": "Polygon", "coordinates": [[[24.07317, 59.38531], [24.07307, 59.38861], [24.07402, 59.38867], [24.07351, 59.38533], [24.07648, 59.38554], [24.0774, 59.38492], [24.06844, 59.38424], [24.07317, 59.38531]]]}}, {"type": "Feature", "properties": {"name": "Kastna väikesadam", "layer": "exclusions", "kind": "harbour"}, "geometry": {"type": "Polygon", "coordinates": [[[23.90965, 58.32514], [23.9102, 58.3243], [23.90664, 58.32415], [23.90579, 58.32502], [23.90965, 58.32514]]]}}, {"type": "Feature", "properties": {"name": "Kolkja sadam", "layer": "exclusions", "kind": "harbour"}, "geometry": {"type": "Polygon", "coordinates": [[[27.22157, 58.55781], [27.21986, 58.55537], [27.22087, 58.55391], [27.21895, 58.55343], [27.21692, 58.55509], [27.2175, 58.55616], [27.22157, 58.55781]]]}}, {"type": "Feature", "properties": {"name": "Kudruküla sadam", "layer": "exclusions", "kind": "harbour"}, "geometry": {"type": "Polygon", "coordinates": [[[28.08626, 59.45148], [28.08615, 59.4514], [28.08565, 59.45158], [28.08626, 59.45148]]]}}, {"type": "Feature", "properties": {"name": "Kassari sadam", "layer": "exclusions", "kind": "harbour"}, "geometry": {"type": "Polygon", "coordinates": [[[22.85023, 58.78215], [22.84999, 58.78171], [22.84847, 58.78178], [22.84848, 58.78259], [22.85023, 58.78215]]]}}, {"type": "Feature", "properties": {"name": "exclusions-1083", "layer": "exclusions", "kind": "harbour"}, "geometry": {"type": "Polygon", "coordinates": [[[26.3929, 59.53831], [26.38839, 59.5449], [26.38922, 59.55188], [26.39527, 59.55819], [26.40562, 59.56288], [26.4187, 59.56523], [26.43311, 59.5648], [26.44636, 59.56148], [26.4557, 59.55571], [26.45962, 59.54882], [26.45798, 59.54187], [26.45121, 59.53574], [26.44035, 59.53137], [26.42704, 59.52941], [26.41332, 59.53016], [26.40023, 59.53417], [26.3929, 59.53831]]]}}, {"type": "Feature", "properties": {"name": "Karepa sadam", "layer": "exclusions", "kind": "harbour"}, "geometry": {"type": "Polygon", "coordinates": [[[26.42438, 59.54724], [26.42214, 59.5474], [26.42227, 59.54751], [26.42438, 59.54724]]]}}, {"type": "Feature", "properties": {"name": "Kalmaküla sadam", "layer": "exclusions", "kind": "harbour"}, "geometry": {"type": "Polygon", "coordinates": [[[26.96991, 58.89093], [26.96967, 58.89081], [26.96873, 58.89129], [26.96991, 58.89093]]]}}, {"type": "Feature", "properties": {"name": "Otsa väikesadam", "layer": "exclusions", "kind": "harbour"}, "geometry": {"type": "Polygon", "coordinates": [[[27.16963, 58.6487], [27.16914, 58.64872], [27.16914, 58.64913], [27.16963, 58.6487]]]}}, {"type": "Feature", "properties": {"name": "Oti väikesadam", "layer": "exclusions", "kind": "harbour"}, "geometry": {"type": "Polygon", "coordinates": [[[24.79464, 59.56677], [24.79452, 59.56605], [24.79371, 59.56619], [24.79464, 59.56677]]]}}, {"type": "Feature", "properties": {"name": "exclusions-1088", "layer": "exclusions", "kind": "harbour"}, "geometry": {"type": "Polygon", "coordinates": [[[24.75849, 59.5645], [24.75953, 59.57148], [24.76578, 59.57775], [24.77627, 59.58236], [24.78941, 59.5846], [24.8032, 59.58413], [24.81554, 59.58103], [24.82422, 59.57624], [24.82884, 59.57034], [24.82895, 59.56335], [24.82376, 59.55684], [24.81407, 59.55181], [24.80135, 59.54902], [24.78753, 59.54889], [24.77472, 59.55145], [24.76486, 59.55631], [24.75849, 59.5645]]]}}, {"type": "Feature", "properties": {"name": "exclusions-1089", "layer": "exclusions", "kind": "harbour"}, "geometry": {"type": "Polygon", "coordinates": [[[24.8047, 59.58386], [24.81689, 59.58061], [24.82565, 59.57524], [24.82965, 59.56857], [24.82827, 59.5616], [24.82174, 59.5554], [24.81104, 59.55092], [24.79754, 59.54882], [24.78379, 59.54945], [24.77161, 59.55269], [24.76285, 59.55806], [24.75884, 59.56473], [24.7602, 59.5717], [24.76673, 59.5779], [24.77742, 59.58238], [24.79094, 59.58449], [24.8047, 59.58386]]]}}, {"type": "Feature", "properties": {"name": "exclusions-1090", "layer": "exclusions", "kind": "harbour"}, "geometry": {"type": "Polygon", "coordinates": [[[24.7707, 59.55248], [24.76208, 59.55805], [24.75825, 59.56553], [24.76037, 59.57256], [24.76757, 59.57857], [24.77874, 59.58274], [24.79218, 59.58446], [24.80584, 59.58344], [24.81765, 59.57985], [24.82747, 59.57216], [24.82934, 59.56524], [24.82583, 59.55846], [24.81748, 59.55285], [24.80555, 59.54926], [24.79186, 59.54824], [24.78348, 59.54931], [24.7707, 59.55248]]]}}, {"type": "Feature", "properties": {"name": "Osmussaare sadam", "layer": "exclusions", "kind": "harbour"}, "geometry": {"type": "Polygon", "coordinates": [[[23.41214, 59.27626], [23.41095, 59.27623], [23.41093, 59.27639], [23.41214, 59.27626]]]}}, {"type": "Feature", "properties": {"name": "exclusions-1092", "layer": "exclusions", "kind": "harbour"}, "geometry": {"type": "Polygon", "coordinates": [[[22.77777, 58.80504], [22.79038, 58.80258], [22.80017, 58.7978], [22.80566, 58.79142], [22.806, 58.78443], [22.80116, 58.77788], [22.79186, 58.77277], [22.77577, 58.76942], [22.76227, 58.76918], [22.74967, 58.77164], [22.73987, 58.77642], [22.73438, 58.78279], [22.73402, 58.78979], [22.73886, 58.79634], [22.74816, 58.80146], [22.76426, 58.80481], [22.77777, 58.80504]]]}}, {"type": "Feature", "properties": {"name": "exclusions-1093", "layer": "exclusions", "kind": "harbour"}, "geometry": {"type": "Polygon", "coordinates": [[[22.78938, 58.79937], [22.79751, 58.79382], [22.80088, 58.78705], [22.799, 58.78011], [22.79214, 58.77406], [22.78203, 58.76958], [22.76995, 58.76737], [22.75503, 58.76754], [22.74168, 58.77095], [22.73238, 58.77698], [22.72687, 58.78593], [22.72868, 58.79287], [22.73548, 58.79894], [22.74623, 58.80322], [22.7593, 58.80506], [22.77269, 58.80417], [22.78938, 58.79937]]]}}, {"type": "Feature", "properties": {"name": "Pusi väikesadam", "layer": "exclusions", "kind": "harbour"}, "geometry": {"type": "Polygon", "coordinates": [[[27.17038, 58.64585], [27.1704, 58.64579], [27.16953, 58.64579], [27.17038, 58.64585]]]}}, {"type": "Feature", "properties": {"name": "exclusions-1095", "layer": "exclusions", "kind": "harbour"}, "geometry": {"type": "Polygon", "coordinates": [[[22.25875, 58.16516], [22.27162, 58.16351], [22.28229, 58.15938], [22.28912, 58.15341], [22.29108, 58.14649], [22.28786, 58.13969], [22.27997, 58.13404], [22.26581, 58.12985], [22.2527, 58.12877], [22.23983, 58.13042], [22.22917, 58.13454], [22.22234, 58.14051], [22.22037, 58.14743], [22.22357, 58.15423], [22.23145, 58.15989], [22.24562, 58.16408], [22.25875, 58.16516]]]}}, {"type": "Feature", "properties": {"name": "Läätsa paadisadam", "layer": "exclusions", "kind": "harbour"}, "geometry": {"type": "Polygon", "coordinates": [[[22.2545, 58.14594], [22.25251, 58.14552], [22.25205, 58.1463], [22.25461, 58.14664], [22.2545, 58.14594]]]}}, {"type": "Feature", "properties": {"name": "Lõunaranna sadam", "layer": "exclusions", "kind": "harbour"}, "geometry": {"type": "Polygon", "coordinates": [[[23.3193, 58.54073], [23.31518, 58.54125], [23.3153, 58.54282], [23.31649, 58.54304], [23.3193, 58.54073]]]}}, {"type": "Feature", "properties": {"name": "exclusions-1098", "layer": "exclusions", "kind": "harbour"}, "geometry": {"type": "Polygon", "coordinates": [[[23.34034, 58.55516], [23.34917, 58.54992], [23.35347, 58.54331], [23.35257, 58.53633], [23.34662, 58.53003], [23.33691, 58.52544], [23.32491, 58.52308], [23.31212, 58.52317], [23.29859, 58.52627], [23.28904, 58.53115], [23.28381, 58.53757], [23.28371, 58.54457], [23.28875, 58.55107], [23.29817, 58.55609], [23.31054, 58.55887], [23.32396, 58.55897], [23.34034, 58.55516]]]}}, {"type": "Feature", "properties": {"name": "Jõe paadisadam", "layer": "exclusions", "kind": "harbour"}, "geometry": {"type": "Polygon", "coordinates": [[[26.74132, 58.3713], [26.74099, 58.37121], [26.73874, 58.37382], [26.74132, 58.3713]]]}}, {"type": "Feature", "properties": {"name": "Japsi sadam", "layer": "exclusions", "kind": "harbour"}, "geometry": {"type": "Polygon", "coordinates": [[[24.4873, 58.38943], [24.48742, 58.38903], [24.48679, 58.38891], [24.4873, 58.38943]]]}}, {"type": "Feature", "properties": {"name": "Jaagupi sadam", "layer": "exclusions", "kind": "harbour"}, "geometry": {"type": "Polygon", "coordinates": [[[24.4617, 58.03537], [24.45995, 58.03588], [24.45909, 58.03503], [24.45705, 58.03615], [24.4518, 58.03708], [24.45774, 58.0372], [24.4617, 58.03537]]]}}, {"type": "Feature", "properties": {"name": "exclusions-1102", "layer": "exclusions", "kind": "harbour"}, "geometry": {"type": "Polygon", "coordinates": [[[24.75112, 59.46928], [24.75641, 59.46285], [24.75642, 59.45585], [24.75115, 59.44936], [24.74142, 59.44437], [24.7287, 59.44162], [24.71493, 59.44155], [24.69929, 59.44512], [24.68953, 59.45002], [24.68424, 59.45645], [24.68422, 59.46344], [24.68947, 59.46993], [24.6992, 59.47493], [24.71193, 59.47768], [24.72572, 59.47776], [24.74137, 59.47418], [24.75112, 59.46928]]]}}, {"type": "Feature", "properties": {"name": "Hiiessaare sadam", "layer": "exclusions", "kind": "harbour"}, "geometry": {"type": "Polygon", "coordinates": [[[22.843, 59.00192], [22.84052, 59.0011], [22.84047, 59.00225], [22.84303, 59.00275], [22.843, 59.00192]]]}}, {"type": "Feature", "properties": {"name": "Hangonkylän satama", "layer": "exclusions", "kind": "harbour"}, "geometry": {"type": "Polygon", "coordinates": [[[22.94638, 59.84348], [22.95197, 59.84449], [22.95292, 59.84395], [22.95238, 59.84316], [22.95095, 59.84317], [22.9509, 59.84118], [22.94979, 59.84079], [22.94638, 59.84348]]]}}, {"type": "Feature", "properties": {"name": "exclusions-1105", "layer": "exclusions", "kind": "harbour"}, "geometry": {"type": "Polygon", "coordinates": [[[22.52743, 58.18095], [22.53831, 58.18014], [22.55003, 58.17689], [22.55848, 58.17152], [22.56236, 58.16485], [22.56109, 58.15787], [22.55486, 58.15167], [22.54462, 58.14718], [22.53194, 58.14509], [22.52446, 58.14495], [22.51167, 58.14677], [22.5012, 58.15103], [22.49465, 58.15709], [22.49301, 58.16403], [22.49654, 58.17079], [22.5047, 58.17634], [22.51721, 58.18001], [22.52743, 58.18095]]]}}, {"type": "Feature", "properties": {"name": "exclusions-1106", "layer": "exclusions", "kind": "harbour"}, "geometry": {"type": "Polygon", "coordinates": [[[22.52912, 58.18033], [22.54211, 58.17893], [22.55307, 58.17502], [22.56032, 58.16918], [22.56276, 58.16231], [22.55979, 58.15517], [22.55119, 58.14882], [22.53832, 58.14496], [22.52641, 58.14397], [22.51546, 58.14504], [22.50408, 58.1486], [22.49617, 58.15419], [22.49293, 58.16096], [22.49487, 58.16789], [22.50169, 58.17392], [22.51443, 58.17842], [22.52912, 58.18033]]]}}, {"type": "Feature", "properties": {"name": "Vesiaia sadam", "layer": "exclusions", "kind": "harbour"}, "geometry": {"type": "Polygon", "coordinates": [[[22.49729, 58.16166], [22.49713, 58.16146], [22.49433, 58.16184], [22.49729, 58.16166]]]}}, {"type": "Feature", "properties": {"name": "exclusions-1108", "layer": "exclusions", "kind": "harbour"}, "geometry": {"type": "Polygon", "coordinates": [[[22.41438, 58.81412], [22.42237, 58.8198], [22.43393, 58.82348], [22.44729, 58.82459], [22.46042, 58.82298], [22.47131, 58.81888], [22.47798, 58.81357], [22.48062, 58.80758], [22.4792, 58.80147], [22.47333, 58.79556], [22.46333, 58.79082], [22.45062, 58.7884], [22.43713, 58.78868], [22.42491, 58.79161], [22.41582, 58.79676], [22.41125, 58.80332], [22.41171, 58.80845], [22.41438, 58.81412]]]}}, {"type": "Feature", "properties": {"name": "exclusions-1109", "layer": "exclusions", "kind": "harbour"}, "geometry": {"type": "Polygon", "coordinates": [[[22.42918, 58.82193], [22.44197, 58.82424], [22.45546, 58.82385], [22.46759, 58.82081], [22.47652, 58.81559], [22.48089, 58.80899], [22.48002, 58.802], [22.47359, 58.79537], [22.46346, 58.7907], [22.45068, 58.78839], [22.4372, 58.78878], [22.42507, 58.79182], [22.41614, 58.79703], [22.41177, 58.80364], [22.41261, 58.81063], [22.41904, 58.81726], [22.42918, 58.82193]]]}}, {"type": "Feature", "properties": {"name": "Haldi sadam", "layer": "exclusions", "kind": "harbour"}, "geometry": {"type": "Polygon", "coordinates": [[[22.45109, 58.80753], [22.45123, 58.80655], [22.44541, 58.8061], [22.44615, 58.80734], [22.45109, 58.80753]]]}}, {"type": "Feature", "properties": {"name": "exclusions-1111", "layer": "exclusions", "kind": "harbour"}, "geometry": {"type": "Polygon", "coordinates": [[[24.22355, 59.41843], [24.23393, 59.41388], [24.24006, 59.40765], [24.241, 59.40067], [24.23662, 59.39402], [24.22759, 59.3887], [24.21529, 59.38553], [24.19961, 59.3851], [24.18657, 59.38726], [24.17619, 59.39181], [24.17006, 59.39804], [24.1691, 59.40502], [24.17346, 59.41167], [24.18249, 59.41699], [24.19481, 59.42017], [24.21051, 59.4206], [24.22355, 59.41843]]]}}, {"type": "Feature", "properties": {"name": "exclusions-1112", "layer": "exclusions", "kind": "harbour"}, "geometry": {"type": "Polygon", "coordinates": [[[24.17695, 59.39225], [24.17053, 59.3984], [24.16924, 59.40536], [24.1733, 59.41207], [24.18208, 59.41749], [24.19425, 59.42082], [24.20795, 59.42153], [24.2219, 59.41962], [24.23368, 59.41496], [24.24074, 59.40849], [24.24212, 59.40153], [24.23815, 59.39482], [24.22945, 59.38936], [24.21734, 59.38599], [24.20367, 59.38522], [24.18971, 59.3875], [24.17695, 59.39225]]]}}, {"type": "Feature", "properties": {"name": "exclusions-1113", "layer": "exclusions", "kind": "harbour"}, "geometry": {"type": "Polygon", "coordinates": [[[24.20292, 59.42024], [24.21658, 59.41946], [24.22857, 59.41608], [24.23714, 59.41055], [24.24084, 59.40385], [24.23922, 59.39692], [24.22949, 59.38911], [24.21803, 59.3852], [24.20454, 59.3838], [24.19106, 59.38512], [24.17966, 59.38898], [24.17205, 59.39477], [24.16941, 59.40162], [24.17213, 59.40849], [24.17907, 59.41416], [24.18901, 59.41802], [24.20292, 59.42024]]]}}, {"type": "Feature", "properties": {"name": "exclusions-1114", "layer": "exclusions", "kind": "harbour"}, "geometry": {"type": "Polygon", "coordinates": [[[22.71902, 59.01663], [22.72793, 59.02315], [22.7345, 59.02559], [22.75052, 59.02814], [22.76473, 59.02749], [22.77668, 59.02419], [22.78522, 59.01878], [22.78907, 59.01209], [22.78763, 59.00512], [22.78113, 58.99895], [22.76811, 58.99344], [22.75519, 58.99122], [22.74164, 58.99171], [22.72954, 58.99484], [22.7207, 59.00012], [22.71649, 59.00676], [22.71902, 59.01663]]]}}, {"type": "Feature", "properties": {"name": "exclusions-1115", "layer": "exclusions", "kind": "harbour"}, "geometry": {"type": "Polygon", "coordinates": [[[22.72509, 59.01959], [22.73465, 59.02461], [22.74719, 59.02737], [22.76079, 59.02746], [22.77338, 59.02487], [22.78304, 59.01998], [22.78887, 59.01211], [22.78784, 59.00295], [22.7793, 58.99576], [22.76542, 58.99134], [22.74723, 58.99048], [22.73456, 58.99294], [22.72471, 58.99773], [22.7192, 59.0041], [22.71885, 59.0111], [22.72509, 59.01959]]]}}, {"type": "Feature", "properties": {"name": "exclusions-1116", "layer": "exclusions", "kind": "harbour"}, "geometry": {"type": "Polygon", "coordinates": [[[22.82525, 59.01777], [22.83804, 59.01546], [22.84811, 59.01079], [22.8539, 59.00449], [22.85456, 58.9975], [22.84997, 58.99089], [22.84083, 58.98567], [22.82713, 58.98245], [22.81356, 58.98205], [22.80078, 58.98436], [22.79072, 58.98902], [22.78491, 58.99533], [22.78424, 59.00231], [22.78882, 59.00892], [22.79795, 59.01415], [22.81167, 59.01738], [22.82525, 59.01777]]]}}, {"type": "Feature", "properties": {"name": "Salinõmme paadisadam", "layer": "exclusions", "kind": "harbour"}, "geometry": {"type": "Polygon", "coordinates": [[[22.95083, 58.82734], [22.94847, 58.82709], [22.94919, 58.8276], [22.95083, 58.82734]]]}}, {"type": "Feature", "properties": {"name": "Salinõmme kalasadam", "layer": "exclusions", "kind": "harbour"}, "geometry": {"type": "Polygon", "coordinates": [[[22.95186, 58.82623], [22.94953, 58.82644], [22.95069, 58.82708], [22.9502, 58.82724], [22.94921, 58.82661], [22.94813, 58.82695], [22.95165, 58.82752], [22.95186, 58.82623]]]}}, {"type": "Feature", "properties": {"name": "Salinõmme sadam", "layer": "exclusions", "kind": "harbour"}, "geometry": {"type": "Polygon", "coordinates": [[[22.94953, 58.82644], [22.94924, 58.82662], [22.9502, 58.82724], [22.94953, 58.82644]]]}}, {"type": "Feature", "properties": {"name": "Salinõmme vanasadam", "layer": "exclusions", "kind": "harbour"}, "geometry": {"type": "Polygon", "coordinates": [[[22.95296, 58.82665], [22.95186, 58.82623], [22.95212, 58.82675], [22.95296, 58.82665]]]}}, {"type": "Feature", "properties": {"name": "Saastna vanasadam", "layer": "exclusions", "kind": "harbour"}, "geometry": {"type": "Polygon", "coordinates": [[[23.5589, 58.73544], [23.5579, 58.73466], [23.55751, 58.73479], [23.5589, 58.73544]]]}}, {"type": "Feature", "properties": {"name": "Saarepera sadam", "layer": "exclusions", "kind": "harbour"}, "geometry": {"type": "Polygon", "coordinates": [[[27.49672, 58.17512], [27.49765, 58.17417], [27.49641, 58.17335], [27.49546, 58.17487], [27.49672, 58.17512]]]}}, {"type": "Feature", "properties": {"name": "Kallaste sadam", "layer": "exclusions", "kind": "harbour"}, "geometry": {"type": "Polygon", "coordinates": [[[23.25353, 58.66898], [23.25363, 58.66826], [23.25185, 58.66803], [23.25353, 58.66898]]]}}, {"type": "Feature", "properties": {"name": "exclusions-1124", "layer": "exclusions", "kind": "harbour"}, "geometry": {"type": "Polygon", "coordinates": [[[23.26295, 58.65165], [23.24955, 58.65095], [23.2367, 58.65297], [23.22634, 58.6574], [23.22007, 58.66357], [23.21882, 58.67053], [23.22281, 58.67723], [23.23179, 58.68281], [23.24371, 58.68612], [23.25712, 58.68682], [23.26999, 58.68479], [23.28034, 58.68036], [23.28661, 58.67419], [23.28784, 58.66723], [23.28385, 58.66053], [23.27486, 58.65495], [23.26295, 58.65165]]]}}, {"type": "Feature", "properties": {"name": "Kallaste rannasadam", "layer": "exclusions", "kind": "harbour"}, "geometry": {"type": "Polygon", "coordinates": [[[27.16632, 58.67274], [27.16596, 58.67251], [27.16541, 58.6725], [27.16632, 58.67274]]]}}, {"type": "Feature", "properties": {"name": "Kallaste sadam", "layer": "exclusions", "kind": "harbour"}, "geometry": {"type": "Polygon", "coordinates": [[[27.1659, 58.66901], [27.17016, 58.66841], [27.16664, 58.66799], [27.16338, 58.66849], [27.16577, 58.66948], [27.1659, 58.66901]]]}}, {"type": "Feature", "properties": {"name": "Pirita sadam", "layer": "exclusions", "kind": "harbour"}, "geometry": {"type": "Polygon", "coordinates": [[[24.82628, 59.46681], [24.82403, 59.46776], [24.8213, 59.46654], [24.81687, 59.46832], [24.81748, 59.47011], [24.82398, 59.46939], [24.82782, 59.4673], [24.82628, 59.46681]]]}}, {"type": "Feature", "properties": {"name": "Kaldu sadam", "layer": "exclusions", "kind": "harbour"}, "geometry": {"type": "Polygon", "coordinates": [[[23.26957, 58.45379], [23.26728, 58.45395], [23.2674, 58.45454], [23.26984, 58.45494], [23.26957, 58.45379]]]}}, {"type": "Feature", "properties": {"name": "Kübassaare sadam", "layer": "exclusions", "kind": "harbour"}, "geometry": {"type": "Polygon", "coordinates": [[[23.29797, 58.42965], [23.29808, 58.42965], [23.29805, 58.4295], [23.29778, 58.42953], [23.29797, 58.42965]]]}}, {"type": "Feature", "properties": {"name": "Valmeranna sadam", "layer": "exclusions", "kind": "harbour"}, "geometry": {"type": "Polygon", "coordinates": [[[23.23445, 58.49697], [23.23234, 58.49604], [23.23249, 58.49752], [23.23329, 58.49706], [23.23486, 58.49803], [23.23445, 58.49697]]]}}, {"type": "Feature", "properties": {"name": "Vainupea sadam", "layer": "exclusions", "kind": "harbour"}, "geometry": {"type": "Polygon", "coordinates": [[[26.27341, 59.58374], [26.27493, 59.58384], [26.27354, 59.58303], [26.2716, 59.5834], [26.27341, 59.58374]]]}}, {"type": "Feature", "properties": {"name": "Vainu sadam", "layer": "exclusions", "kind": "harbour"}, "geometry": {"type": "Polygon", "coordinates": [[[25.45821, 59.5014], [25.45682, 59.50152], [25.45769, 59.50223], [25.45821, 59.5014]]]}}, {"type": "Feature", "properties": {"name": "exclusions-1133", "layer": "exclusions", "kind": "harbour"}, "geometry": {"type": "Polygon", "coordinates": [[[25.48663, 59.51212], [25.49242, 59.5058], [25.49297, 59.49881], [25.48821, 59.49223], [25.47886, 59.48704], [25.46634, 59.48404], [25.45255, 59.48369], [25.43918, 59.48616], [25.42903, 59.49085], [25.42323, 59.49717], [25.42266, 59.50415], [25.42741, 59.51074], [25.43677, 59.51593], [25.4493, 59.51893], [25.4631, 59.51928], [25.47648, 59.51681], [25.48663, 59.51212]]]}}, {"type": "Feature", "properties": {"name": "exclusions-1134", "layer": "exclusions", "kind": "harbour"}, "geometry": {"type": "Polygon", "coordinates": [[[25.47947, 59.48783], [25.46734, 59.48445], [25.45361, 59.48366], [25.44039, 59.48559], [25.42968, 59.48995], [25.42311, 59.49607], [25.42169, 59.50301], [25.42563, 59.50974], [25.42828, 59.51197], [25.43484, 59.51563], [25.44689, 59.51911], [25.4606, 59.52], [25.47389, 59.51817], [25.48474, 59.51389], [25.49149, 59.50783], [25.49311, 59.50089], [25.48936, 59.49414], [25.47947, 59.48783]]]}}, {"type": "Feature", "properties": {"name": "Vahtrepa sadam", "layer": "exclusions", "kind": "harbour"}, "geometry": {"type": "Polygon", "coordinates": [[[23.02979, 58.88664], [23.02791, 58.88589], [23.0292, 58.88617], [23.02892, 58.88539], [23.02638, 58.88556], [23.02979, 58.88664]]]}}, {"type": "Feature", "properties": {"name": "Unguma sadam", "layer": "exclusions", "kind": "harbour"}, "geometry": {"type": "Polygon", "coordinates": [[[23.1479, 58.46081], [23.14725, 58.45997], [23.14658, 58.46052], [23.14694, 58.46114], [23.1479, 58.46081]]]}}, {"type": "Feature", "properties": {"name": "Uisusadam", "layer": "exclusions", "kind": "harbour"}, "geometry": {"type": "Polygon", "coordinates": [[[23.0885, 58.56002], [23.08756, 58.56009], [23.08791, 58.56037], [23.08888, 58.56055], [23.0885, 58.56002]]]}}, {"type": "Feature", "properties": {"name": "Kärsa sadam", "layer": "exclusions", "kind": "harbour"}, "geometry": {"type": "Polygon", "coordinates": [[[22.73852, 58.24068], [22.73836, 58.24167], [22.74078, 58.23987], [22.73825, 58.23887], [22.73645, 58.23982], [22.73852, 58.24068]]]}}, {"type": "Feature", "properties": {"name": "exclusions-1139", "layer": "exclusions", "kind": "harbour"}, "geometry": {"type": "Polygon", "coordinates": [[[22.99445, 58.35525], [22.98294, 58.35167], [22.96972, 58.35066], [22.95681, 58.35237], [22.94616, 58.35655], [22.93941, 58.36256], [22.93757, 58.36949], [22.94126, 58.37663], [22.94931, 58.38225], [22.96083, 58.38583], [22.97406, 58.38684], [22.98699, 58.38512], [22.99763, 58.38094], [23.00438, 58.37493], [23.00621, 58.368], [23.0025, 58.36086], [22.99445, 58.35525]]]}}, {"type": "Feature", "properties": {"name": "Kõrgessaare sadam", "layer": "exclusions", "kind": "harbour"}, "geometry": {"type": "Polygon", "coordinates": [[[22.46752, 58.99066], [22.46761, 58.98928], [22.46586, 58.98927], [22.46481, 58.99317], [22.46752, 58.99066]]]}}, {"type": "Feature", "properties": {"name": "Laaksaare sadam", "layer": "exclusions", "kind": "harbour"}, "geometry": {"type": "Polygon", "coordinates": [[[27.41908, 58.33791], [27.4153, 58.33832], [27.41825, 58.33916], [27.41908, 58.33791]]]}}, {"type": "Feature", "properties": {"name": "Lao sadam", "layer": "exclusions", "kind": "harbour"}, "geometry": {"type": "Polygon", "coordinates": [[[24.12195, 58.23392], [24.12123, 58.23409], [24.12154, 58.23448], [24.12281, 58.23403], [24.12195, 58.23392]]]}}, {"type": "Feature", "properties": {"name": "Leesikalda sadam", "layer": "exclusions", "kind": "harbour"}, "geometry": {"type": "Polygon", "coordinates": [[[25.50268, 59.59437], [25.50079, 59.59413], [25.50055, 59.59461], [25.50228, 59.59499], [25.50268, 59.59437]]]}}, {"type": "Feature", "properties": {"name": "Lehtma sadam", "layer": "exclusions", "kind": "harbour"}, "geometry": {"type": "Polygon", "coordinates": [[[22.7028, 59.06696], [22.70241, 59.0656], [22.69656, 59.0689], [22.69287, 59.06968], [22.6934, 59.07027], [22.7028, 59.06696]]]}}, {"type": "Feature", "properties": {"name": "Lehtma kalurisadam", "layer": "exclusions", "kind": "harbour"}, "geometry": {"type": "Polygon", "coordinates": [[[22.69397, 59.06824], [22.69174, 59.06877], [22.69287, 59.06968], [22.69635, 59.06898], [22.69397, 59.06824]]]}}, {"type": "Feature", "properties": {"name": "Lääne sadam", "layer": "exclusions", "kind": "harbour"}, "geometry": {"type": "Polygon", "coordinates": [[[23.6774, 58.52692], [23.67636, 58.52677], [23.67686, 58.52747], [23.6774, 58.52692]]]}}, {"type": "Feature", "properties": {"name": "Luunja jõesadam", "layer": "exclusions", "kind": "harbour"}, "geometry": {"type": "Polygon", "coordinates": [[[26.88334, 58.35534], [26.88481, 58.35482], [26.88173, 58.3539], [26.88334, 58.35534]]]}}, {"type": "Feature", "properties": {"name": "Luige väikesadam", "layer": "exclusions", "kind": "harbour"}, "geometry": {"type": "Polygon", "coordinates": [[[23.47762, 58.87116], [23.47601, 58.87093], [23.47658, 58.87127], [23.47762, 58.87116]]]}}, {"type": "Feature", "properties": {"name": "Lohusuu sadam", "layer": "exclusions", "kind": "harbour"}, "geometry": {"type": "Polygon", "coordinates": [[[27.05513, 58.94351], [27.05365, 58.94148], [27.05181, 58.94235], [27.05423, 58.94398], [27.05513, 58.94351]]]}}, {"type": "Feature", "properties": {"name": "Mahu sadam", "layer": "exclusions", "kind": "harbour"}, "geometry": {"type": "Polygon", "coordinates": [[[26.72972, 59.52009], [26.73012, 59.51914], [26.72542, 59.51889], [26.72635, 59.52083], [26.7252, 59.52127], [26.72671, 59.52142], [26.72972, 59.52009]]]}}, {"type": "Feature", "properties": {"name": "exclusions-1151", "layer": "exclusions", "kind": "harbour"}, "geometry": {"type": "Polygon", "coordinates": [[[26.72724, 59.53928], [26.74186, 59.53777], [26.75527, 59.53256], [26.7634, 59.52516], [26.76447, 59.5182], [26.76018, 59.51153], [26.75119, 59.50618], [26.73888, 59.50295], [26.72511, 59.50234], [26.71197, 59.50443], [26.69795, 59.50977], [26.69144, 59.5159], [26.69008, 59.52285], [26.6941, 59.52956], [26.70287, 59.535], [26.71567, 59.53845], [26.72724, 59.53928]]]}}, {"type": "Feature", "properties": {"name": "Mihkli sadam", "layer": "exclusions", "kind": "harbour"}, "geometry": {"type": "Polygon", "coordinates": [[[26.98671, 58.77628], [26.98682, 58.77649], [26.98794, 58.77636], [26.98671, 58.77628]]]}}, {"type": "Feature", "properties": {"name": "exclusions-1153", "layer": "exclusions", "kind": "harbour"}, "geometry": {"type": "Polygon", "coordinates": [[[24.08408, 58.2249], [24.08363, 58.23188], [24.08831, 58.23845], [24.0974, 58.24359], [24.10952, 58.24653], [24.12282, 58.24681], [24.13528, 58.2444], [24.145, 58.23966], [24.14911, 58.236], [24.15252, 58.22925], [24.15075, 58.22232], [24.14407, 58.21624], [24.1335, 58.21196], [24.12065, 58.21011], [24.10747, 58.21098], [24.09596, 58.21445], [24.08762, 58.22081], [24.08408, 58.2249]]]}}, {"type": "Feature", "properties": {"name": "Muratsi sadam", "layer": "exclusions", "kind": "harbour"}, "geometry": {"type": "Polygon", "coordinates": [[[22.57493, 58.23023], [22.57558, 58.2307], [22.57709, 58.2306], [22.5764, 58.22964], [22.57493, 58.23023]]]}}, {"type": "Feature", "properties": {"name": "Mehikoorma sadam", "layer": "exclusions", "kind": "harbour"}, "geometry": {"type": "Polygon", "coordinates": [[[27.4761, 58.2378], [27.47632, 58.23722], [27.47384, 58.23672], [27.4761, 58.2378]]]}}, {"type": "Feature", "properties": {"name": "Männi väikesadam", "layer": "exclusions", "kind": "harbour"}, "geometry": {"type": "Polygon", "coordinates": [[[23.66511, 58.51722], [23.6627, 58.51772], [23.66282, 58.51808], [23.66529, 58.51806], [23.66511, 58.51722]]]}}, {"type": "Feature", "properties": {"name": "Kalana sadam", "layer": "exclusions", "kind": "harbour"}, "geometry": {"type": "Polygon", "coordinates": [[[22.05866, 58.91957], [22.05867, 58.91942], [22.05481, 58.92093], [22.05638, 58.92176], [22.05866, 58.91957]]]}}, {"type": "Feature", "properties": {"name": "exclusions-1158", "layer": "exclusions", "kind": "harbour"}, "geometry": {"type": "Polygon", "coordinates": [[[22.04797, 58.90226], [22.03814, 58.90471], [22.02905, 58.90946], [22.02316, 58.91575], [22.02239, 58.92274], [22.02686, 58.92936], [22.03589, 58.93462], [22.0481, 58.93771], [22.06164, 58.93815], [22.07444, 58.93589], [22.08173, 58.93297], [22.08989, 58.92741], [22.09329, 58.92064], [22.09141, 58.9137], [22.08455, 58.90764], [22.07373, 58.90338], [22.06314, 58.90192], [22.04797, 58.90226]]]}}, {"type": "Feature", "properties": {"name": "Kalana jahisadam", "layer": "exclusions", "kind": "harbour"}, "geometry": {"type": "Polygon", "coordinates": [[[22.06109, 58.92218], [22.06111, 58.92123], [22.05706, 58.92118], [22.0585, 58.92215], [22.06109, 58.92218]]]}}, {"type": "Feature", "properties": {"name": "exclusions-1160", "layer": "exclusions", "kind": "harbour"}, "geometry": {"type": "Polygon", "coordinates": [[[22.065, 58.93918], [22.07792, 58.9371], [22.08826, 58.93261], [22.09446, 58.92641], [22.09556, 58.91934], [22.09114, 58.9124], [22.08175, 58.90692], [22.06597, 58.90343], [22.04801, 58.90366], [22.03669, 58.90662], [22.02701, 58.91219], [22.0227, 58.91881], [22.02364, 58.9258], [22.02968, 58.93209], [22.03991, 58.93672], [22.05277, 58.939], [22.065, 58.93918]]]}}, {"type": "Feature", "properties": {"name": "Ristna lõunasadam (ehitamisel)", "layer": "exclusions", "kind": "harbour"}, "geometry": {"type": "Polygon", "coordinates": [[[22.06263, 58.92158], [22.06201, 58.92174], [22.06236, 58.92202], [22.06263, 58.92158]]]}}, {"type": "Feature", "properties": {"name": "Remniku vanasadam", "layer": "exclusions", "kind": "harbour"}, "geometry": {"type": "Polygon", "coordinates": [[[27.54327, 59.01076], [27.5429, 59.01074], [27.54289, 59.01083], [27.54327, 59.01076]]]}}, {"type": "Feature", "properties": {"name": "exclusions-1163", "layer": "exclusions", "kind": "harbour"}, "geometry": {"type": "Polygon", "coordinates": [[[23.7575, 59.28787], [23.76919, 59.28426], [23.77723, 59.27864], [23.78042, 59.27184], [23.77827, 59.26492], [23.77111, 59.25893], [23.76002, 59.25477], [23.7465, 59.25307], [23.73298, 59.25411], [23.7213, 59.25771], [23.71325, 59.26334], [23.71005, 59.27013], [23.71219, 59.27705], [23.71935, 59.28305], [23.73043, 59.28721], [23.74397, 59.28891], [23.7575, 59.28787]]]}}, {"type": "Feature", "properties": {"name": "exclusions-1164", "layer": "exclusions", "kind": "harbour"}, "geometry": {"type": "Polygon", "coordinates": [[[23.71025, 59.26677], [23.7098, 59.27328], [23.71417, 59.27967], [23.72309, 59.28502], [23.73532, 59.28824], [23.74899, 59.28883], [23.76201, 59.2867], [23.77241, 59.28219], [23.77859, 59.27597], [23.77986, 59.27163], [23.77791, 59.26469], [23.77092, 59.25864], [23.75996, 59.2544], [23.74669, 59.25261], [23.73314, 59.25354], [23.72135, 59.25706], [23.71341, 59.26244], [23.71025, 59.26677]]]}}, {"type": "Feature", "properties": {"name": "Ristna sadam", "layer": "exclusions", "kind": "harbour"}, "geometry": {"type": "Polygon", "coordinates": [[[23.74668, 59.26992], [23.7449, 59.2695], [23.74464, 59.27098], [23.74668, 59.26992]]]}}, {"type": "Feature", "properties": {"name": "exclusions-1166", "layer": "exclusions", "kind": "harbour"}, "geometry": {"type": "Polygon", "coordinates": [[[23.53766, 58.58238], [23.54211, 58.57579], [23.54137, 58.5688], [23.53555, 58.56247], [23.52555, 58.55777], [23.51288, 58.5554], [23.4968, 58.55608], [23.48416, 58.55918], [23.47659, 58.56304], [23.47081, 58.56787], [23.46808, 58.57521], [23.47084, 58.58202], [23.47827, 58.58787], [23.48942, 58.59182], [23.50259, 58.59326], [23.51578, 58.59196], [23.52725, 58.58791], [23.53766, 58.58238]]]}}, {"type": "Feature", "properties": {"name": "exclusions-1167", "layer": "exclusions", "kind": "harbour"}, "geometry": {"type": "Polygon", "coordinates": [[[23.48551, 58.55927], [23.48062, 58.56161], [23.47329, 58.56762], [23.47105, 58.57451], [23.47404, 58.58134], [23.48182, 58.58707], [23.4932, 58.59084], [23.50165, 58.59244], [23.51509, 58.59247], [23.52749, 58.58983], [23.53696, 58.58491], [23.54044, 58.58175], [23.54359, 58.57511], [23.54172, 58.56832], [23.5351, 58.56237], [23.5238, 58.55747], [23.51158, 58.55551], [23.49886, 58.556], [23.48551, 58.55927]]]}}, {"type": "Feature", "properties": {"name": "Mustvee sadam", "layer": "exclusions", "kind": "harbour"}, "geometry": {"type": "Polygon", "coordinates": [[[26.95265, 58.84705], [26.95432, 58.84646], [26.95195, 58.84651], [26.95143, 58.84572], [26.94836, 58.84513], [26.94829, 58.84713], [26.95265, 58.84705]]]}}, {"type": "Feature", "properties": {"name": "Mustvee paadisadam", "layer": "exclusions", "kind": "harbour"}, "geometry": {"type": "Polygon", "coordinates": [[[26.94765, 58.84702], [26.94769, 58.84692], [26.94495, 58.84661], [26.94765, 58.84702]]]}}, {"type": "Feature", "properties": {"name": "exclusions-1170", "layer": "exclusions", "kind": "harbour"}, "geometry": {"type": "Polygon", "coordinates": [[[27.50373, 59.43637], [27.5111, 59.4411], [27.52278, 59.44487], [27.53639, 59.44611], [27.54983, 59.44462], [27.56108, 59.44063], [27.5684, 59.43475], [27.5707, 59.42788], [27.56762, 59.42106], [27.55926, 59.41507], [27.54791, 59.41104], [27.53444, 59.40951], [27.52088, 59.4107], [27.5093, 59.41443], [27.50147, 59.42013], [27.49857, 59.42695], [27.50373, 59.43637]]]}}, {"type": "Feature", "properties": {"name": "Manilaiu sadam", "layer": "exclusions", "kind": "harbour"}, "geometry": {"type": "Polygon", "coordinates": [[[24.12637, 58.22149], [24.12481, 58.22147], [24.12158, 58.22249], [24.12406, 58.22291], [24.12629, 58.22228], [24.12637, 58.22149]]]}}, {"type": "Feature", "properties": {"name": "Naissaare sadam", "layer": "exclusions", "kind": "harbour"}, "geometry": {"type": "Polygon", "coordinates": [[[24.55439, 59.55629], [24.54894, 59.55608], [24.54921, 59.55881], [24.55162, 59.55876], [24.55439, 59.55629]]]}}, {"type": "Feature", "properties": {"name": "Naistlaiu sadam", "layer": "exclusions", "kind": "harbour"}, "geometry": {"type": "Polygon", "coordinates": [[[23.0325, 58.82469], [23.03104, 58.82492], [23.03127, 58.82505], [23.0325, 58.82469]]]}}, {"type": "Feature", "properties": {"name": "exclusions-1174", "layer": "exclusions", "kind": "harbour"}, "geometry": {"type": "Polygon", "coordinates": [[[23.01719, 58.80841], [23.00629, 58.8125], [22.99928, 58.81846], [22.99722, 58.82537], [23.00043, 58.83218], [23.00842, 58.83786], [23.01999, 58.84153], [23.03399, 58.84264], [23.04713, 58.84103], [23.05803, 58.83693], [23.06504, 58.83097], [23.06709, 58.82406], [23.06387, 58.81725], [23.05587, 58.81158], [23.04431, 58.8079], [23.03032, 58.8068], [23.01719, 58.80841]]]}}, {"type": "Feature", "properties": {"name": "Narva Kulgu sadam", "layer": "exclusions", "kind": "harbour"}, "geometry": {"type": "Polygon", "coordinates": [[[28.17342, 59.34419], [28.17304, 59.34419], [28.17306, 59.34465], [28.17342, 59.34419]]]}}, {"type": "Feature", "properties": {"name": "Narva linnasadam", "layer": "exclusions", "kind": "harbour"}, "geometry": {"type": "Polygon", "coordinates": [[[28.20659, 59.38323], [28.20537, 59.38296], [28.20459, 59.38393], [28.20563, 59.38412], [28.20659, 59.38323]]]}}, {"type": "Feature", "properties": {"name": "Nasva sadam", "layer": "exclusions", "kind": "harbour"}, "geometry": {"type": "Polygon", "coordinates": [[[22.39647, 58.21447], [22.39611, 58.21338], [22.39443, 58.21306], [22.39222, 58.21534], [22.392, 58.21777], [22.39303, 58.21836], [22.39647, 58.21447]]]}}, {"type": "Feature", "properties": {"name": "Nasva jõesadam", "layer": "exclusions", "kind": "harbour"}, "geometry": {"type": "Polygon", "coordinates": [[[22.38029, 58.22948], [22.38159, 58.23051], [22.38211, 58.23038], [22.38174, 58.22859], [22.38029, 58.22948]]]}}, {"type": "Feature", "properties": {"name": "Omedu rand", "layer": "exclusions", "kind": "harbour"}, "geometry": {"type": "Polygon", "coordinates": [[[26.98105, 58.77751], [26.97896, 58.77752], [26.97964, 58.77882], [26.98097, 58.7786], [26.98105, 58.77751]]]}}, {"type": "Feature", "properties": {"name": "Kaldasilla sadam", "layer": "exclusions", "kind": "harbour"}, "geometry": {"type": "Polygon", "coordinates": [[[26.97904, 58.77728], [26.98094, 58.7772], [26.97841, 58.77637], [26.97904, 58.77728]]]}}, {"type": "Feature", "properties": {"name": "Papissaare sadam", "layer": "exclusions", "kind": "harbour"}, "geometry": {"type": "Polygon", "coordinates": [[[21.98596, 58.35964], [21.98523, 58.35945], [21.98788, 58.36094], [21.98838, 58.36053], [21.98596, 58.35964]]]}}, {"type": "Feature", "properties": {"name": "Paslepa-Viigi sadam", "layer": "exclusions", "kind": "harbour"}, "geometry": {"type": "Polygon", "coordinates": [[[23.44474, 59.0243], [23.4416, 59.02358], [23.44119, 59.02477], [23.44434, 59.02494], [23.44474, 59.0243]]]}}, {"type": "Feature", "properties": {"name": "Peerni sadam", "layer": "exclusions", "kind": "harbour"}, "geometry": {"type": "Polygon", "coordinates": [[[24.1352, 58.24577], [24.13319, 58.24565], [24.13319, 58.24817], [24.13457, 58.24814], [24.1352, 58.24577]]]}}, {"type": "Feature", "properties": {"name": "exclusions-1184", "layer": "exclusions", "kind": "harbour"}, "geometry": {"type": "Polygon", "coordinates": [[[23.63822, 58.45444], [23.64667, 58.4599], [23.65845, 58.46327], [23.67177, 58.46404], [23.68467, 58.46206], [23.69597, 58.45729], [23.70224, 58.45113], [23.7035, 58.44417], [23.69956, 58.43747], [23.69104, 58.43204], [23.67922, 58.42872], [23.6659, 58.42801], [23.65275, 58.42993], [23.64264, 58.43407], [23.63619, 58.43989], [23.63457, 58.44681], [23.63822, 58.45444]]]}}, {"type": "Feature", "properties": {"name": "Pihelgalaiu sadam", "layer": "exclusions", "kind": "harbour"}, "geometry": {"type": "Polygon", "coordinates": [[[23.66843, 58.44582], [23.66847, 58.44628], [23.66947, 58.446], [23.66843, 58.44582]]]}}, {"type": "Feature", "properties": {"name": "Piirissaare sadam", "layer": "exclusions", "kind": "harbour"}, "geometry": {"type": "Polygon", "coordinates": [[[27.51232, 58.37675], [27.51077, 58.37561], [27.51158, 58.37737], [27.51232, 58.37675]]]}}, {"type": "Feature", "properties": {"name": "Rebase paadisadam", "layer": "exclusions", "kind": "harbour"}, "geometry": {"type": "Polygon", "coordinates": [[[26.74888, 58.36832], [26.75011, 58.36699], [26.74914, 58.36729], [26.74888, 58.36832]]]}}, {"type": "Feature", "properties": {"name": "exclusions-1188", "layer": "exclusions", "kind": "harbour"}, "geometry": {"type": "Polygon", "coordinates": [[[24.47247, 58.14103], [24.48587, 58.14052], [24.49884, 58.13719], [24.50741, 58.13188], [24.51145, 58.12524], [24.51034, 58.11826], [24.50427, 58.11202], [24.49414, 58.10747], [24.47838, 58.10492], [24.46513, 58.10457], [24.45267, 58.10693], [24.44291, 58.11162], [24.43732, 58.11794], [24.43675, 58.12492], [24.4413, 58.13151], [24.45028, 58.13669], [24.47247, 58.14103]]]}}, {"type": "Feature", "properties": {"name": "exclusions-1189", "layer": "exclusions", "kind": "harbour"}, "geometry": {"type": "Polygon", "coordinates": [[[24.47165, 58.14074], [24.48527, 58.14024], [24.49708, 58.13709], [24.50566, 58.13179], [24.50971, 58.12514], [24.50862, 58.11817], [24.50255, 58.11193], [24.49243, 58.10737], [24.47638, 58.10444], [24.46312, 58.10455], [24.45099, 58.10733], [24.44182, 58.11235], [24.43703, 58.11885], [24.43733, 58.12584], [24.44268, 58.13226], [24.45228, 58.13713], [24.47165, 58.14074]]]}}, {"type": "Feature", "properties": {"name": "Rannametsa sadam", "layer": "exclusions", "kind": "harbour"}, "geometry": {"type": "Polygon", "coordinates": [[[24.47991, 58.12236], [24.47821, 58.1221], [24.47819, 58.12264], [24.47564, 58.12268], [24.47776, 58.12354], [24.4802, 58.12333], [24.47991, 58.12236]]]}}, {"type": "Feature", "properties": {"name": "exclusions-1191", "layer": "exclusions", "kind": "harbour"}, "geometry": {"type": "Polygon", "coordinates": [[[22.21758, 58.56336], [22.23087, 58.56242], [22.24242, 58.55891], [22.25048, 58.55334], [22.25381, 58.54657], [22.25192, 58.53963], [22.2451, 58.53358], [22.23438, 58.52934], [22.22178, 58.52738], [22.20844, 58.52797], [22.19658, 58.53119], [22.18801, 58.53655], [22.18404, 58.54322], [22.18527, 58.55019], [22.19152, 58.55641], [22.20382, 58.56125], [22.21758, 58.56336]]]}}, {"type": "Feature", "properties": {"name": "exclusions-1192", "layer": "exclusions", "kind": "harbour"}, "geometry": {"type": "Polygon", "coordinates": [[[22.18396, 58.54561], [22.18705, 58.55244], [22.1949, 58.55814], [22.20632, 58.56186], [22.21956, 58.56302], [22.23809, 58.55996], [22.24909, 58.5536], [22.25312, 58.54527], [22.25057, 58.53825], [22.24317, 58.53239], [22.23206, 58.52843], [22.21893, 58.52698], [22.20577, 58.52826], [22.19458, 58.53207], [22.1861, 58.53871], [22.18438, 58.54469], [22.18469, 58.54326], [22.18396, 58.54561]]]}}, {"type": "Feature", "properties": {"name": "Rannaaugu sadam", "layer": "exclusions", "kind": "harbour"}, "geometry": {"type": "Polygon", "coordinates": [[[22.21957, 58.54546], [22.21911, 58.54442], [22.21767, 58.54443], [22.21715, 58.54495], [22.21957, 58.54546]]]}}, {"type": "Feature", "properties": {"name": "Vääksy", "layer": "exclusions", "kind": "harbour"}, "geometry": {"type": "Polygon", "coordinates": [[[25.53483, 61.17579], [25.53508, 61.17568], [25.53427, 61.17528], [25.53483, 61.17579]]]}}, {"type": "Feature", "properties": {"name": "Raja väikesadam", "layer": "exclusions", "kind": "harbour"}, "geometry": {"type": "Polygon", "coordinates": [[[26.94865, 58.82856], [26.94851, 58.82822], [26.94476, 58.82875], [26.94502, 58.82928], [26.94865, 58.82856]]]}}, {"type": "Feature", "properties": {"name": "Roopa sadam", "layer": "exclusions", "kind": "harbour"}, "geometry": {"type": "Polygon", "coordinates": [[[21.87539, 58.26316], [21.8735, 58.26323], [21.87393, 58.26364], [21.87539, 58.26316]]]}}, {"type": "Feature", "properties": {"name": "exclusions-1197", "layer": "exclusions", "kind": "harbour"}, "geometry": {"type": "Polygon", "coordinates": [[[23.00828, 58.38466], [23.01358, 58.38906], [23.01254, 58.38792], [23.01628, 58.39068], [23.02455, 58.39379], [23.03473, 58.39556], [23.0454, 58.3956], [23.05754, 58.39336], [23.06722, 58.3889], [23.07333, 58.38229], [23.07383, 58.3749], [23.06639, 58.36644], [23.05578, 58.36186], [23.04298, 58.35983], [23.0297, 58.36052], [23.01798, 58.36382], [23.00958, 58.36923], [23.0058, 58.37593], [23.00828, 58.38466]]]}}, {"type": "Feature", "properties": {"name": "exclusions-1198", "layer": "exclusions", "kind": "harbour"}, "geometry": {"type": "Polygon", "coordinates": [[[23.01104, 58.38803], [23.02048, 58.39302], [23.03282, 58.39575], [23.04618, 58.3958], [23.05853, 58.39317], [23.06797, 58.38826], [23.07309, 58.38178], [23.0722, 58.37294], [23.06921, 58.36933], [23.06413, 58.36572], [23.05303, 58.36156], [23.04001, 58.35999], [23.02686, 58.36115], [23.01559, 58.36485], [23.00791, 58.37055], [23.005, 58.37737], [23.00672, 58.38253], [23.01104, 58.38803]]]}}, {"type": "Feature", "properties": {"name": "Ruhve sadam", "layer": "exclusions", "kind": "harbour"}, "geometry": {"type": "Polygon", "coordinates": [[[23.03966, 58.37711], [23.03799, 58.37783], [23.03955, 58.37816], [23.03966, 58.37711]]]}}, {"type": "Feature", "properties": {"name": "Rälby sadam", "layer": "exclusions", "kind": "harbour"}, "geometry": {"type": "Polygon", "coordinates": [[[23.27711, 59.02557], [23.27503, 59.0259], [23.27511, 59.0262], [23.27788, 59.02604], [23.27711, 59.02557]]]}}, {"type": "Feature", "properties": {"name": "exclusions-1201", "layer": "exclusions", "kind": "harbour"}, "geometry": {"type": "Polygon", "coordinates": [[[24.76509, 59.57003], [24.77437, 59.57463], [24.7862, 59.57725], [24.79906, 59.57757], [24.81016, 59.57585], [24.82033, 59.57201], [24.82764, 59.5661], [24.8299, 59.55921], [24.82678, 59.55239], [24.81874, 59.54666], [24.80701, 59.5429], [24.79695, 59.54173], [24.78322, 59.54244], [24.77112, 59.54575], [24.76249, 59.55117], [24.75864, 59.55787], [24.76001, 59.56416], [24.76509, 59.57003]]]}}, {"type": "Feature", "properties": {"name": "exclusions-1202", "layer": "exclusions", "kind": "harbour"}, "geometry": {"type": "Polygon", "coordinates": [[[24.76008, 59.5527], [24.75757, 59.55931], [24.76021, 59.56614], [24.76774, 59.57195], [24.77903, 59.57591], [24.79323, 59.57744], [24.80684, 59.57625], [24.81846, 59.57251], [24.82632, 59.5668], [24.82923, 59.55998], [24.82675, 59.55308], [24.81926, 59.54717], [24.8079, 59.54314], [24.79654, 59.54159], [24.7828, 59.54225], [24.77065, 59.54551], [24.76193, 59.5509], [24.76305, 59.55036], [24.76008, 59.5527]]]}}, {"type": "Feature", "properties": {"name": "exclusions-1203", "layer": "exclusions", "kind": "harbour"}, "geometry": {"type": "MultiPolygon", "coordinates": [[[[24.75754, 59.55878], [24.75999, 59.5657], [24.7675, 59.57164], [24.77892, 59.57568], [24.79258, 59.57721], [24.80737, 59.57575], [24.82218, 59.56999], [24.82827, 59.56374], [24.82913, 59.55676], [24.82465, 59.55012], [24.81552, 59.54483], [24.80311, 59.5417], [24.78933, 59.54119], [24.77556, 59.54336], [24.76529, 59.54775], [24.75933, 59.55369], [24.75754, 59.55878]]], [[[24.75965, 59.55282], [24.75933, 59.55367], [24.76362, 59.54925], [24.75965, 59.55282]]]]}}, {"type": "Feature", "properties": {"name": "exclusions-1204", "layer": "exclusions", "kind": "harbour"}, "geometry": {"type": "Polygon", "coordinates": [[[24.79584, 59.57833], [24.80496, 59.57771], [24.81728, 59.57459], [24.82625, 59.56931], [24.83052, 59.56268], [24.82942, 59.5557], [24.82314, 59.54944], [24.81263, 59.54485], [24.79949, 59.54263], [24.79386, 59.54248], [24.78036, 59.5439], [24.76901, 59.54783], [24.76154, 59.55368], [24.75907, 59.56055], [24.762, 59.5674], [24.76988, 59.57319], [24.78151, 59.57703], [24.79584, 59.57833]]]}}, {"type": "Feature", "properties": {"name": "exclusions-1205", "layer": "exclusions", "kind": "harbour"}, "geometry": {"type": "Polygon", "coordinates": [[[24.83036, 59.56159], [24.82858, 59.55464], [24.8217, 59.54854], [24.81076, 59.54422], [24.79743, 59.54233], [24.78373, 59.54316], [24.77174, 59.54658], [24.76329, 59.55207], [24.75957, 59.55974], [24.76201, 59.56673], [24.76948, 59.57265], [24.78084, 59.5767], [24.79435, 59.57825], [24.80796, 59.57707], [24.81959, 59.57335], [24.82654, 59.56831], [24.83036, 59.56159]]]}}, {"type": "Feature", "properties": {"name": "exclusions-1206", "layer": "exclusions", "kind": "harbour"}, "geometry": {"type": "Polygon", "coordinates": [[[24.76287, 59.55268], [24.75935, 59.55943], [24.76122, 59.56637], [24.76819, 59.57244], [24.7792, 59.57673], [24.79257, 59.57857], [24.80206, 59.57831], [24.81347, 59.57614], [24.82157, 59.57283], [24.82875, 59.56686], [24.8309, 59.55996], [24.82766, 59.55315], [24.81953, 59.54745], [24.80774, 59.54374], [24.7941, 59.54259], [24.78067, 59.54416], [24.77123, 59.54715], [24.76227, 59.55415], [24.76528, 59.55108], [24.76287, 59.55268]]]}}, {"type": "Feature", "properties": {"name": "exclusions-1207", "layer": "exclusions", "kind": "harbour"}, "geometry": {"type": "Polygon", "coordinates": [[[24.8089, 59.57734], [24.82034, 59.57347], [24.82794, 59.56766], [24.83055, 59.5608], [24.82776, 59.55394], [24.82, 59.54811], [24.80847, 59.54421], [24.79445, 59.54283], [24.78092, 59.54417], [24.76948, 59.54803], [24.76187, 59.55384], [24.75925, 59.56069], [24.76203, 59.56756], [24.76978, 59.57339], [24.78132, 59.57729], [24.79535, 59.57868], [24.8089, 59.57734]]]}}, {"type": "Feature", "properties": {"name": "exclusions-1208", "layer": "exclusions", "kind": "harbour"}, "geometry": {"type": "Polygon", "coordinates": [[[24.76002, 59.55719], [24.75878, 59.56304], [24.76162, 59.56917], [24.76844, 59.57443], [24.78015, 59.57863], [24.79457, 59.58026], [24.80818, 59.57908], [24.81982, 59.57536], [24.8277, 59.56965], [24.83064, 59.56283], [24.82819, 59.55594], [24.82072, 59.55002], [24.81285, 59.54689], [24.80391, 59.54477], [24.79014, 59.54416], [24.777, 59.54627], [24.76639, 59.55083], [24.76002, 59.55719]]]}}, {"type": "Feature", "properties": {"name": "exclusions-1209", "layer": "exclusions", "kind": "harbour"}, "geometry": {"type": "Polygon", "coordinates": [[[24.78008, 59.57919], [24.79071, 59.58056], [24.8058, 59.57996], [24.81795, 59.57668], [24.82665, 59.57129], [24.83057, 59.5646], [24.82913, 59.55764], [24.82253, 59.55146], [24.8119, 59.54701], [24.80282, 59.54501], [24.79163, 59.54435], [24.78062, 59.5455], [24.77025, 59.54861], [24.76262, 59.5533], [24.75854, 59.55906], [24.75879, 59.56596], [24.76345, 59.57192], [24.77065, 59.57621], [24.78008, 59.57919]], [[24.7987, 59.54487], [24.80146, 59.54508], [24.80136, 59.5453], [24.7987, 59.54487]]]}}, {"type": "Feature", "properties": {"name": "exclusions-1210", "layer": "exclusions", "kind": "harbour"}, "geometry": {"type": "Polygon", "coordinates": [[[24.76832, 59.55196], [24.7598, 59.55875], [24.75779, 59.56469], [24.76048, 59.57161], [24.76816, 59.57747], [24.77965, 59.58141], [24.79322, 59.58284], [24.80678, 59.58154], [24.8153, 59.57899], [24.82118, 59.57627], [24.82792, 59.5702], [24.82953, 59.56326], [24.82576, 59.55651], [24.81719, 59.55098], [24.80513, 59.54751], [24.79141, 59.54663], [24.781, 59.54807], [24.76832, 59.55196]]]}}, {"type": "Feature", "properties": {"name": "exclusions-1211", "layer": "exclusions", "kind": "harbour"}, "geometry": {"type": "Polygon", "coordinates": [[[24.79834, 59.58352], [24.80809, 59.58219], [24.81656, 59.5798], [24.82549, 59.5745], [24.8297, 59.56786], [24.82854, 59.56088], [24.82221, 59.55463], [24.81166, 59.55006], [24.7985, 59.54787], [24.78055, 59.54897], [24.77233, 59.55127], [24.76766, 59.55337], [24.76026, 59.55934], [24.75801, 59.56623], [24.76116, 59.57305], [24.76922, 59.57877], [24.78097, 59.58252], [24.79834, 59.58352]], [[24.77245, 59.55152], [24.78101, 59.54902], [24.78122, 59.54928], [24.77245, 59.55152]]]}}, {"type": "Feature", "properties": {"name": "Rohuneeme väikesadam", "layer": "exclusions", "kind": "harbour"}, "geometry": {"type": "Polygon", "coordinates": [[[24.7929, 59.55909], [24.79294, 59.5595], [24.79428, 59.55977], [24.79447, 59.55906], [24.7929, 59.55909]]]}}, {"type": "Feature", "properties": {"name": "Rohuneeme sadam", "layer": "exclusions", "kind": "harbour"}, "geometry": {"type": "Polygon", "coordinates": [[[24.79572, 59.55808], [24.79197, 59.55852], [24.79216, 59.55921], [24.79572, 59.55808]]]}}, {"type": "Feature", "properties": {"name": "Võõpsu sadam", "layer": "exclusions", "kind": "harbour"}, "geometry": {"type": "Polygon", "coordinates": [[[27.54547, 58.08193], [27.54402, 58.08115], [27.5435, 58.08213], [27.54519, 58.08245], [27.54547, 58.08193]]]}}, {"type": "Feature", "properties": {"name": "Võõpsu külasadam", "layer": "exclusions", "kind": "harbour"}, "geometry": {"type": "Polygon", "coordinates": [[[27.5442, 58.07905], [27.54341, 58.0796], [27.54383, 58.07999], [27.5442, 58.07905]]]}}, {"type": "Feature", "properties": {"name": "Veibri sadam", "layer": "exclusions", "kind": "harbour"}, "geometry": {"type": "Polygon", "coordinates": [[[26.79243, 58.3374], [26.7926, 58.33622], [26.79165, 58.33635], [26.79236, 58.33785], [26.79243, 58.3374]]]}}, {"type": "Feature", "properties": {"name": "A", "layer": "exclusions", "kind": "anchorage"}, "geometry": {"type": "Polygon", "coordinates": [[[24.81333, 59.47333], [24.795, 59.46333], [24.78483, 59.48233], [24.80517, 59.49283], [24.81333, 59.47333]]]}}, {"type": "Feature", "properties": {"name": "Veere sadam", "layer": "exclusions", "kind": "harbour"}, "geometry": {"type": "Polygon", "coordinates": [[[22.0474, 58.46225], [22.04929, 58.46246], [22.05206, 58.46123], [22.04658, 58.46063], [22.0474, 58.46225]]]}}, {"type": "Feature", "properties": {"name": "Veere vanasadam", "layer": "exclusions", "kind": "harbour"}, "geometry": {"type": "Polygon", "coordinates": [[[22.05197, 58.46117], [22.05204, 58.46095], [22.04852, 58.46069], [22.05197, 58.46117]]]}}, {"type": "Feature", "properties": {"name": "exclusions-1220", "layer": "exclusions", "kind": "harbour"}, "geometry": {"type": "Polygon", "coordinates": [[[22.3644, 58.5774], [22.3689, 58.58401], [22.37317, 58.58719], [22.3872, 58.59247], [22.39957, 58.59377], [22.41149, 58.59276], [22.42347, 58.58899], [22.4316, 58.58296], [22.43414, 58.57809], [22.43402, 58.57295], [22.43225, 58.56933], [22.42468, 58.5627], [22.41399, 58.55842], [22.40102, 58.5566], [22.38772, 58.55749], [22.37613, 58.56098], [22.36792, 58.56661], [22.36508, 58.57041], [22.3644, 58.5774]]]}}, {"type": "Feature", "properties": {"name": "exclusions-1221", "layer": "exclusions", "kind": "harbour"}, "geometry": {"type": "Polygon", "coordinates": [[[22.37349, 58.58651], [22.38296, 58.59092], [22.39482, 58.59325], [22.40746, 58.5932], [22.41918, 58.59078], [22.43177, 58.5835], [22.43457, 58.57931], [22.43518, 58.57282], [22.43137, 58.56609], [22.42293, 58.56062], [22.41114, 58.55723], [22.3978, 58.55645], [22.38493, 58.55838], [22.37516, 58.56227], [22.36823, 58.56824], [22.36599, 58.57499], [22.36868, 58.58164], [22.37349, 58.58651]]]}}, {"type": "Feature", "properties": {"name": "Varese sadam", "layer": "exclusions", "kind": "harbour"}, "geometry": {"type": "Polygon", "coordinates": [[[22.39857, 58.57417], [22.39975, 58.57586], [22.40103, 58.57537], [22.40156, 58.57316], [22.39857, 58.57417]]]}}, {"type": "Feature", "properties": {"name": "Varnja sadam", "layer": "exclusions", "kind": "harbour"}, "geometry": {"type": "Polygon", "coordinates": [[[27.2469, 58.48935], [27.2471, 58.48904], [27.24235, 58.48816], [27.2469, 58.48935]]]}}, {"type": "Feature", "properties": {"name": "Vasknarva sadam", "layer": "exclusions", "kind": "harbour"}, "geometry": {"type": "Polygon", "coordinates": [[[27.73699, 59.00788], [27.73472, 59.0074], [27.73454, 59.00792], [27.73699, 59.00788]]]}}, {"type": "Feature", "properties": {"name": "Vasknarva uussadam", "layer": "exclusions", "kind": "harbour"}, "geometry": {"type": "Polygon", "coordinates": [[[27.73684, 59.00819], [27.73454, 59.00792], [27.73421, 59.0089], [27.7365, 59.00894], [27.73684, 59.00819]]]}}, {"type": "Feature", "properties": {"name": "exclusions-1226", "layer": "exclusions", "kind": "harbour"}, "geometry": {"type": "Polygon", "coordinates": [[[27.7065, 58.99356], [27.70679, 59.00055], [27.71228, 59.00697], [27.72212, 59.01184], [27.73586, 59.01461], [27.7471, 59.01478], [27.76101, 59.01221], [27.77152, 59.00691], [27.77675, 58.99983], [27.77622, 58.99311], [27.77292, 58.98849], [27.7645, 58.98296], [27.75263, 58.97948], [27.73911, 58.97859], [27.72601, 58.98041], [27.7153, 58.98467], [27.71144, 58.98708], [27.7065, 58.99356]]]}}, {"type": "Feature", "properties": {"name": "Vana-Sauga Sadam", "layer": "exclusions", "kind": "harbour"}, "geometry": {"type": "Polygon", "coordinates": [[[24.47611, 58.39075], [24.47677, 58.39058], [24.47626, 58.38954], [24.4749, 58.39003], [24.47413, 58.39058], [24.47611, 58.39075]]]}}, {"type": "Feature", "properties": {"name": "Varbla sadam", "layer": "exclusions", "kind": "harbour"}, "geometry": {"type": "Polygon", "coordinates": [[[23.68455, 58.43491], [23.68645, 58.43369], [23.6849, 58.43338], [23.68272, 58.435], [23.68455, 58.43491]]]}}, {"type": "Feature", "properties": {"name": "Turja sadam", "layer": "exclusions", "kind": "harbour"}, "geometry": {"type": "Polygon", "coordinates": [[[22.93253, 58.33241], [22.93148, 58.33223], [22.93117, 58.33267], [22.932, 58.3331], [22.93253, 58.33241]]]}}, {"type": "Feature", "properties": {"name": "Tuletorni kai", "layer": "exclusions", "kind": "harbour"}, "geometry": {"type": "Polygon", "coordinates": [[[22.77202, 58.78946], [22.77075, 58.7892], [22.77003, 58.78984], [22.77117, 58.79018], [22.77202, 58.78946]]]}}, {"type": "Feature", "properties": {"name": "Orissaare sadam", "layer": "exclusions", "kind": "harbour"}, "geometry": {"type": "Polygon", "coordinates": [[[23.0936, 58.56321], [23.09401, 58.56205], [23.08912, 58.56195], [23.091, 58.56348], [23.0936, 58.56321]]]}}, {"type": "Feature", "properties": {"name": "exclusions-1232", "layer": "exclusions", "kind": "harbour"}, "geometry": {"type": "Polygon", "coordinates": [[[27.50519, 58.13601], [27.50948, 58.13814], [27.52116, 58.14153], [27.53438, 58.14232], [27.54713, 58.14039], [27.55769, 58.13591], [27.56342, 58.13058], [27.56538, 58.12454], [27.56326, 58.1184], [27.55507, 58.11168], [27.54513, 58.108], [27.53194, 58.1062], [27.51881, 58.10718], [27.50744, 58.11074], [27.49955, 58.11632], [27.49635, 58.12309], [27.49833, 58.13], [27.50519, 58.13601]]]}}, {"type": "Feature", "properties": {"name": "exclusions-1233", "layer": "exclusions", "kind": "harbour"}, "geometry": {"type": "Polygon", "coordinates": [[[27.49893, 58.11864], [27.49611, 58.12578], [27.49871, 58.13264], [27.5061, 58.13847], [27.51716, 58.1424], [27.5302, 58.14381], [27.54324, 58.1425], [27.55428, 58.13866], [27.56043, 58.13445], [27.56313, 58.13153], [27.56536, 58.12338], [27.56239, 58.11744], [27.55585, 58.1124], [27.54645, 58.10877], [27.53362, 58.10691], [27.52045, 58.10776], [27.50894, 58.11119], [27.49893, 58.11864]], [[27.56165, 58.13288], [27.5616, 58.13296], [27.56157, 58.13295], [27.56165, 58.13288]]]}}, {"type": "Feature", "properties": {"name": "Saaremaa sadam", "layer": "exclusions", "kind": "harbour"}, "geometry": {"type": "Polygon", "coordinates": [[[22.2343, 58.53494], [22.23167, 58.53708], [22.23744, 58.53711], [22.23938, 58.5356], [22.2343, 58.53494]]]}}, {"type": "Feature", "properties": {"name": "exclusions-1235", "layer": "exclusions", "kind": "harbour"}, "geometry": {"type": "Polygon", "coordinates": [[[24.81168, 59.56713], [24.82275, 59.57171], [24.83644, 59.57374], [24.85064, 59.57289], [24.85801, 59.57109], [24.86702, 59.5672], [24.8733, 59.56176], [24.87544, 59.55599], [24.87376, 59.55017], [24.86926, 59.54535], [24.85967, 59.54027], [24.84701, 59.53741], [24.8332, 59.53721], [24.82034, 59.5397], [24.81038, 59.5445], [24.80398, 59.55302], [24.80492, 59.56004], [24.81168, 59.56713]]]}}, {"type": "Feature", "properties": {"name": "exclusions-1236", "layer": "exclusions", "kind": "harbour"}, "geometry": {"type": "Polygon", "coordinates": [[[24.87234, 59.56208], [24.87541, 59.55528], [24.87308, 59.54837], [24.86572, 59.54242], [24.85445, 59.53832], [24.84098, 59.5367], [24.82736, 59.53781], [24.81525, 59.54167], [24.80725, 59.54734], [24.80418, 59.55414], [24.80649, 59.56105], [24.81384, 59.56701], [24.82512, 59.57111], [24.8386, 59.57273], [24.85223, 59.57162], [24.86435, 59.56775], [24.87234, 59.56208]]]}}, {"type": "Feature", "properties": {"name": "Kalevi jahtklubi sadam", "layer": "exclusions", "kind": "harbour"}, "geometry": {"type": "Polygon", "coordinates": [[[24.82981, 59.46505], [24.82836, 59.46566], [24.82923, 59.46621], [24.82669, 59.46664], [24.82866, 59.46736], [24.83169, 59.46605], [24.82981, 59.46505]]]}}, {"type": "Feature", "properties": {"name": "Keemu sadam", "layer": "exclusions", "kind": "harbour"}, "geometry": {"type": "Polygon", "coordinates": [[[23.67473, 58.74595], [23.67371, 58.74545], [23.6729, 58.74591], [23.67473, 58.74595]]]}}, {"type": "Feature", "properties": {"name": "Saastna sadam", "layer": "exclusions", "kind": "harbour"}, "geometry": {"type": "Polygon", "coordinates": [[[23.56586, 58.7305], [23.56535, 58.73065], [23.56644, 58.73163], [23.56586, 58.7305]]]}}, {"type": "Feature", "properties": {"name": "Pusku sadam", "layer": "exclusions", "kind": "harbour"}, "geometry": {"type": "Polygon", "coordinates": [[[23.45582, 58.89782], [23.45468, 58.89799], [23.45449, 58.89915], [23.45712, 58.8993], [23.45582, 58.89782]]]}}, {"type": "Feature", "properties": {"name": "Viljandi sadam", "layer": "exclusions", "kind": "harbour"}, "geometry": {"type": "Polygon", "coordinates": [[[25.6029, 58.35862], [25.60203, 58.35907], [25.60306, 58.35936], [25.60449, 58.35894], [25.6029, 58.35862]]]}}, {"type": "Feature", "properties": {"name": "Laomäe paadisadam", "layer": "exclusions", "kind": "harbour"}, "geometry": {"type": "Polygon", "coordinates": [[[23.52912, 58.82512], [23.52863, 58.82506], [23.52856, 58.82571], [23.52912, 58.82512]]]}}, {"type": "Feature", "properties": {"name": "exclusions-1243", "layer": "exclusions", "kind": "harbour"}, "geometry": {"type": "Polygon", "coordinates": [[[23.4962, 58.8185], [23.49404, 58.82568], [23.49732, 58.83251], [23.50538, 58.83816], [23.51699, 58.8418], [23.53037, 58.84288], [23.5435, 58.84123], [23.55171, 58.83837], [23.56003, 58.83288], [23.56363, 58.82615], [23.56197, 58.8192], [23.5553, 58.81309], [23.54464, 58.80874], [23.53161, 58.80682], [23.5182, 58.80762], [23.50617, 58.81114], [23.4962, 58.8185]], [[23.56002, 58.83273], [23.55958, 58.83262], [23.56031, 58.83199], [23.56002, 58.83273]]]}}, {"type": "Feature", "properties": {"name": "exclusions-1244", "layer": "exclusions", "kind": "harbour"}, "geometry": {"type": "Polygon", "coordinates": [[[23.51264, 58.606], [23.52463, 58.60727], [23.53669, 58.60628], [23.54737, 58.60313], [23.55578, 58.59771], [23.55953, 58.591], [23.55806, 58.58404], [23.5516, 58.57788], [23.54744, 58.57576], [23.53586, 58.57216], [23.52256, 58.57114], [23.50956, 58.57284], [23.49884, 58.57701], [23.49202, 58.58301], [23.49015, 58.58994], [23.49352, 58.59672], [23.50222, 58.60263], [23.51264, 58.606]]]}}, {"type": "Feature", "properties": {"name": "exclusions-1245", "layer": "exclusions", "kind": "harbour"}, "geometry": {"type": "Polygon", "coordinates": [[[23.50403, 58.57531], [23.49657, 58.57956], [23.49117, 58.58753], [23.49345, 58.59597], [23.50049, 58.60174], [23.51114, 58.60574], [23.52385, 58.6074], [23.5368, 58.60647], [23.54346, 58.60485], [23.54911, 58.60283], [23.55377, 58.6], [23.5572, 58.59728], [23.55939, 58.59367], [23.56057, 58.59052], [23.55991, 58.58668], [23.55869, 58.58358], [23.55525, 58.5801], [23.54613, 58.57492], [23.53393, 58.57195], [23.52051, 58.57162], [23.50403, 58.57531]]]}}, {"type": "Feature", "properties": {"name": "exclusions-1246", "layer": "exclusions", "kind": "harbour"}, "geometry": {"type": "Polygon", "coordinates": [[[23.48865, 58.58483], [23.48916, 58.59207], [23.49518, 58.59868], [23.50562, 58.6035], [23.51885, 58.60579], [23.5327, 58.60518], [23.54492, 58.60177], [23.55519, 58.59444], [23.55782, 58.58759], [23.55521, 58.58072], [23.54776, 58.57487], [23.5366, 58.57093], [23.52343, 58.56951], [23.50986, 58.57089], [23.49705, 58.57563], [23.49269, 58.5789], [23.48865, 58.58483]], [[23.5552, 58.58208], [23.5551, 58.5821], [23.55507, 58.58208], [23.5552, 58.58208]]]}}, {"type": "Feature", "properties": {"name": "Vanaluubi paadisadam", "layer": "exclusions", "kind": "harbour"}, "geometry": {"type": "Polygon", "coordinates": [[[23.55247, 58.57057], [23.55226, 58.57026], [23.55175, 58.57042], [23.55247, 58.57057]]]}}, {"type": "Feature", "properties": {"name": "Äksi sadam", "layer": "exclusions", "kind": "harbour"}, "geometry": {"type": "Polygon", "coordinates": [[[26.66936, 58.52556], [26.67128, 58.52516], [26.67011, 58.52422], [26.66936, 58.52556]]]}}, {"type": "Feature", "properties": {"name": "Saadjärve Jahtklubi", "layer": "exclusions", "kind": "harbour"}, "geometry": {"type": "Polygon", "coordinates": [[[26.60756, 58.5527], [26.60634, 58.55217], [26.60589, 58.55246], [26.60756, 58.5527]]]}}, {"type": "Feature", "properties": {"name": "exclusions-1250", "layer": "exclusions", "kind": "harbour"}, "geometry": {"type": "Polygon", "coordinates": [[[25.04712, 59.60708], [25.03921, 59.6013], [25.02756, 59.59748], [25.01393, 59.59618], [25.00042, 59.59761], [24.98882, 59.60167], [24.98026, 59.60915], [24.9794, 59.61728], [24.98123, 59.62068], [24.98829, 59.62673], [24.99937, 59.63098], [25.0128, 59.63277], [25.02651, 59.63184], [25.03842, 59.62833], [25.04671, 59.62277], [25.05013, 59.61601], [25.04712, 59.60708]]]}}, {"type": "Feature", "properties": {"name": "exclusions-1251", "layer": "exclusions", "kind": "harbour"}, "geometry": {"type": "Polygon", "coordinates": [[[25.03748, 59.60019], [25.02524, 59.59686], [25.01146, 59.59614], [24.99824, 59.59814], [24.98758, 59.60254], [24.9811, 59.6087], [24.9798, 59.61565], [24.98458, 59.62301], [24.99341, 59.62844], [25.00565, 59.63177], [25.01945, 59.63249], [25.03268, 59.6305], [25.04335, 59.62608], [25.04981, 59.61993], [25.0511, 59.61297], [25.04631, 59.60561], [25.03748, 59.60019]]]}}, {"type": "Feature", "properties": {"name": "Sandla paadisadam", "layer": "exclusions", "kind": "harbour"}, "geometry": {"type": "Polygon", "coordinates": [[[22.83117, 58.29113], [22.83122, 58.29106], [22.83023, 58.29039], [22.82965, 58.2911], [22.83117, 58.29113]]]}}, {"type": "Feature", "properties": {"name": "exclusions-1253", "layer": "exclusions", "kind": "harbour"}, "geometry": {"type": "Polygon", "coordinates": [[[22.57257, 58.63244], [22.57918, 58.63437], [22.58606, 58.63549], [22.59703, 58.6357], [22.60265, 58.63521], [22.61424, 58.63238], [22.62302, 58.62754], [22.62775, 58.62135], [22.62779, 58.61467], [22.62314, 58.60842], [22.61443, 58.60348], [22.60289, 58.60053], [22.58537, 58.60002], [22.57293, 58.60261], [22.56337, 58.60749], [22.55815, 58.61392], [22.55806, 58.62092], [22.56312, 58.62742], [22.57257, 58.63244]]]}}, {"type": "Feature", "properties": {"name": "exclusions-1254", "layer": "exclusions", "kind": "harbour"}, "geometry": {"type": "Polygon", "coordinates": [[[22.56338, 58.62619], [22.56682, 58.62865], [22.57112, 58.63116], [22.58169, 58.63442], [22.59383, 58.63555], [22.60771, 58.63402], [22.61919, 58.62971], [22.62631, 58.62333], [22.62786, 58.61599], [22.62666, 58.61274], [22.62052, 58.60629], [22.6105, 58.60158], [22.59783, 58.59922], [22.58441, 58.59955], [22.5739, 58.6019], [22.5643, 58.60676], [22.55903, 58.61318], [22.5596, 58.6211], [22.56338, 58.62619]], [[22.58567, 58.63452], [22.5761, 58.63263], [22.57634, 58.63241], [22.58567, 58.63452]]]}}, {"type": "Feature", "properties": {"name": "exclusions-1255", "layer": "exclusions", "kind": "harbour"}, "geometry": {"type": "Polygon", "coordinates": [[[23.18941, 58.66292], [23.17669, 58.66058], [23.16325, 58.66095], [23.15115, 58.66396], [23.14221, 58.66916], [23.13577, 58.67457], [23.13401, 58.68297], [23.13991, 58.69092], [23.15026, 58.69604], [23.16368, 58.69857], [23.18003, 58.69774], [23.18978, 58.69539], [23.20283, 58.68845], [23.20745, 58.6819], [23.20688, 58.6749], [23.19968, 58.6678], [23.18941, 58.66292]], [[23.13854, 58.68204], [23.13862, 58.68275], [23.13833, 58.68205], [23.13854, 58.68204]]]}}, {"type": "Feature", "properties": {"name": "Westmeri Sadam", "layer": "exclusions", "kind": "harbour"}, "geometry": {"type": "Polygon", "coordinates": [[[23.52477, 58.96113], [23.52629, 58.95988], [23.52484, 58.95941], [23.52407, 58.96001], [23.52293, 58.9593], [23.52189, 58.95984], [23.52477, 58.96113]]]}}, {"type": "Feature", "properties": {"name": "Westmeri Jahisadam", "layer": "exclusions", "kind": "harbour"}, "geometry": {"type": "Polygon", "coordinates": [[[23.52571, 58.95834], [23.52453, 58.95902], [23.52629, 58.95988], [23.5273, 58.95905], [23.52571, 58.95834]]]}}, {"type": "Feature", "properties": {"name": "Haapsalu Suur-Holmi Sadam", "layer": "exclusions", "kind": "harbour"}, "geometry": {"type": "Polygon", "coordinates": [[[23.52878, 58.95873], [23.52638, 58.95775], [23.52571, 58.95834], [23.5273, 58.95905], [23.52878, 58.95873]]]}}, {"type": "Feature", "properties": {"name": "Haapsalu Veskiviigi Sadam", "layer": "exclusions", "kind": "harbour"}, "geometry": {"type": "Polygon", "coordinates": [[[23.52761, 58.95684], [23.52617, 58.95749], [23.52629, 58.95784], [23.52878, 58.95873], [23.52971, 58.95712], [23.52761, 58.95684]]]}}, {"type": "Feature", "properties": {"name": "Haapsalu vanasadam", "layer": "exclusions", "kind": "harbour"}, "geometry": {"type": "Polygon", "coordinates": [[[23.52856, 58.95598], [23.52763, 58.95636], [23.52828, 58.95687], [23.5294, 58.95633], [23.52856, 58.95598]]]}}, {"type": "Feature", "properties": {"name": "Suur-Lootsi Sadam", "layer": "exclusions", "kind": "harbour"}, "geometry": {"type": "Polygon", "coordinates": [[[28.04501, 59.46559], [28.04478, 59.46547], [28.04344, 59.46619], [28.04376, 59.46684], [28.04501, 59.46559]]]}}, {"type": "Feature", "properties": {"name": "Narva-Jõesuu Sadam", "layer": "exclusions", "kind": "harbour"}, "geometry": {"type": "Polygon", "coordinates": [[[28.04664, 59.46425], [28.0456, 59.46351], [28.04393, 59.46383], [28.04493, 59.46537], [28.04664, 59.46425]]]}}, {"type": "Feature", "properties": {"name": "Narva-Jõesuu Kalurisadam", "layer": "exclusions", "kind": "harbour"}, "geometry": {"type": "Polygon", "coordinates": [[[28.06405, 59.45816], [28.06429, 59.45976], [28.06813, 59.4591], [28.06645, 59.45754], [28.06405, 59.45816]]]}}, {"type": "Feature", "properties": {"name": "Prangli Lõunasadam", "layer": "exclusions", "kind": "harbour"}, "geometry": {"type": "Polygon", "coordinates": [[[25.01527, 59.61472], [25.01434, 59.6151], [25.01485, 59.61529], [25.01527, 59.61472]]]}}, {"type": "Feature", "properties": {"name": "Turusadam", "layer": "exclusions", "kind": "harbour"}, "geometry": {"type": "Polygon", "coordinates": [[[26.7368, 58.37961], [26.73679, 58.37812], [26.73429, 58.37993], [26.7368, 58.37961]]]}}, {"type": "Feature", "properties": {"name": "exclusions-1266", "layer": "exclusions", "kind": "harbour"}, "geometry": {"type": "Polygon", "coordinates": [[[22.07867, 58.89802], [22.06776, 58.90104], [22.05933, 58.90604], [22.05586, 58.91021], [22.0546, 58.91656], [22.05727, 58.92234], [22.06478, 58.9282], [22.07604, 58.93215], [22.08933, 58.93358], [22.10263, 58.93227], [22.11391, 58.92844], [22.12303, 58.92075], [22.12462, 58.91381], [22.12094, 58.90706], [22.11255, 58.90153], [22.10073, 58.89806], [22.08941, 58.89732], [22.07867, 58.89802]]]}}, {"type": "Feature", "properties": {"name": "exclusions-1267", "layer": "exclusions", "kind": "harbour"}, "geometry": {"type": "Polygon", "coordinates": [[[22.06678, 58.90193], [22.06328, 58.90385], [22.05664, 58.90993], [22.05502, 58.91687], [22.05867, 58.92363], [22.06704, 58.92917], [22.07886, 58.93265], [22.09232, 58.93353], [22.10384, 58.93218], [22.11376, 58.92891], [22.12061, 58.92452], [22.12525, 58.91586], [22.12265, 58.90868], [22.11584, 58.90314], [22.10489, 58.89898], [22.09172, 58.89729], [22.07834, 58.89833], [22.06678, 58.90193]], [[22.06478, 58.92728], [22.06195, 58.92546], [22.06244, 58.92529], [22.06478, 58.92728]]]}}, {"type": "Feature", "properties": {"name": "Lautri sadam", "layer": "exclusions", "kind": "harbour"}, "geometry": {"type": "Polygon", "coordinates": [[[22.09006, 58.91506], [22.08924, 58.9152], [22.08933, 58.91565], [22.09006, 58.91506]]]}}, {"type": "Feature", "properties": {"name": "exclusions-1269", "layer": "exclusions", "kind": "harbour"}, "geometry": {"type": "Polygon", "coordinates": [[[24.77929, 59.57721], [24.79229, 59.58151], [24.80762, 59.58261], [24.82124, 59.5807], [24.83202, 59.57637], [24.83866, 59.57027], [24.84015, 59.56332], [24.83628, 59.55659], [24.83063, 59.55254], [24.81957, 59.5483], [24.80619, 59.5465], [24.79251, 59.54743], [24.78062, 59.55094], [24.77233, 59.55649], [24.7689, 59.56325], [24.7711, 59.57053], [24.77929, 59.57721]]]}}, {"type": "Feature", "properties": {"name": "exclusions-1270", "layer": "exclusions", "kind": "harbour"}, "geometry": {"type": "MultiPolygon", "coordinates": [[[[24.77461, 59.5737], [24.78383, 59.57896], [24.79629, 59.58205], [24.8101, 59.5825], [24.82315, 59.58025], [24.83345, 59.57563], [24.83961, 59.56901], [24.84028, 59.56184], [24.83554, 59.55525], [24.82619, 59.55005], [24.81366, 59.54704], [24.79986, 59.54668], [24.78688, 59.54901], [24.77669, 59.55369], [24.77086, 59.56], [24.77011, 59.56642], [24.77461, 59.5737]]]]}}, {"type": "Feature", "properties": {"name": "exclusions-1271", "layer": "exclusions", "kind": "harbour"}, "geometry": {"type": "Polygon", "coordinates": [[[24.78789, 59.58336], [24.80164, 59.58418], [24.81491, 59.58227], [24.82568, 59.57794], [24.83231, 59.57183], [24.83379, 59.56488], [24.82989, 59.55815], [24.82122, 59.55266], [24.80754, 59.54889], [24.79378, 59.5482], [24.78059, 59.55022], [24.76998, 59.55464], [24.76356, 59.56081], [24.7623, 59.56777], [24.76642, 59.57447], [24.77552, 59.57999], [24.78789, 59.58336]]]}}, {"type": "Feature", "properties": {"name": "exclusions-1272", "layer": "exclusions", "kind": "harbour"}, "geometry": {"type": "Polygon", "coordinates": [[[24.77424, 59.57909], [24.78599, 59.58283], [24.79963, 59.58404], [24.8131, 59.58251], [24.82434, 59.57848], [24.83163, 59.57258], [24.83387, 59.56568], [24.83071, 59.55886], [24.8206, 59.55215], [24.80766, 59.5486], [24.7939, 59.54794], [24.78072, 59.54999], [24.77015, 59.55444], [24.76378, 59.56062], [24.76259, 59.56758], [24.76612, 59.57324], [24.77424, 59.57909]]]}}, {"type": "Feature", "properties": {"name": "exclusions-1273", "layer": "exclusions", "kind": "harbour"}, "geometry": {"type": "Polygon", "coordinates": [[[26.95596, 59.43721], [26.95858, 59.4429], [26.96117, 59.44552], [26.97028, 59.45081], [26.98266, 59.45395], [26.99643, 59.45447], [27.00948, 59.45227], [27.01983, 59.44771], [27.0259, 59.44147], [27.02676, 59.4345], [27.02586, 59.43153], [27.02002, 59.42517], [27.00985, 59.4204], [26.9969, 59.41794], [26.98314, 59.41818], [26.97065, 59.42106], [26.96133, 59.42617], [26.95691, 59.43229], [26.95596, 59.43721]]]}}, {"type": "Feature", "properties": {"name": "Hirvelän kotisatama", "layer": "exclusions", "kind": "harbour"}, "geometry": {"type": "Polygon", "coordinates": [[[26.59813, 60.95105], [26.59756, 60.95125], [26.59989, 60.9528], [26.59813, 60.95105]]]}}, {"type": "Feature", "properties": {"name": "exclusions-1275", "layer": "exclusions", "kind": "harbour"}, "geometry": {"type": "Polygon", "coordinates": [[[22.26093, 58.18405], [22.27364, 58.18207], [22.28391, 58.17767], [22.29018, 58.17152], [22.29149, 58.16456], [22.28765, 58.15785], [22.27925, 58.1524], [22.2669, 58.14895], [22.2537, 58.14821], [22.241, 58.15018], [22.23073, 58.15458], [22.22446, 58.16072], [22.22313, 58.16768], [22.22696, 58.1744], [22.23536, 58.17985], [22.24772, 58.18331], [22.26093, 58.18405]]]}}, {"type": "Feature", "properties": {"name": "exclusions-1276", "layer": "exclusions", "kind": "harbour"}, "geometry": {"type": "Polygon", "coordinates": [[[27.68072, 63.06615], [27.68011, 63.06592], [27.67993, 63.06602], [27.68072, 63.06615]]]}}, {"type": "Feature", "properties": {"name": "exclusions-1277", "layer": "exclusions", "kind": "harbour"}, "geometry": {"type": "Polygon", "coordinates": [[[27.6814, 63.06589], [27.68067, 63.06565], [27.68047, 63.06578], [27.6814, 63.06589]]]}}, {"type": "Feature", "properties": {"name": "exclusions-1278", "layer": "exclusions", "kind": "harbour"}, "geometry": {"type": "Polygon", "coordinates": [[[27.67887, 63.06665], [27.67866, 63.06672], [27.67888, 63.06685], [27.67887, 63.06665]]]}}, {"type": "Feature", "properties": {"name": "exclusions-1279", "layer": "exclusions", "kind": "harbour"}, "geometry": {"type": "Polygon", "coordinates": [[[27.6801, 63.06639], [27.67948, 63.06614], [27.6793, 63.06624], [27.6801, 63.06639]]]}}, {"type": "Feature", "properties": {"name": "Laossina paadisadam", "layer": "exclusions", "kind": "harbour"}, "geometry": {"type": "Polygon", "coordinates": [[[27.58641, 58.03077], [27.5855, 58.0307], [27.58529, 58.03105], [27.58641, 58.03077]]]}}, {"type": "Feature", "properties": {"name": "exclusions-1281", "layer": "exclusions", "kind": "harbour"}, "geometry": {"type": "Polygon", "coordinates": [[[27.73396, 63.07839], [27.73418, 63.07815], [27.73268, 63.07777], [27.73396, 63.07839]]]}}, {"type": "Feature", "properties": {"name": "exclusions-1282", "layer": "exclusions", "kind": "harbour"}, "geometry": {"type": "Polygon", "coordinates": [[[22.95369, 58.61671], [22.96304, 58.6205], [22.97334, 58.62237], [22.98422, 58.62247], [22.99735, 58.62013], [23.00731, 58.61547], [23.01305, 58.60916], [23.01371, 58.60218], [23.00918, 58.59557], [23.00264, 58.59091], [22.99154, 58.58693], [22.9784, 58.58544], [22.9652, 58.58669], [22.95396, 58.59048], [22.94638, 58.59622], [22.94362, 58.60306], [22.94677, 58.6108], [22.95369, 58.61671]], [[22.97459, 58.58692], [22.97742, 58.58677], [22.97744, 58.587], [22.97459, 58.58692]]]}}, {"type": "Feature", "properties": {"name": "exclusions-1283", "layer": "exclusions", "kind": "harbour"}, "geometry": {"type": "MultiPolygon", "coordinates": [[[[22.94701, 58.61081], [22.94759, 58.61129], [22.94691, 58.61058], [22.94701, 58.61081]]], [[[22.95425, 58.61674], [22.96528, 58.62078], [22.97841, 58.62233], [22.99164, 58.62115], [23.00297, 58.61742], [23.01065, 58.61171], [23.01352, 58.60489], [23.01115, 58.59799], [23.00751, 58.59429], [22.99806, 58.58928], [22.98568, 58.58652], [22.97225, 58.58643], [22.95981, 58.58902], [22.95026, 58.5939], [22.94504, 58.60033], [22.94496, 58.60733], [22.94703, 58.61056], [22.95425, 58.61674]]]]}}, {"type": "Feature", "properties": {"name": "Reigi paadisadam", "layer": "exclusions", "kind": "harbour"}, "geometry": {"type": "Polygon", "coordinates": [[[22.75854, 58.79133], [22.75683, 58.7909], [22.75679, 58.79158], [22.75854, 58.79133]]]}}, {"type": "Feature", "properties": {"name": "exclusions-1285", "layer": "exclusions", "kind": "harbour"}, "geometry": {"type": "Polygon", "coordinates": [[[22.76009, 58.77308], [22.74666, 58.77377], [22.7348, 58.77707], [22.72631, 58.78248], [22.72249, 58.78918], [22.72391, 58.79614], [22.73036, 58.80232], [22.74236, 58.80717], [22.75532, 58.8092], [22.76876, 58.80852], [22.78063, 58.80521], [22.78911, 58.7998], [22.79293, 58.7931], [22.7915, 58.78614], [22.78504, 58.77997], [22.77304, 58.77512], [22.76009, 58.77308]]]}}, {"type": "Feature", "properties": {"name": "exclusions-1286", "layer": "exclusions", "kind": "harbour"}, "geometry": {"type": "Polygon", "coordinates": [[[22.78217, 58.77909], [22.77118, 58.77498], [22.75803, 58.77334], [22.74471, 58.77444], [22.73325, 58.77809], [22.72539, 58.78375], [22.72233, 58.79056], [22.72462, 58.79759], [22.73177, 58.80356], [22.74276, 58.80768], [22.75592, 58.80931], [22.76925, 58.80822], [22.78072, 58.80456], [22.78857, 58.79889], [22.79162, 58.79209], [22.78931, 58.78506], [22.78217, 58.77909]]]}}, {"type": "Feature", "properties": {"name": "Lempäälän-Vesilahden Pursiseura", "layer": "exclusions", "kind": "harbour"}, "geometry": {"type": "Polygon", "coordinates": [[[23.76652, 61.30966], [23.76532, 61.30981], [23.76563, 61.31033], [23.76652, 61.30966]]]}}, {"type": "Feature", "properties": {"name": "Suivan venesatama", "layer": "exclusions", "kind": "harbour"}, "geometry": {"type": "Polygon", "coordinates": [[[25.55467, 61.16165], [25.55383, 61.16174], [25.55413, 61.16269], [25.55467, 61.16165]]]}}, {"type": "Feature", "properties": {"name": "Hollonnokan vesillelaskupaikka", "layer": "exclusions", "kind": "harbour"}, "geometry": {"type": "Polygon", "coordinates": [[[23.73953, 61.32632], [23.73945, 61.32647], [23.74037, 61.32679], [23.73953, 61.32632]]]}}, {"type": "Feature", "properties": {"name": "Muuga 1", "layer": "exclusions", "kind": "anchorage"}, "geometry": {"type": "Polygon", "coordinates": [[[24.85165, 59.57333], [24.81002, 59.57333], [24.78835, 59.6], [24.81665, 59.6], [24.85165, 59.57333]]]}}, {"type": "Feature", "properties": {"name": "B", "layer": "exclusions", "kind": "anchorage"}, "geometry": {"type": "Polygon", "coordinates": [[[24.75762, 59.45423], [24.75668, 59.45333], [24.73667, 59.46163], [24.75253, 59.46532], [24.75762, 59.45423]]]}}, {"type": "Feature", "properties": {"name": "C", "layer": "exclusions", "kind": "anchorage"}, "geometry": {"type": "Polygon", "coordinates": [[[24.73668, 59.49167], [24.75002, 59.48], [24.73333, 59.47665], [24.72167, 59.48998], [24.73668, 59.49167]]]}}, {"type": "Feature", "properties": {"name": "G", "layer": "exclusions", "kind": "anchorage"}, "geometry": {"type": "Polygon", "coordinates": [[[24.52368, 59.48168], [24.50033, 59.49147], [24.54415, 59.49148], [24.54418, 59.48168], [24.52368, 59.48168]]]}}, {"type": "Feature", "properties": {"name": "H", "layer": "exclusions", "kind": "anchorage"}, "geometry": {"type": "Polygon", "coordinates": [[[24.52502, 59.5272], [24.52497, 59.50818], [24.49997, 59.50817], [24.50003, 59.53665], [24.52502, 59.5272]]]}}, {"type": "Feature", "properties": {"name": "exclusions-1295", "layer": "exclusions", "kind": "harbour"}, "geometry": {"type": "Polygon", "coordinates": [[[21.36961, 62.25817], [21.36821, 62.25833], [21.36819, 62.2589], [21.36941, 62.259], [21.36961, 62.25817]]]}}, {"type": "Feature", "properties": {"name": "Paimion veneilijöiden kotisatama", "layer": "exclusions", "kind": "harbour"}, "geometry": {"type": "Polygon", "coordinates": [[[22.66074, 60.43405], [22.66223, 60.43362], [22.66004, 60.43366], [22.66059, 60.43638], [22.66074, 60.43405]]]}}, {"type": "Feature", "properties": {"name": "Gräddö Marina", "layer": "exclusions", "kind": "harbour"}, "geometry": {"type": "Polygon", "coordinates": [[[19.03193, 59.7652], [19.02941, 59.76458], [19.02826, 59.76697], [19.03132, 59.76678], [19.03193, 59.7652]]]}}, {"type": "Feature", "properties": {"name": "Predium hamn", "layer": "exclusions", "kind": "harbour"}, "geometry": {"type": "Polygon", "coordinates": [[[23.29368, 59.90824], [23.29903, 59.91002], [23.30002, 59.90946], [23.29802, 59.90857], [23.30214, 59.90747], [23.30143, 59.90688], [23.29997, 59.90741], [23.29851, 59.90623], [23.29757, 59.90748], [23.29368, 59.90824]]]}}, {"type": "Feature", "properties": {"name": "exclusions-1299", "layer": "exclusions", "kind": "harbour"}, "geometry": {"type": "Polygon", "coordinates": [[[22.46797, 60.01472], [22.46467, 60.01492], [22.46632, 60.01735], [22.46757, 60.01735], [22.46797, 60.01472]]]}}, {"type": "Feature", "properties": {"name": "Söljeholmen Marina Oy", "layer": "exclusions", "kind": "harbour"}, "geometry": {"type": "Polygon", "coordinates": [[[22.45959, 59.98713], [22.45792, 59.98517], [22.45639, 59.98537], [22.45735, 59.98734], [22.45959, 59.98713]]]}}, {"type": "Feature", "properties": {"name": "Lillbacka Brygga", "layer": "exclusions", "kind": "harbour"}, "geometry": {"type": "Polygon", "coordinates": [[[22.36883, 59.95349], [22.36979, 59.9534], [22.3695, 59.95267], [22.36883, 59.95349]]]}}, {"type": "Feature", "properties": {"name": "Vierasvenelaituri 1", "layer": "exclusions", "kind": "harbour"}, "geometry": {"type": "Polygon", "coordinates": [[[29.76254, 62.59598], [29.76181, 62.59544], [29.76134, 62.59557], [29.76254, 62.59598]]]}}, {"type": "Feature", "properties": {"name": "Huoltolaituri", "layer": "exclusions", "kind": "harbour"}, "geometry": {"type": "Polygon", "coordinates": [[[29.76272, 62.59615], [29.76254, 62.59598], [29.76239, 62.59603], [29.76272, 62.59615]]]}}, {"type": "Feature", "properties": {"name": "Vierasvenelaituri 2", "layer": "exclusions", "kind": "harbour"}, "geometry": {"type": "Polygon", "coordinates": [[[29.7631, 62.59649], [29.76272, 62.59615], [29.76256, 62.59619], [29.7631, 62.59649]]]}}, {"type": "Feature", "properties": {"name": "Matkustajasataman laituri", "layer": "exclusions", "kind": "harbour"}, "geometry": {"type": "Polygon", "coordinates": [[[29.76481, 62.59799], [29.7631, 62.59649], [29.76295, 62.59653], [29.76481, 62.59799]]]}}, {"type": "Feature", "properties": {"name": "Vierasvenelaituri 3", "layer": "exclusions", "kind": "harbour"}, "geometry": {"type": "Polygon", "coordinates": [[[29.76552, 62.59861], [29.76554, 62.59861], [29.76481, 62.59799], [29.76552, 62.59861]]]}}, {"type": "Feature", "properties": {"name": "Kaupungintalon rannan laituripaikat", "layer": "exclusions", "kind": "harbour"}, "geometry": {"type": "Polygon", "coordinates": [[[29.76627, 62.59865], [29.76512, 62.59762], [29.76474, 62.59771], [29.76627, 62.59865]]]}}, {"type": "Feature", "properties": {"name": "Johteenpookin vierasvenesatama", "layer": "exclusions", "kind": "harbour"}, "geometry": {"type": "Polygon", "coordinates": [[[25.43814, 65.01636], [25.43853, 65.01629], [25.43815, 65.01594], [25.43814, 65.01636]]]}}, {"type": "Feature", "properties": {"name": "Kasnäsin kausipaikat", "layer": "exclusions", "kind": "harbour"}, "geometry": {"type": "Polygon", "coordinates": [[[22.40637, 59.92059], [22.40934, 59.92069], [22.4086, 59.9194], [22.40709, 59.91926], [22.40637, 59.92059]]]}}, {"type": "Feature", "properties": {"name": "Kauppalaituri", "layer": "exclusions", "kind": "harbour"}, "geometry": {"type": "Polygon", "coordinates": [[[22.41033, 59.92092], [22.4094, 59.92112], [22.41083, 59.92136], [22.41033, 59.92092]]]}}, {"type": "Feature", "properties": {"name": "Simoniemen eteläinen venesatama", "layer": "exclusions", "kind": "harbour"}, "geometry": {"type": "Polygon", "coordinates": [[[24.90072, 65.64982], [24.90218, 65.64855], [24.90075, 65.64829], [24.89742, 65.6495], [24.90072, 65.64982]]]}}, {"type": "Feature", "properties": {"name": "Simoniemen pohjoinen venesatama", "layer": "exclusions", "kind": "harbour"}, "geometry": {"type": "Polygon", "coordinates": [[[24.90018, 65.65237], [24.90019, 65.65137], [24.89888, 65.65146], [24.89869, 65.65237], [24.90018, 65.65237]]]}}, {"type": "Feature", "properties": {"name": "Reposaaren kalasatama", "layer": "exclusions", "kind": "harbour"}, "geometry": {"type": "Polygon", "coordinates": [[[21.45744, 61.60659], [21.45609, 61.60618], [21.45785, 61.60591], [21.45754, 61.60524], [21.46074, 61.60512], [21.46077, 61.60408], [21.45645, 61.60436], [21.45501, 61.60579], [21.4558, 61.60666], [21.45744, 61.60659]]]}}, {"type": "Feature", "properties": {"name": "Latokari", "layer": "exclusions", "kind": "harbour"}, "geometry": {"type": "Polygon", "coordinates": [[[22.21763, 60.43306], [22.22629, 60.43147], [22.22821, 60.42964], [22.22664, 60.42926], [22.22428, 60.4314], [22.21927, 60.43249], [22.21577, 60.43143], [22.21485, 60.43206], [22.21763, 60.43306]]]}}, {"type": "Feature", "properties": {"name": "Risöns småbåtshamn", "layer": "exclusions", "kind": "harbour"}, "geometry": {"type": "Polygon", "coordinates": [[[23.25801, 65.80455], [23.25722, 65.80348], [23.25287, 65.80437], [23.25389, 65.80526], [23.25801, 65.80455]]]}}, {"type": "Feature", "properties": {"name": "exclusions-1316", "layer": "exclusions", "kind": "harbour"}, "geometry": {"type": "Polygon", "coordinates": [[[21.3173, 62.12125], [21.31722, 62.12124], [21.31854, 62.12217], [21.3173, 62.12125]]]}}, {"type": "Feature", "properties": {"name": "exclusions-1317", "layer": "exclusions", "kind": "harbour"}, "geometry": {"type": "Polygon", "coordinates": [[[21.31818, 62.12127], [21.31825, 62.12122], [21.31792, 62.12107], [21.31818, 62.12127]]]}}, {"type": "Feature", "properties": {"name": "exclusions-1318", "layer": "exclusions", "kind": "harbour"}, "geometry": {"type": "Polygon", "coordinates": [[[26.91792, 60.44038], [26.918, 60.44011], [26.91502, 60.43994], [26.91572, 60.44071], [26.91792, 60.44038]]]}}, {"type": "Feature", "properties": {"name": "Kassariotsa sadam", "layer": "exclusions", "kind": "harbour"}, "geometry": {"type": "Polygon", "coordinates": [[[22.84973, 58.78169], [22.84978, 58.78126], [22.84854, 58.78133], [22.84973, 58.78169]]]}}, {"type": "Feature", "properties": {"name": "Bürgermeistri sadam", "layer": "exclusions", "kind": "harbour"}, "geometry": {"type": "Polygon", "coordinates": [[[23.52021, 58.96273], [23.52075, 58.96115], [23.51713, 58.96223], [23.52021, 58.96273]]]}}, {"type": "Feature", "properties": {"name": "Männiku sadam", "layer": "exclusions", "kind": "harbour"}, "geometry": {"type": "Polygon", "coordinates": [[[22.77669, 58.7859], [22.77613, 58.78611], [22.77678, 58.78655], [22.77669, 58.7859]]]}}, {"type": "Feature", "properties": {"name": "Jõesuu sadam", "layer": "exclusions", "kind": "harbour"}, "geometry": {"type": "Polygon", "coordinates": [[[26.13383, 58.38419], [26.13322, 58.38421], [26.13368, 58.38537], [26.13383, 58.38419]]]}}, {"type": "Feature", "properties": {"name": "Ulge sadam", "layer": "exclusions", "kind": "harbour"}, "geometry": {"type": "Polygon", "coordinates": [[[26.01346, 58.40581], [26.0121, 58.40566], [26.0119, 58.40614], [26.01346, 58.40581]]]}}, {"type": "Feature", "properties": {"name": "Vanasauna sadam", "layer": "exclusions", "kind": "harbour"}, "geometry": {"type": "Polygon", "coordinates": [[[25.96856, 58.36801], [25.96593, 58.3683], [25.9666, 58.37055], [25.96868, 58.37054], [25.96856, 58.36801]]]}}, {"type": "Feature", "properties": {"name": "Utö gästhamn", "layer": "exclusions", "kind": "harbour"}, "geometry": {"type": "Polygon", "coordinates": [[[21.37, 59.78167], [21.36873, 59.78235], [21.37145, 59.7825], [21.37134, 59.78153], [21.37, 59.78167]]]}}, {"type": "Feature", "properties": {"name": "Humalniemen venesatama", "layer": "exclusions", "kind": "harbour"}, "geometry": {"type": "Polygon", "coordinates": [[[25.06415, 60.18341], [25.06407, 60.18309], [25.0628, 60.18307], [25.06214, 60.18351], [25.06415, 60.18341]]]}}, {"type": "Feature", "properties": {"name": "exclusions-1327", "layer": "exclusions", "kind": "harbour"}, "geometry": {"type": "Polygon", "coordinates": [[[20.11625, 60.356], [20.11574, 60.35608], [20.11593, 60.35617], [20.11625, 60.356]]]}}, {"type": "Feature", "properties": {"name": "exclusions-1328", "layer": "exclusions", "kind": "harbour"}, "geometry": {"type": "Polygon", "coordinates": [[[19.93547, 60.08853], [19.93565, 60.08766], [19.93376, 60.08792], [19.93547, 60.08853]]]}}, {"type": "Feature", "properties": {"name": "exclusions-1329", "layer": "exclusions", "kind": "harbour"}, "geometry": {"type": "Polygon", "coordinates": [[[19.96177, 60.08575], [19.96167, 60.08581], [19.9625, 60.08607], [19.96177, 60.08575]]]}}, {"type": "Feature", "properties": {"name": "exclusions-1330", "layer": "exclusions", "kind": "harbour"}, "geometry": {"type": "Polygon", "coordinates": [[[19.95984, 60.08742], [19.95959, 60.08757], [19.95993, 60.0877], [19.95984, 60.08742]]]}}, {"type": "Feature", "properties": {"name": "exclusions-1331", "layer": "exclusions", "kind": "harbour"}, "geometry": {"type": "Polygon", "coordinates": [[[19.96239, 60.07933], [19.96233, 60.07953], [19.96281, 60.07954], [19.96239, 60.07933]]]}}, {"type": "Feature", "properties": {"name": "exclusions-1332", "layer": "exclusions", "kind": "harbour"}, "geometry": {"type": "Polygon", "coordinates": [[[19.96286, 60.07914], [19.96257, 60.07913], [19.96251, 60.07931], [19.96286, 60.07914]]]}}, {"type": "Feature", "properties": {"name": "exclusions-1333", "layer": "exclusions", "kind": "harbour"}, "geometry": {"type": "Polygon", "coordinates": [[[19.96176, 60.08092], [19.9619, 60.0812], [19.9626, 60.08107], [19.96176, 60.08092]]]}}, {"type": "Feature", "properties": {"name": "exclusions-1334", "layer": "exclusions", "kind": "harbour"}, "geometry": {"type": "Polygon", "coordinates": [[[19.9618, 60.0815], [19.96183, 60.08162], [19.96214, 60.0816], [19.9618, 60.0815]]]}}, {"type": "Feature", "properties": {"name": "exclusions-1335", "layer": "exclusions", "kind": "harbour"}, "geometry": {"type": "Polygon", "coordinates": [[[19.96287, 60.08173], [19.96208, 60.08182], [19.96204, 60.08216], [19.96287, 60.08173]]]}}, {"type": "Feature", "properties": {"name": "Lervikshamnen", "layer": "exclusions", "kind": "harbour"}, "geometry": {"type": "Polygon", "coordinates": [[[19.94548, 60.07234], [19.94478, 60.07409], [19.94643, 60.07414], [19.94655, 60.07213], [19.9438, 60.07216], [19.94458, 60.07335], [19.94548, 60.07234]]]}}, {"type": "Feature", "properties": {"name": "Eläintarhanlahden venesatama", "layer": "exclusions", "kind": "harbour"}, "geometry": {"type": "Polygon", "coordinates": [[[24.94218, 60.18025], [24.94229, 60.18008], [24.94113, 60.17992], [24.94021, 60.17999], [24.94218, 60.18025]]]}}, {"type": "Feature", "properties": {"name": "Gumbostrand", "layer": "exclusions", "kind": "harbour"}, "geometry": {"type": "Polygon", "coordinates": [[[25.29642, 60.25599], [25.29808, 60.2557], [25.29499, 60.25507], [25.29642, 60.25599]]]}}, {"type": "Feature", "properties": {"name": "Notvikens båt och hamnförening", "layer": "exclusions", "kind": "harbour"}, "geometry": {"type": "Polygon", "coordinates": [[[22.0916, 65.60947], [22.0925, 65.60847], [22.09228, 65.60843], [22.0916, 65.60947]]]}}, {"type": "Feature", "properties": {"name": "Muuga M", "layer": "exclusions", "kind": "anchorage"}, "geometry": {"type": "Polygon", "coordinates": [[[25.00833, 59.52333], [24.98833, 59.51], [24.975, 59.51], [24.99333, 59.52333], [25.00833, 59.52333]]]}}, {"type": "Feature", "properties": {"name": "Muuga L", "layer": "exclusions", "kind": "anchorage"}, "geometry": {"type": "Polygon", "coordinates": [[[25.09165, 59.52333], [25.00002, 59.52333], [25.04252, 59.55135], [25.0632, 59.55295], [25.09165, 59.52333]]]}}, {"type": "Feature", "properties": {"name": "Muuga J", "layer": "exclusions", "kind": "anchorage"}, "geometry": {"type": "Polygon", "coordinates": [[[24.95005, 59.54307], [25.00535, 59.543], [24.9747, 59.52333], [24.95005, 59.54307]]]}}, {"type": "Feature", "properties": {"name": "E", "layer": "exclusions", "kind": "anchorage"}, "geometry": {"type": "Polygon", "coordinates": [[[24.60722, 59.47502], [24.56588, 59.49398], [24.63027, 59.50133], [24.60722, 59.47502]]]}}, {"type": "Feature", "properties": {"name": "D", "layer": "exclusions", "kind": "anchorage"}, "geometry": {"type": "Polygon", "coordinates": [[[24.63167, 59.44918], [24.59667, 59.465], [24.61417, 59.465], [24.64667, 59.44917], [24.63167, 59.44918]]]}}, {"type": "Feature", "properties": {"name": "Pohjoisranta", "layer": "exclusions", "kind": "harbour"}, "geometry": {"type": "Polygon", "coordinates": [[[24.96461, 60.17535], [24.9641, 60.17411], [24.9623, 60.17431], [24.96223, 60.17553], [24.96461, 60.17535]]]}}, {"type": "Feature", "properties": {"name": "Tervasaari", "layer": "exclusions", "kind": "harbour"}, "geometry": {"type": "Polygon", "coordinates": [[[24.96806, 60.17533], [24.96685, 60.17387], [24.9641, 60.17411], [24.96466, 60.1755], [24.96806, 60.17533]]]}}, {"type": "Feature", "properties": {"name": "Luhangan satama", "layer": "exclusions", "kind": "harbour"}, "geometry": {"type": "Polygon", "coordinates": [[[25.70336, 61.79619], [25.70442, 61.79581], [25.70232, 61.79463], [25.70149, 61.79547], [25.70336, 61.79619]]]}}, {"type": "Feature", "properties": {"name": "exclusions-1348", "layer": "exclusions", "kind": "anchorage"}, "geometry": {"type": "Polygon", "coordinates": [[[28.55656, 61.19429], [28.55662, 61.19447], [28.55746, 61.1944], [28.55656, 61.19429]]]}}, {"type": "Feature", "properties": {"name": "exclusions-1349", "layer": "exclusions", "kind": "anchorage"}, "geometry": {"type": "Polygon", "coordinates": [[[28.56146, 61.19361], [28.56106, 61.19363], [28.56111, 61.19382], [28.56146, 61.19361]]]}}, {"type": "Feature", "properties": {"name": "Akonniemen rahtisatama", "layer": "exclusions", "kind": "harbour"}, "geometry": {"type": "Polygon", "coordinates": [[[27.94081, 62.2739], [27.93922, 62.27405], [27.93855, 62.27521], [27.94591, 62.27293], [27.94256, 62.27164], [27.9401, 62.2726], [27.94081, 62.2739]]]}}, {"type": "Feature", "properties": {"name": "Varkauden Matkailusatama", "layer": "exclusions", "kind": "harbour"}, "geometry": {"type": "Polygon", "coordinates": [[[27.91472, 62.30389], [27.91417, 62.30389], [27.91365, 62.3049], [27.91472, 62.30389]]]}}, {"type": "Feature", "properties": {"name": "Atolantien venesatama", "layer": "exclusions", "kind": "harbour"}, "geometry": {"type": "Polygon", "coordinates": [[[27.95874, 62.30873], [27.95963, 62.30914], [27.96101, 62.30849], [27.95942, 62.30813], [27.95874, 62.30873]]]}}, {"type": "Feature", "properties": {"name": "Käärmeniemen venesatama", "layer": "exclusions", "kind": "harbour"}, "geometry": {"type": "Polygon", "coordinates": [[[27.87607, 62.30906], [27.87719, 62.30846], [27.87497, 62.30804], [27.87508, 62.30927], [27.87607, 62.30906]]]}}, {"type": "Feature", "properties": {"name": "exclusions-1354", "layer": "exclusions", "kind": "harbour"}, "geometry": {"type": "Polygon", "coordinates": [[[22.18261, 60.38739], [22.18294, 60.38678], [22.1839, 60.38707], [22.18239, 60.38538], [22.1803, 60.38674], [22.18261, 60.38739]]]}}, {"type": "Feature", "properties": {"name": "Viltinrannan venesatama", "layer": "exclusions", "kind": "harbour"}, "geometry": {"type": "Polygon", "coordinates": [[[27.90651, 62.32377], [27.90877, 62.32468], [27.91136, 62.32284], [27.90933, 62.32213], [27.90651, 62.32377]]]}}, {"type": "Feature", "properties": {"name": "Luttilan venesatama", "layer": "exclusions", "kind": "harbour"}, "geometry": {"type": "Polygon", "coordinates": [[[27.87758, 62.34303], [27.87419, 62.34248], [27.87346, 62.34352], [27.87758, 62.34303]]]}}, {"type": "Feature", "properties": {"name": "exclusions-1357", "layer": "exclusions", "kind": "harbour"}, "geometry": {"type": "Polygon", "coordinates": [[[19.9334, 60.08092], [19.93431, 60.0814], [19.93614, 60.08005], [19.93359, 60.07999], [19.9334, 60.08092]]]}}, {"type": "Feature", "properties": {"name": "exclusions-1358", "layer": "exclusions", "kind": "harbour"}, "geometry": {"type": "Polygon", "coordinates": [[[19.94652, 60.10646], [19.94564, 60.10622], [19.94549, 60.10715], [19.94667, 60.10717], [19.94652, 60.10646]]]}}, {"type": "Feature", "properties": {"name": "MSF Gästhamn", "layer": "exclusions", "kind": "harbour"}, "geometry": {"type": "Polygon", "coordinates": [[[19.94992, 60.09744], [19.94818, 60.09685], [19.94804, 60.09883], [19.94682, 60.09851], [19.94564, 60.10097], [19.94939, 60.10155], [19.94992, 60.09744]]]}}, {"type": "Feature", "properties": {"name": "exclusions-1360", "layer": "exclusions", "kind": "harbour"}, "geometry": {"type": "Polygon", "coordinates": [[[19.94529, 60.10248], [19.94628, 60.10322], [19.94673, 60.10139], [19.94564, 60.10097], [19.94529, 60.10248]]]}}, {"type": "Feature", "properties": {"name": "Kirvesniemen laituri", "layer": "exclusions", "kind": "harbour"}, "geometry": {"type": "Polygon", "coordinates": [[[27.89908, 62.28428], [27.89989, 62.28468], [27.89951, 62.2839], [27.89763, 62.28379], [27.89908, 62.28428]]]}}, {"type": "Feature", "properties": {"name": "Paavalinkiven veneranta", "layer": "exclusions", "kind": "harbour"}, "geometry": {"type": "Polygon", "coordinates": [[[27.90672, 62.26741], [27.90747, 62.26746], [27.90749, 62.26715], [27.90672, 62.26741]]]}}, {"type": "Feature", "properties": {"name": "Messualueen venesatama", "layer": "exclusions", "kind": "harbour"}, "geometry": {"type": "Polygon", "coordinates": [[[27.9042, 62.33774], [27.9023, 62.33794], [27.90258, 62.33813], [27.9042, 62.33774]]]}}, {"type": "Feature", "properties": {"name": "Tornion satama", "layer": "exclusions", "kind": "harbour"}, "geometry": {"type": "Polygon", "coordinates": [[[24.16091, 65.76829], [24.16059, 65.76649], [24.15777, 65.7665], [24.1567, 65.76417], [24.15914, 65.7618], [24.16396, 65.7616], [24.16197, 65.7566], [24.16314, 65.75514], [24.16701, 65.75594], [24.16986, 65.75569], [24.16706, 65.75247], [24.15997, 65.7498], [24.16338, 65.75226], [24.16327, 65.7534], [24.16266, 65.75385], [24.15709, 65.75248], [24.15492, 65.75397], [24.15888, 65.755], [24.15897, 65.75595], [24.15153, 65.75498], [24.1507, 65.75632], [24.15508, 65.75817], [24.14956, 65.76233], [24.15166, 65.76131], [24.15086, 65.76292], [24.14652, 65.76428], [24.14598, 65.7649], [24.14769, 65.76445], [24.14682, 65.76542], [24.14501, 65.76515], [24.14388, 65.76553], [24.14679, 65.76576], [24.1443, 65.76586], [24.14469, 65.7667], [24.14649, 65.76662], [24.14536, 65.76823], [24.15164, 65.76943], [24.1532, 65.76798], [24.16091, 65.76829]]]}}, {"type": "Feature", "properties": {"name": "Puotikarin satama", "layer": "exclusions", "kind": "harbour"}, "geometry": {"type": "Polygon", "coordinates": [[[24.14063, 65.77071], [24.14277, 65.77262], [24.14691, 65.77306], [24.15182, 65.7695], [24.14529, 65.76839], [24.14063, 65.77071]]]}}, {"type": "Feature", "properties": {"name": "Raahen satama", "layer": "exclusions", "kind": "harbour"}, "geometry": {"type": "Polygon", "coordinates": [[[24.41486, 64.65732], [24.41369, 64.65581], [24.4115, 64.65555], [24.41115, 64.6511], [24.40273, 64.65078], [24.39649, 64.65562], [24.39933, 64.65611], [24.4026, 64.65323], [24.40415, 64.65322], [24.40592, 64.65354], [24.40401, 64.65679], [24.40639, 64.65708], [24.40922, 64.65354], [24.41039, 64.65361], [24.41017, 64.65604], [24.41429, 64.65793], [24.41716, 64.65793], [24.41793, 64.65931], [24.4161, 64.66022], [24.41519, 64.65911], [24.4063, 64.66], [24.4015, 64.66201], [24.40453, 64.66634], [24.40892, 64.66525], [24.40981, 64.66605], [24.42338, 64.66483], [24.42579, 64.66329], [24.42571, 64.66195], [24.42334, 64.66225], [24.41852, 64.65931], [24.41779, 64.65747], [24.41486, 64.65732]]]}}, {"type": "Feature", "properties": {"name": "Pietarsaaren satama", "layer": "exclusions", "kind": "harbour"}, "geometry": {"type": "Polygon", "coordinates": [[[22.70143, 63.71506], [22.69695, 63.70968], [22.69131, 63.70848], [22.68813, 63.71208], [22.68888, 63.71361], [22.6912, 63.71331], [22.69156, 63.71953], [22.69841, 63.71995], [22.69725, 63.71795], [22.69425, 63.71793], [22.69371, 63.71554], [22.70143, 63.71506]]]}}, {"type": "Feature", "properties": {"name": "Björnholmen", "layer": "exclusions", "kind": "harbour"}, "geometry": {"type": "Polygon", "coordinates": [[[22.74526, 63.68587], [22.74661, 63.68413], [22.74232, 63.68523], [22.74227, 63.6858], [22.74526, 63.68587]]]}}, {"type": "Feature", "properties": {"name": "Gamla Hamn", "layer": "exclusions", "kind": "harbour"}, "geometry": {"type": "Polygon", "coordinates": [[[22.6918, 63.68137], [22.68399, 63.682], [22.68315, 63.68452], [22.68535, 63.68517], [22.68641, 63.68265], [22.6918, 63.68137]]]}}, {"type": "Feature", "properties": {"name": "Korsgrundsviken", "layer": "exclusions", "kind": "harbour"}, "geometry": {"type": "Polygon", "coordinates": [[[22.69809, 63.68919], [22.69803, 63.68789], [22.69666, 63.688], [22.69577, 63.69024], [22.69809, 63.68919]]]}}, {"type": "Feature", "properties": {"name": "Dreilicks brygga", "layer": "exclusions", "kind": "harbour"}, "geometry": {"type": "Polygon", "coordinates": [[[22.69466, 63.70035], [22.69511, 63.69933], [22.69172, 63.6991], [22.69192, 63.70005], [22.69466, 63.70035]]]}}, {"type": "Feature", "properties": {"name": "Neuvottoman laituriosuuskunta", "layer": "exclusions", "kind": "harbour"}, "geometry": {"type": "Polygon", "coordinates": [[[27.05456, 60.54658], [27.05248, 60.54594], [27.05128, 60.54686], [27.0538, 60.54712], [27.05456, 60.54658]]]}}, {"type": "Feature", "properties": {"name": "exclusions-1373", "layer": "exclusions", "kind": "harbour"}, "geometry": {"type": "Polygon", "coordinates": [[[21.76435, 60.27917], [21.76442, 60.27911], [21.76435, 60.27908], [21.76435, 60.27917]]]}}, {"type": "Feature", "properties": {"name": "Pertanranta", "layer": "exclusions", "kind": "harbour"}, "geometry": {"type": "Polygon", "coordinates": [[[24.3266, 65.7947], [24.32706, 65.79437], [24.32609, 65.79403], [24.3266, 65.7947]]]}}, {"type": "Feature", "properties": {"name": "Fiskehamnen", "layer": "exclusions", "kind": "harbour"}, "geometry": {"type": "Polygon", "coordinates": [[[23.94371, 60.01544], [23.94868, 60.01487], [23.94649, 60.01342], [23.94472, 60.0141], [23.94539, 60.01468], [23.94371, 60.01544]]]}}, {"type": "Feature", "properties": {"name": "Kirkonkylän venelaituri", "layer": "exclusions", "kind": "harbour"}, "geometry": {"type": "Polygon", "coordinates": [[[23.59804, 61.31111], [23.59836, 61.31161], [23.59861, 61.31157], [23.59804, 61.31111]]]}}, {"type": "Feature", "properties": {"name": "Kaskisten kalasatama", "layer": "exclusions", "kind": "harbour"}, "geometry": {"type": "Polygon", "coordinates": [[[21.21418, 62.34505], [21.21581, 62.34471], [21.21563, 62.34547], [21.2144, 62.34536], [21.21527, 62.34661], [21.21688, 62.34582], [21.21643, 62.34706], [21.21758, 62.34744], [21.21644, 62.34769], [21.2186, 62.34798], [21.21927, 62.34693], [21.21735, 62.345], [21.2184, 62.34389], [21.21445, 62.34376], [21.21418, 62.34505]]]}}, {"type": "Feature", "properties": {"name": "Ouluveden pienvenesatama", "layer": "exclusions", "kind": "harbour"}, "geometry": {"type": "Polygon", "coordinates": [[[24.07009, 62.54762], [24.06974, 62.54746], [24.06942, 62.54761], [24.07009, 62.54762]]]}}, {"type": "Feature", "properties": {"name": "Porin satama", "layer": "exclusions", "kind": "harbour"}, "geometry": {"type": "Polygon", "coordinates": [[[21.50699, 61.59512], [21.50716, 61.59318], [21.51119, 61.59318], [21.51105, 61.59152], [21.50831, 61.5899], [21.49963, 61.59198], [21.49129, 61.59194], [21.49083, 61.59264], [21.48185, 61.59232], [21.47717, 61.59293], [21.47189, 61.59154], [21.46982, 61.59402], [21.47179, 61.59473], [21.46745, 61.59984], [21.4717, 61.60068], [21.47925, 61.59791], [21.47795, 61.59566], [21.48566, 61.59475], [21.48768, 61.59593], [21.4974, 61.59595], [21.5022, 61.59669], [21.50699, 61.59512]]]}}, {"type": "Feature", "properties": {"name": "exclusions-1380", "layer": "exclusions", "kind": "harbour"}, "geometry": {"type": "Polygon", "coordinates": [[[25.85872, 60.20917], [25.85803, 60.20922], [25.85845, 60.20939], [25.85872, 60.20917]]]}}, {"type": "Feature", "properties": {"name": "exclusions-1381", "layer": "exclusions", "kind": "harbour"}, "geometry": {"type": "Polygon", "coordinates": [[[25.85575, 60.21021], [25.85612, 60.21031], [25.85616, 60.21027], [25.85575, 60.21021]]]}}, {"type": "Feature", "properties": {"name": "Lähteelän venesatama", "layer": "exclusions", "kind": "harbour"}, "geometry": {"type": "Polygon", "coordinates": [[[24.4374, 59.98043], [24.43767, 59.98073], [24.43815, 59.98065], [24.4374, 59.98043]]]}}, {"type": "Feature", "properties": {"name": "Lähteelän venesatama", "layer": "exclusions", "kind": "harbour"}, "geometry": {"type": "Polygon", "coordinates": [[[24.44063, 59.98076], [24.43958, 59.98044], [24.43886, 59.98116], [24.4398, 59.98156], [24.44063, 59.98076]]]}}, {"type": "Feature", "properties": {"name": "exclusions-1384", "layer": "exclusions", "kind": "harbour"}, "geometry": {"type": "Polygon", "coordinates": [[[24.44152, 59.98387], [24.44129, 59.98309], [24.44079, 59.98314], [24.44152, 59.98387]]]}}, {"type": "Feature", "properties": {"name": "exclusions-1385", "layer": "exclusions", "kind": "harbour"}, "geometry": {"type": "Polygon", "coordinates": [[[27.72807, 63.00371], [27.72772, 63.00365], [27.72767, 63.00407], [27.72807, 63.00371]]]}}, {"type": "Feature", "properties": {"name": "exclusions-1386", "layer": "exclusions", "kind": "anchorage"}, "geometry": {"type": "Polygon", "coordinates": [[[22.99788, 63.87128], [22.99118, 63.8782], [22.97976, 63.88401], [22.97674, 63.88792], [22.98908, 63.89199], [23.00214, 63.87517], [22.99788, 63.87128]]]}}, {"type": "Feature", "properties": {"name": "Beresje sadam (ehitamisel)", "layer": "exclusions", "kind": "harbour"}, "geometry": {"type": "Polygon", "coordinates": [[[27.58124, 58.08947], [27.58153, 58.0894], [27.58093, 58.08937], [27.58124, 58.08947]]]}}, {"type": "Feature", "properties": {"name": "Sarfvikin Marina", "layer": "exclusions", "kind": "harbour"}, "geometry": {"type": "Polygon", "coordinates": [[[24.60915, 60.15587], [24.61179, 60.15608], [24.61038, 60.15559], [24.60915, 60.15587]]]}}, {"type": "Feature", "properties": {"name": "exclusions-1389", "layer": "exclusions", "kind": "harbour"}, "geometry": {"type": "Polygon", "coordinates": [[[21.54573, 61.3908], [21.54436, 61.38984], [21.54237, 61.39067], [21.54376, 61.39135], [21.54573, 61.3908]]]}}, {"type": "Feature", "properties": {"name": "exclusions-1390", "layer": "exclusions", "kind": "harbour"}, "geometry": {"type": "Polygon", "coordinates": [[[25.2851, 60.3096], [25.28503, 60.30957], [25.28452, 60.30987], [25.2851, 60.3096]]]}}, {"type": "Feature", "properties": {"name": "exclusions-1391", "layer": "exclusions", "kind": "harbour"}, "geometry": {"type": "Polygon", "coordinates": [[[25.28423, 60.30975], [25.28428, 60.30978], [25.28467, 60.30954], [25.28423, 60.30975]]]}}, {"type": "Feature", "properties": {"name": "Vägvik", "layer": "exclusions", "kind": "harbour"}, "geometry": {"type": "Polygon", "coordinates": [[[21.33907, 62.8795], [21.33799, 62.87837], [21.33603, 62.87862], [21.33772, 62.87968], [21.33907, 62.8795]]]}}, {"type": "Feature", "properties": {"name": "Bockören", "layer": "exclusions", "kind": "harbour"}, "geometry": {"type": "Polygon", "coordinates": [[[21.40663, 62.89665], [21.40292, 62.89694], [21.40414, 62.89917], [21.40692, 62.89858], [21.40663, 62.89665]]]}}, {"type": "Feature", "properties": {"name": "Пирс", "layer": "exclusions", "kind": "harbour"}, "geometry": {"type": "Polygon", "coordinates": [[[29.72969, 60.73492], [29.7298, 60.73487], [29.72954, 60.73472], [29.72969, 60.73492]]]}}, {"type": "Feature", "properties": {"name": "exclusions-1395", "layer": "exclusions", "kind": "harbour"}, "geometry": {"type": "Polygon", "coordinates": [[[29.72906, 60.73497], [29.72858, 60.73474], [29.72849, 60.73478], [29.72906, 60.73497]]]}}, {"type": "Feature", "properties": {"name": "Rahuste sadam (ehitamisel)", "layer": "exclusions", "kind": "harbour"}, "geometry": {"type": "Polygon", "coordinates": [[[22.133, 58.07155], [22.1355, 58.07127], [22.13178, 58.06983], [22.13075, 58.07036], [22.133, 58.07155]]]}}, {"type": "Feature", "properties": {"name": "Vestsilla sadam", "layer": "exclusions", "kind": "harbour"}, "geometry": {"type": "Polygon", "coordinates": [[[23.45834, 58.94153], [23.45869, 58.94119], [23.45558, 58.94052], [23.45834, 58.94153]]]}}, {"type": "Feature", "properties": {"name": "Meerapalu sadam", "layer": "exclusions", "kind": "harbour"}, "geometry": {"type": "Polygon", "coordinates": [[[27.37399, 58.38753], [27.3743, 58.38738], [27.37416, 58.38729], [27.37399, 58.38753]]]}}, {"type": "Feature", "properties": {"name": "Kirderanna sadam", "layer": "exclusions", "kind": "harbour"}, "geometry": {"type": "Polygon", "coordinates": [[[22.865, 58.6208], [22.86417, 58.62055], [22.8625, 58.62209], [22.86333, 58.62234], [22.865, 58.6208]]]}}, {"type": "Feature", "properties": {"name": "Meremäe sadam", "layer": "exclusions", "kind": "harbour"}, "geometry": {"type": "Polygon", "coordinates": [[[22.9487, 58.82797], [22.94952, 58.82796], [22.94961, 58.82765], [22.94863, 58.82741], [22.9487, 58.82797]]]}}, {"type": "Feature", "properties": {"name": "Narva-Jõesuu Jahtklubi sadam", "layer": "exclusions", "kind": "harbour"}, "geometry": {"type": "Polygon", "coordinates": [[[28.06101, 59.46016], [28.06084, 59.45871], [28.05561, 59.45931], [28.05669, 59.46032], [28.06101, 59.46016]]]}}, {"type": "Feature", "properties": {"name": "Pärnu Vanasadam", "layer": "exclusions", "kind": "harbour"}, "geometry": {"type": "Polygon", "coordinates": [[[24.49132, 58.38768], [24.49555, 58.38801], [24.49162, 58.38753], [24.49163, 58.38692], [24.49132, 58.38768]]]}}, {"type": "Feature", "properties": {"name": "Toominga sadam", "layer": "exclusions", "kind": "harbour"}, "geometry": {"type": "Polygon", "coordinates": [[[24.79781, 59.56258], [24.79794, 59.56225], [24.79405, 59.56199], [24.79348, 59.56279], [24.79781, 59.56258]]]}}, {"type": "Feature", "properties": {"name": "Vaala sadam", "layer": "exclusions", "kind": "harbour"}, "geometry": {"type": "Polygon", "coordinates": [[[24.56955, 58.36331], [24.56957, 58.36294], [24.56828, 58.36309], [24.56955, 58.36331]]]}}, {"type": "Feature", "properties": {"name": "Hernesaaren laituri", "layer": "exclusions", "kind": "harbour"}, "geometry": {"type": "Polygon", "coordinates": [[[24.9237, 60.14626], [24.92446, 60.14541], [24.92285, 60.14592], [24.91991, 60.14819], [24.9237, 60.14626]]]}}, {"type": "Feature", "properties": {"name": "Saimaanharjun venesatama", "layer": "exclusions", "kind": "harbour"}, "geometry": {"type": "Polygon", "coordinates": [[[28.10363, 61.12883], [28.10298, 61.12841], [28.10027, 61.12959], [28.10165, 61.13004], [28.10363, 61.12883]]]}}, {"type": "Feature", "properties": {"name": "Pappilanniemen venesatama", "layer": "exclusions", "kind": "harbour"}, "geometry": {"type": "Polygon", "coordinates": [[[28.05606, 61.1543], [28.0547, 61.15378], [28.05394, 61.15419], [28.05501, 61.15478], [28.05606, 61.1543]]]}}, {"type": "Feature", "properties": {"name": "Kirkonkylän venesatama", "layer": "exclusions", "kind": "harbour"}, "geometry": {"type": "Polygon", "coordinates": [[[28.05947, 61.15834], [28.0585, 61.15771], [28.05657, 61.15848], [28.05793, 61.15902], [28.05947, 61.15834]]]}}, {"type": "Feature", "properties": {"name": "Rehulan venesatama", "layer": "exclusions", "kind": "harbour"}, "geometry": {"type": "Polygon", "coordinates": [[[28.12985, 61.20247], [28.12895, 61.20215], [28.12871, 61.20244], [28.12985, 61.20247]]]}}, {"type": "Feature", "properties": {"name": "Kuivaketveleen venesatama", "layer": "exclusions", "kind": "harbour"}, "geometry": {"type": "Polygon", "coordinates": [[[28.10951, 61.11622], [28.10734, 61.1161], [28.10733, 61.11642], [28.10951, 61.11622]]]}}, {"type": "Feature", "properties": {"name": "exclusions-1411", "layer": "exclusions", "kind": "harbour"}, "geometry": {"type": "Polygon", "coordinates": [[[27.67815, 63.07111], [27.67745, 63.0714], [27.67767, 63.07146], [27.67815, 63.07111]]]}}, {"type": "Feature", "properties": {"name": "Hamnsundets Gästhamn", "layer": "exclusions", "kind": "harbour"}, "geometry": {"type": "Polygon", "coordinates": [[[20.08683, 60.37574], [20.08756, 60.3756], [20.08711, 60.37497], [20.08683, 60.37574]]]}}, {"type": "Feature", "properties": {"name": "Причал №15", "layer": "exclusions", "kind": "harbour"}, "geometry": {"type": "Polygon", "coordinates": [[[28.74888, 60.71681], [28.74515, 60.71715], [28.74692, 60.71858], [28.74885, 60.71837], [28.74888, 60.71681]]]}}, {"type": "Feature", "properties": {"name": "Kuivastu väikelaevasadam", "layer": "exclusions", "kind": "harbour"}, "geometry": {"type": "Polygon", "coordinates": [[[23.39314, 58.57208], [23.39132, 58.57252], [23.39168, 58.57294], [23.39359, 58.5729], [23.39314, 58.57208]]]}}, {"type": "Feature", "properties": {"name": "exclusions-1415", "layer": "exclusions", "kind": "harbour"}, "geometry": {"type": "Polygon", "coordinates": [[[20.25409, 60.11949], [20.25399, 60.11947], [20.25373, 60.11981], [20.25409, 60.11949]]]}}, {"type": "Feature", "properties": {"name": "exclusions-1416", "layer": "exclusions", "kind": "harbour"}, "geometry": {"type": "Polygon", "coordinates": [[[29.35409, 61.44388], [29.35352, 61.44392], [29.35361, 61.44423], [29.35409, 61.44388]]]}}, {"type": "Feature", "properties": {"name": "Puttes camping", "layer": "exclusions", "kind": "harbour"}, "geometry": {"type": "Polygon", "coordinates": [[[20.23204, 60.21891], [20.23287, 60.21905], [20.23217, 60.21819], [20.23204, 60.21891]]]}}, {"type": "Feature", "properties": {"name": "Vargata besöksbrygga", "layer": "exclusions", "kind": "harbour"}, "geometry": {"type": "Polygon", "coordinates": [[[20.32727, 60.24176], [20.3267, 60.24179], [20.32662, 60.2424], [20.32727, 60.24176]]]}}, {"type": "Feature", "properties": {"name": "exclusions-1419", "layer": "exclusions", "kind": "harbour"}, "geometry": {"type": "Polygon", "coordinates": [[[27.71631, 62.91773], [27.71637, 62.91733], [27.71445, 62.91733], [27.71631, 62.91773]]]}}, {"type": "Feature", "properties": {"name": "Kulhonvalkama", "layer": "exclusions", "kind": "harbour"}, "geometry": {"type": "Polygon", "coordinates": [[[22.27181, 60.39071], [22.27216, 60.39045], [22.27115, 60.39029], [22.27181, 60.39071]]]}}, {"type": "Feature", "properties": {"name": "exclusions-1421", "layer": "exclusions", "kind": "harbour"}, "geometry": {"type": "Polygon", "coordinates": [[[22.24928, 60.39104], [22.24917, 60.39105], [22.24956, 60.39143], [22.24928, 60.39104]]]}}, {"type": "Feature", "properties": {"name": "exclusions-1422", "layer": "exclusions", "kind": "harbour"}, "geometry": {"type": "Polygon", "coordinates": [[[22.26288, 60.39368], [22.26241, 60.39393], [22.26306, 60.3937], [22.26288, 60.39368]]]}}, {"type": "Feature", "properties": {"name": "Munkkisaaren laituri", "layer": "exclusions", "kind": "harbour"}, "geometry": {"type": "Polygon", "coordinates": [[[24.92185, 60.14935], [24.91966, 60.14842], [24.92445, 60.1529], [24.92185, 60.14935]]]}}, {"type": "Feature", "properties": {"name": "Vihola", "layer": "exclusions", "kind": "harbour"}, "geometry": {"type": "Polygon", "coordinates": [[[23.52895, 61.46198], [23.52889, 61.46202], [23.52911, 61.46208], [23.52895, 61.46198]]]}}, {"type": "Feature", "properties": {"name": "Meriterassin venesatama", "layer": "exclusions", "kind": "harbour"}, "geometry": {"type": "Polygon", "coordinates": [[[22.23174, 60.38876], [22.23004, 60.38911], [22.23054, 60.38953], [22.23174, 60.38876]]]}}, {"type": "Feature", "properties": {"name": "Pite Havsbad gästhamn", "layer": "exclusions", "kind": "harbour"}, "geometry": {"type": "Polygon", "coordinates": [[[21.53708, 65.23069], [21.53601, 65.23023], [21.53423, 65.23136], [21.53517, 65.23169], [21.53708, 65.23069]]]}}, {"type": "Feature", "properties": {"name": "exclusions-1427", "layer": "exclusions", "kind": "harbour"}, "geometry": {"type": "Polygon", "coordinates": [[[25.06505, 60.18081], [25.0657, 60.18044], [25.06363, 60.17992], [25.06505, 60.18081]]]}}, {"type": "Feature", "properties": {"name": "exclusions-1428", "layer": "exclusions", "kind": "harbour"}, "geometry": {"type": "Polygon", "coordinates": [[[21.51505, 61.38009], [21.516, 61.38012], [21.51651, 61.37999], [21.51533, 61.3792], [21.51505, 61.38009]]]}}, {"type": "Feature", "properties": {"name": "exclusions-1429", "layer": "exclusions", "kind": "harbour"}, "geometry": {"type": "Polygon", "coordinates": [[[24.82162, 59.47094], [24.81818, 59.47055], [24.82163, 59.47102], [24.82787, 59.4684], [24.82162, 59.47094]]]}}, {"type": "Feature", "properties": {"name": "exclusions-1430", "layer": "exclusions", "kind": "harbour"}, "geometry": {"type": "Polygon", "coordinates": [[[30.2785, 60.66715], [30.27824, 60.66731], [30.2786, 60.66745], [30.27858, 60.66714], [30.2785, 60.66715]]]}}, {"type": "Feature", "properties": {"name": "exclusions-1431", "layer": "exclusions", "kind": "harbour"}, "geometry": {"type": "Polygon", "coordinates": [[[25.81187, 62.21879], [25.81152, 62.21866], [25.81099, 62.21894], [25.81187, 62.21879]]]}}, {"type": "Feature", "properties": {"name": "exclusions-1432", "layer": "exclusions", "kind": "harbour"}, "geometry": {"type": "Polygon", "coordinates": [[[21.50155, 61.41479], [21.50018, 61.41505], [21.50264, 61.41638], [21.50347, 61.41611], [21.50155, 61.41479]]]}}, {"type": "Feature", "properties": {"name": "exclusions-1433", "layer": "exclusions", "kind": "harbour"}, "geometry": {"type": "Polygon", "coordinates": [[[21.5034, 61.41365], [21.50261, 61.41384], [21.50284, 61.41443], [21.50433, 61.41442], [21.5034, 61.41365]]]}}, {"type": "Feature", "properties": {"name": "Förby Marina", "layer": "exclusions", "kind": "harbour"}, "geometry": {"type": "Polygon", "coordinates": [[[22.86384, 60.09807], [22.86507, 60.09748], [22.86414, 60.09439], [22.86202, 60.09603], [22.86384, 60.09807]]]}}, {"type": "Feature", "properties": {"name": "exclusions-1435", "layer": "exclusions", "kind": "harbour"}, "geometry": {"type": "Polygon", "coordinates": [[[23.48863, 61.43896], [23.49001, 61.43864], [23.48846, 61.43895], [23.48863, 61.43896]]]}}, {"type": "Feature", "properties": {"name": "Viholan satama", "layer": "exclusions", "kind": "harbour"}, "geometry": {"type": "Polygon", "coordinates": [[[23.52847, 61.46298], [23.53432, 61.46293], [23.5348, 61.46225], [23.53326, 61.46122], [23.53133, 61.46078], [23.52918, 61.46114], [23.53315, 61.46131], [23.53138, 61.4614], [23.53293, 61.4626], [23.52845, 61.46224], [23.52847, 61.46298]]]}}, {"type": "Feature", "properties": {"name": "Nokian Satama", "layer": "exclusions", "kind": "harbour"}, "geometry": {"type": "Polygon", "coordinates": [[[23.52917, 61.4685], [23.53092, 61.46854], [23.52913, 61.46833], [23.52674, 61.46946], [23.52917, 61.4685]]]}}, {"type": "Feature", "properties": {"name": "Mesikämmenen satama", "layer": "exclusions", "kind": "harbour"}, "geometry": {"type": "Polygon", "coordinates": [[[24.17854, 62.53632], [24.17873, 62.53633], [24.17797, 62.53599], [24.17854, 62.53632]]]}}, {"type": "Feature", "properties": {"name": "Pellonpään pienvenesatama", "layer": "exclusions", "kind": "harbour"}, "geometry": {"type": "Polygon", "coordinates": [[[24.06132, 62.54876], [24.06183, 62.54888], [24.0612, 62.54867], [24.06132, 62.54876]]]}}, {"type": "Feature", "properties": {"name": "Liutun pienvenesatama", "layer": "exclusions", "kind": "harbour"}, "geometry": {"type": "Polygon", "coordinates": [[[23.94215, 61.46976], [23.94213, 61.46967], [23.94052, 61.4698], [23.94215, 61.46976]]]}}, {"type": "Feature", "properties": {"name": "Ähtärinsalmen pienvenesatama", "layer": "exclusions", "kind": "harbour"}, "geometry": {"type": "Polygon", "coordinates": [[[24.13505, 62.59264], [24.13588, 62.59281], [24.13517, 62.59252], [24.13462, 62.592], [24.13505, 62.59264]]]}}, {"type": "Feature", "properties": {"name": "Meijerinrannan pienvenesatama", "layer": "exclusions", "kind": "harbour"}, "geometry": {"type": "Polygon", "coordinates": [[[22.40978, 62.61742], [22.40901, 62.61686], [22.40958, 62.6174], [22.40978, 62.61742]]]}}, {"type": "Feature", "properties": {"name": "Jõeääre Paadisadam", "layer": "exclusions", "kind": "harbour"}, "geometry": {"type": "Polygon", "coordinates": [[[26.78565, 58.3343], [26.78629, 58.33601], [26.78615, 58.33445], [26.78876, 58.33389], [26.78868, 58.33283], [26.78654, 58.33278], [26.78565, 58.3343]]]}}, {"type": "Feature", "properties": {"name": "Яхт-клуб  ПРАВОБЕРЕЖНЫЙ", "layer": "exclusions", "kind": "harbour"}, "geometry": {"type": "Polygon", "coordinates": [[[30.59924, 59.81341], [30.60361, 59.81385], [30.60369, 59.8133], [30.59998, 59.81258], [30.59924, 59.81341]]]}}, {"type": "Feature", "properties": {"name": "Kapellskär", "layer": "exclusions", "kind": "harbour"}, "geometry": {"type": "Polygon", "coordinates": [[[19.07113, 59.71936], [19.06864, 59.71895], [19.07126, 59.71869], [19.06537, 59.71818], [19.06315, 59.71864], [19.05758, 59.72201], [19.0654, 59.72543], [19.06718, 59.72506], [19.06551, 59.72229], [19.06613, 59.72023], [19.06972, 59.72054], [19.06623, 59.72005], [19.07113, 59.71936]]]}}, {"type": "Feature", "properties": {"name": "exclusions-1446", "layer": "exclusions", "kind": "harbour"}, "geometry": {"type": "Polygon", "coordinates": [[[23.76092, 61.49507], [23.76125, 61.49515], [23.76084, 61.49501], [23.76092, 61.49507]]]}}, {"type": "Feature", "properties": {"name": "Vierasvenesatama | Myllyranta", "layer": "exclusions", "kind": "harbour"}, "geometry": {"type": "Polygon", "coordinates": [[[23.74707, 61.3145], [23.74715, 61.31418], [23.74711, 61.31418], [23.74707, 61.3145]]]}}, {"type": "Feature", "properties": {"name": "exclusions-1448", "layer": "exclusions", "kind": "harbour"}, "geometry": {"type": "Polygon", "coordinates": [[[23.10307, 63.8661], [23.10436, 63.86577], [23.10143, 63.86626], [23.10307, 63.8661]]]}}, {"type": "Feature", "properties": {"name": "Laukon kartanon vierasvenesatama", "layer": "exclusions", "kind": "harbour"}, "geometry": {"type": "Polygon", "coordinates": [[[23.50355, 61.33274], [23.50426, 61.33235], [23.50369, 61.33238], [23.50355, 61.33274]]]}}, {"type": "Feature", "properties": {"name": "Santalahden venesatama", "layer": "exclusions", "kind": "harbour"}, "geometry": {"type": "Polygon", "coordinates": [[[23.70807, 61.50752], [23.71282, 61.50744], [23.70695, 61.50881], [23.71194, 61.50816], [23.71339, 61.50881], [23.7063, 61.50958], [23.7131, 61.50902], [23.71968, 61.50696], [23.71383, 61.50846], [23.71275, 61.50816], [23.71442, 61.5067], [23.70795, 61.50738], [23.70837, 61.50809], [23.70807, 61.50752]]]}}, {"type": "Feature", "properties": {"name": "Kinnbäcks småbåtshamn", "layer": "exclusions", "kind": "harbour"}, "geometry": {"type": "Polygon", "coordinates": [[[21.44948, 65.07114], [21.45106, 65.0696], [21.44932, 65.07073], [21.44948, 65.07114]]]}}, {"type": "Feature", "properties": {"name": "Pite-Rönnskär Gästhamn", "layer": "exclusions", "kind": "harbour"}, "geometry": {"type": "Polygon", "coordinates": [[[21.55583, 65.03668], [21.55521, 65.03723], [21.55639, 65.03668], [21.55637, 65.03609], [21.55583, 65.03668]]]}}, {"type": "Feature", "properties": {"name": "exclusions-1453", "layer": "exclusions", "kind": "harbour"}, "geometry": {"type": "Polygon", "coordinates": [[[25.17727, 65.56979], [25.17598, 65.56998], [25.17648, 65.56999], [25.17727, 65.56979]]]}}, {"type": "Feature", "properties": {"name": "Poroholman lomakeskus vierasvenelaituri", "layer": "exclusions", "kind": "harbour"}, "geometry": {"type": "Polygon", "coordinates": [[[21.46964, 61.13465], [21.47108, 61.13474], [21.47115, 61.13448], [21.46964, 61.13465]]]}}, {"type": "Feature", "properties": {"name": "Varalan venesatama", "layer": "exclusions", "kind": "harbour"}, "geometry": {"type": "Polygon", "coordinates": [[[23.71536, 61.49354], [23.71536, 61.49331], [23.71467, 61.4934], [23.71536, 61.49354]]]}}, {"type": "Feature", "properties": {"name": "exclusions-1456", "layer": "exclusions", "kind": "harbour"}, "geometry": {"type": "Polygon", "coordinates": [[[22.28712, 60.27795], [22.28548, 60.27712], [22.28302, 60.27886], [22.28509, 60.27945], [22.28712, 60.27795]]]}}, {"type": "Feature", "properties": {"name": "exclusions-1457", "layer": "exclusions", "kind": "harbour"}, "geometry": {"type": "Polygon", "coordinates": [[[28.21119, 59.38564], [28.20964, 59.38507], [28.20754, 59.38619], [28.20838, 59.38692], [28.21119, 59.38564]]]}}, {"type": "Feature", "properties": {"name": "exclusions-1458", "layer": "exclusions", "kind": "harbour"}, "geometry": {"type": "Polygon", "coordinates": [[[28.2116, 59.38097], [28.2121, 59.37966], [28.21175, 59.37966], [28.2116, 59.38097]]]}}, {"type": "Feature", "properties": {"name": "exclusions-1459", "layer": "exclusions", "kind": "harbour"}, "geometry": {"type": "Polygon", "coordinates": [[[28.20097, 59.3451], [28.2022, 59.34416], [28.20456, 59.34407], [28.20356, 59.34284], [28.20095, 59.34327], [28.20097, 59.3451]]]}}, {"type": "Feature", "properties": {"name": "exclusions-1460", "layer": "exclusions", "kind": "harbour"}, "geometry": {"type": "Polygon", "coordinates": [[[20.28471, 60.20087], [20.28463, 60.20027], [20.28396, 60.20033], [20.28471, 60.20087]]]}}, {"type": "Feature", "properties": {"name": "Rauhaniemen venesatama", "layer": "exclusions", "kind": "harbour"}, "geometry": {"type": "Polygon", "coordinates": [[[23.7918, 61.51589], [23.7947, 61.51584], [23.79288, 61.51488], [23.79084, 61.51512], [23.79015, 61.51466], [23.78924, 61.515], [23.78613, 61.5143], [23.78579, 61.51438], [23.78905, 61.51501], [23.78788, 61.51549], [23.7918, 61.51589]]]}}, {"type": "Feature", "properties": {"name": "exclusions-1462", "layer": "exclusions", "kind": "harbour"}, "geometry": {"type": "Polygon", "coordinates": [[[21.51907, 61.41011], [21.51955, 61.41029], [21.52013, 61.40971], [21.51907, 61.41011]]]}}, {"type": "Feature", "properties": {"name": "Kirveslahden veneranta", "layer": "exclusions", "kind": "harbour"}, "geometry": {"type": "Polygon", "coordinates": [[[25.17661, 62.25646], [25.17601, 62.25649], [25.17606, 62.2567], [25.17661, 62.25646]]]}}, {"type": "Feature", "properties": {"name": "Muuga sadam", "layer": "exclusions", "kind": "harbour"}, "geometry": {"type": "Polygon", "coordinates": [[[24.9836, 59.50283], [24.9836, 59.48334], [24.9334, 59.48334], [24.9334, 59.50283], [24.9836, 59.50283]]]}}, {"type": "Feature", "properties": {"name": "Paljassaare sadam", "layer": "exclusions", "kind": "harbour"}, "geometry": {"type": "Polygon", "coordinates": [[[24.71675, 59.4663], [24.71675, 59.45411], [24.69934, 59.45411], [24.69934, 59.4663], [24.71675, 59.4663]]]}}, {"type": "Feature", "properties": {"name": "Судостроительный завод \"Северная верфь\"", "layer": "exclusions", "kind": "harbour"}, "geometry": {"type": "Polygon", "coordinates": [[[30.24564, 59.88097], [30.24564, 59.86942], [30.22075, 59.86942], [30.22075, 59.88097], [30.24564, 59.88097]]]}}, {"type": "Feature", "properties": {"name": "Петербургский нефтяной терминал", "layer": "exclusions", "kind": "harbour"}, "geometry": {"type": "Polygon", "coordinates": [[[30.18139, 59.88702], [30.18139, 59.87951], [30.16592, 59.87951], [30.16592, 59.88702], [30.18139, 59.88702]]]}}, {"type": "Feature", "properties": {"name": "Судостроительная фирма «Алмаз»", "layer": "exclusions", "kind": "harbour"}, "geometry": {"type": "Polygon", "coordinates": [[[30.25214, 59.96294], [30.25214, 59.95993], [30.2468, 59.95993], [30.2468, 59.96294], [30.25214, 59.96294]]]}}, {"type": "Feature", "properties": {"name": "exclusions-1469", "layer": "exclusions", "kind": "harbour"}, "geometry": {"type": "Polygon", "coordinates": [[[30.58201, 60.84635], [30.58201, 60.84439], [30.58065, 60.84439], [30.58065, 60.84635], [30.58201, 60.84635]]]}}, {"type": "Feature", "properties": {"name": "Rajahauta", "layer": "exclusions", "kind": "harbour"}, "geometry": {"type": "Polygon", "coordinates": [[[25.41042, 65.06175], [25.41042, 65.05988], [25.40649, 65.05988], [25.40649, 65.06175], [25.41042, 65.06175]]]}}, {"type": "Feature", "properties": {"name": "Taskisenrannan venesatama", "layer": "exclusions", "kind": "harbour"}, "geometry": {"type": "Polygon", "coordinates": [[[25.38725, 65.09843], [25.38725, 65.09665], [25.38146, 65.09665], [25.38146, 65.09843], [25.38725, 65.09843]]]}}, {"type": "Feature", "properties": {"name": "Kunda sadam", "layer": "exclusions", "kind": "harbour"}, "geometry": {"type": "Polygon", "coordinates": [[[26.54726, 59.52799], [26.54726, 59.51873], [26.54101, 59.51873], [26.54101, 59.52799], [26.54726, 59.52799]]]}}, {"type": "Feature", "properties": {"name": "Merikylä", "layer": "exclusions", "kind": "harbour"}, "geometry": {"type": "Polygon", "coordinates": [[[24.67191, 64.8264], [24.67191, 64.82549], [24.66906, 64.82549], [24.66906, 64.8264], [24.67191, 64.8264]]]}}, {"type": "Feature", "properties": {"name": "Svedjehamn", "layer": "exclusions", "kind": "harbour"}, "geometry": {"type": "MultiPolygon", "coordinates": [[[[21.29796, 63.35989], [21.29639, 63.36065], [21.3003, 63.36145], [21.30244, 63.36053], [21.29759, 63.3576], [21.29796, 63.35989]]], [[[21.29236, 63.35841], [21.297, 63.35915], [21.29453, 63.35858], [21.29236, 63.35841]]]]}}, {"type": "Feature", "properties": {"name": "Venesatama", "layer": "exclusions", "kind": "harbour"}, "geometry": {"type": "Polygon", "coordinates": [[[26.83795, 64.55192], [26.83795, 64.55044], [26.83548, 64.55044], [26.83548, 64.55192], [26.83795, 64.55192]]]}}, {"type": "Feature", "properties": {"name": "exclusions-1476", "layer": "exclusions", "kind": "harbour"}, "geometry": {"type": "Polygon", "coordinates": [[[29.24895, 65.95503], [29.24895, 65.95399], [29.24617, 65.95399], [29.24617, 65.95503], [29.24895, 65.95503]]]}}, {"type": "Feature", "properties": {"name": "порт Выборг", "layer": "exclusions", "kind": "harbour"}, "geometry": {"type": "Polygon", "coordinates": [[[28.74088, 60.71398], [28.74088, 60.70093], [28.72781, 60.70093], [28.72781, 60.71398], [28.74088, 60.71398]]]}}, {"type": "Feature", "properties": {"name": "МТТ \"Турухтанные острова\"", "layer": "exclusions", "kind": "harbour"}, "geometry": {"type": "Polygon", "coordinates": [[[30.22636, 59.87694], [30.22636, 59.87381], [30.21649, 59.87381], [30.21649, 59.87694], [30.22636, 59.87694]]]}}, {"type": "Feature", "properties": {"name": "Röyttä", "layer": "exclusions", "kind": "harbour"}, "geometry": {"type": "Polygon", "coordinates": [[[25.21827, 65.27187], [25.21827, 65.27018], [25.21491, 65.27018], [25.21491, 65.27187], [25.21827, 65.27187]]]}}, {"type": "Feature", "properties": {"name": "Яхт-клуб \"Балтиец\"", "layer": "exclusions", "kind": "harbour"}, "geometry": {"type": "Polygon", "coordinates": [[[30.13447, 59.8633], [30.13447, 59.85906], [30.11775, 59.85906], [30.11775, 59.8633], [30.13447, 59.8633]]]}}, {"type": "Feature", "properties": {"name": "Port of Tolkkinen", "layer": "exclusions", "kind": "harbour"}, "geometry": {"type": "Polygon", "coordinates": [[[25.58725, 60.33874], [25.58725, 60.32531], [25.57352, 60.32531], [25.57352, 60.33874], [25.58725, 60.33874]]]}}, {"type": "Feature", "properties": {"name": "Перегруз щебня", "layer": "exclusions", "kind": "harbour"}, "geometry": {"type": "Polygon", "coordinates": [[[29.9017, 61.1435], [29.9017, 61.14121], [29.88842, 61.14121], [29.88842, 61.1435], [29.9017, 61.1435]]]}}, {"type": "Feature", "properties": {"name": "Mieslahti", "layer": "exclusions", "kind": "harbour"}, "geometry": {"type": "Polygon", "coordinates": [[[27.98446, 64.38037], [27.98446, 64.37961], [27.98324, 64.37961], [27.98446, 64.38037]]]}}, {"type": "Feature", "properties": {"name": "Laitakari", "layer": "exclusions", "kind": "harbour"}, "geometry": {"type": "Polygon", "coordinates": [[[25.26189, 65.40817], [25.26189, 65.40716], [25.25938, 65.40716], [25.25938, 65.40817], [25.26189, 65.40817]]]}}, {"type": "Feature", "properties": {"name": "Karsikon kalasatama", "layer": "exclusions", "kind": "harbour"}, "geometry": {"type": "Polygon", "coordinates": [[[24.72135, 65.63701], [24.72135, 65.63601], [24.7182, 65.63601], [24.7182, 65.63701], [24.72135, 65.63701]]]}}, {"type": "Feature", "properties": {"name": "Villenniemi", "layer": "exclusions", "kind": "harbour"}, "geometry": {"type": "Polygon", "coordinates": [[[25.28503, 65.22423], [25.28503, 65.22344], [25.28333, 65.22344], [25.28333, 65.22423], [25.28503, 65.22423]]]}}, {"type": "Feature", "properties": {"name": "exclusions-1487", "layer": "exclusions", "kind": "harbour"}, "geometry": {"type": "Polygon", "coordinates": [[[24.13589, 65.81432], [24.13589, 65.81303], [24.13415, 65.81303], [24.13415, 65.81432], [24.13589, 65.81432]]]}}, {"type": "Feature", "properties": {"name": "Turun satama", "layer": "exclusions", "kind": "harbour"}, "geometry": {"type": "MultiPolygon", "coordinates": [[[[22.2194, 60.4362], [22.21901, 60.44362], [22.2172, 60.44359], [22.21599, 60.43978], [22.21376, 60.43992], [22.21108, 60.43568], [22.20807, 60.43629], [22.2076, 60.44177], [22.21022, 60.44265], [22.21211, 60.44214], [22.21531, 60.44502], [22.21572, 60.44711], [22.21747, 60.44759], [22.22066, 60.44624], [22.2189, 60.44541], [22.22182, 60.4456], [22.22328, 60.44481], [22.22331, 60.44416], [22.22178, 60.44473], [22.22037, 60.44426], [22.22561, 60.44104], [22.22578, 60.43835], [22.22798, 60.43838], [22.22849, 60.43742], [22.22447, 60.43584], [22.22202, 60.43593], [22.22405, 60.43686], [22.22034, 60.43644], [22.21888, 60.43539], [22.2196, 60.43401], [22.22197, 60.43355], [22.22927, 60.43422], [22.23459, 60.43638], [22.23526, 60.43593], [22.22688, 60.43296], [22.22478, 60.43282], [22.21657, 60.43463], [22.2194, 60.4362]]], [[[22.16197, 60.44653], [22.16713, 60.44718], [22.17183, 60.44713], [22.17339, 60.44556], [22.16396, 60.44415], [22.15971, 60.44476], [22.16197, 60.44653]]]]}}, {"type": "Feature", "properties": {"name": "exclusions-1489", "layer": "exclusions", "kind": "harbour"}, "geometry": {"type": "Polygon", "coordinates": [[[22.65344, 65.90205], [22.65344, 65.90093], [22.65105, 65.90093], [22.65105, 65.90205], [22.65344, 65.90205]]]}}, {"type": "Feature", "properties": {"name": "Norra Hamn", "layer": "exclusions", "kind": "harbour"}, "geometry": {"type": "Polygon", "coordinates": [[[21.49711, 65.31917], [21.49711, 65.31648], [21.49097, 65.31648], [21.49097, 65.31917], [21.49711, 65.31917]]]}}, {"type": "Feature", "properties": {"name": "Kokkolan syväsatama", "layer": "exclusions", "kind": "harbour"}, "geometry": {"type": "Polygon", "coordinates": [[[23.01949, 63.8666], [23.02346, 63.87073], [23.03575, 63.86798], [23.03469, 63.86611], [23.03895, 63.86478], [23.04204, 63.86264], [23.04227, 63.86102], [23.01949, 63.8666]]]}}, {"type": "Feature", "properties": {"name": "exclusions-1492", "layer": "exclusions", "kind": "harbour"}, "geometry": {"type": "Polygon", "coordinates": [[[21.86201, 60.13599], [21.86227, 60.13627], [21.86316, 60.13577], [21.86167, 60.13532], [21.86201, 60.13599]]]}}, {"type": "Feature", "properties": {"name": "Водно-моторный клуб «Охта»", "layer": "exclusions", "kind": "harbour"}, "geometry": {"type": "Polygon", "coordinates": [[[30.45312, 59.95785], [30.45312, 59.9554], [30.45187, 59.9554], [30.45187, 59.95785], [30.45312, 59.95785]]]}}, {"type": "Feature", "properties": {"name": "Pöyrynlahden veneranta", "layer": "exclusions", "kind": "harbour"}, "geometry": {"type": "Polygon", "coordinates": [[[27.5678, 62.91045], [27.56863, 62.91112], [27.56894, 62.91049], [27.5678, 62.91045]]]}}, {"type": "Feature", "properties": {"name": "exclusions-1495", "layer": "exclusions", "kind": "harbour"}, "geometry": {"type": "Polygon", "coordinates": [[[29.70618, 59.99664], [29.70618, 59.99451], [29.70243, 59.99451], [29.70243, 59.99664], [29.70618, 59.99664]]]}}, {"type": "Feature", "properties": {"name": "Paldiski Põhjasadam", "layer": "exclusions", "kind": "harbour"}, "geometry": {"type": "Polygon", "coordinates": [[[24.05899, 59.36667], [24.05899, 59.33986], [24.015, 59.33986], [24.015, 59.36667], [24.05899, 59.36667]]]}}, {"type": "Feature", "properties": {"name": "Varessäikkä", "layer": "exclusions", "kind": "harbour"}, "geometry": {"type": "Polygon", "coordinates": [[[24.81008, 64.89041], [24.81008, 64.88906], [24.80654, 64.88906], [24.80654, 64.89041], [24.81008, 64.89041]]]}}, {"type": "Feature", "properties": {"name": "Ulkosatama", "layer": "exclusions", "kind": "harbour"}, "geometry": {"type": "Polygon", "coordinates": [[[22.91125, 59.81347], [22.91272, 59.81219], [22.91139, 59.80933], [22.90836, 59.81016], [22.90553, 59.81235], [22.90357, 59.81191], [22.90478, 59.80981], [22.90378, 59.80935], [22.90253, 59.81128], [22.90071, 59.81099], [22.90073, 59.80845], [22.9004, 59.81106], [22.90225, 59.81187], [22.90295, 59.81468], [22.90016, 59.81497], [22.90232, 59.81702], [22.90477, 59.81763], [22.90869, 59.82113], [22.91226, 59.82148], [22.91159, 59.82243], [22.91561, 59.823], [22.91261, 59.82154], [22.91868, 59.82215], [22.91817, 59.82234], [22.91982, 59.82347], [22.91979, 59.82232], [22.91121, 59.81907], [22.91439, 59.81914], [22.90641, 59.81451], [22.90901, 59.81374], [22.91139, 59.81587], [22.91311, 59.81532], [22.91125, 59.81347]]]}}, {"type": "Feature", "properties": {"name": "exclusions-1499", "layer": "exclusions", "kind": "harbour"}, "geometry": {"type": "Polygon", "coordinates": [[[30.22638, 59.87462], [30.22638, 59.8678], [30.20975, 59.8678], [30.20975, 59.87462], [30.22638, 59.87462]]]}}, {"type": "Feature", "properties": {"name": "Vanasadam", "layer": "exclusions", "kind": "harbour"}, "geometry": {"type": "Polygon", "coordinates": [[[24.77108, 59.44592], [24.76977, 59.444], [24.77135, 59.44357], [24.77613, 59.44627], [24.78054, 59.44488], [24.77915, 59.44504], [24.77946, 59.44459], [24.7735, 59.44326], [24.77434, 59.44265], [24.77062, 59.44181], [24.76739, 59.44394], [24.7657, 59.44379], [24.77108, 59.44592]]]}}, {"type": "Feature", "properties": {"name": "Kantasatama", "layer": "exclusions", "kind": "harbour"}, "geometry": {"type": "Polygon", "coordinates": [[[26.95056, 60.47239], [26.95114, 60.4723], [26.95508, 60.47391], [26.95845, 60.47311], [26.95778, 60.47216], [26.95671, 60.4717], [26.95493, 60.47343], [26.95085, 60.47199], [26.95056, 60.47239]]]}}, {"type": "Feature", "properties": {"name": "Upinniemen sotasatama", "layer": "exclusions", "kind": "harbour"}, "geometry": {"type": "Polygon", "coordinates": [[[24.36556, 60.03716], [24.36556, 60.03075], [24.34988, 60.03075], [24.34988, 60.03716], [24.36556, 60.03716]]]}}, {"type": "Feature", "properties": {"name": "Kasnäs gästhamn", "layer": "exclusions", "kind": "harbour"}, "geometry": {"type": "MultiPolygon", "coordinates": [[[[22.40868, 59.91879], [22.40688, 59.91906], [22.40894, 59.91951], [22.40868, 59.91879]]], [[[22.40951, 59.92082], [22.41101, 59.921], [22.41159, 59.92012], [22.40951, 59.92082]]], [[[22.40915, 59.92019], [22.40935, 59.92019], [22.4086, 59.9196], [22.40915, 59.92019]]]]}}, {"type": "Feature", "properties": {"name": "Kasnäsin tankkauslaituri", "layer": "exclusions", "kind": "harbour"}, "geometry": {"type": "MultiPolygon", "coordinates": [[[[22.41033, 59.92092], [22.40951, 59.92082], [22.40947, 59.92099], [22.41033, 59.92092]]], [[[22.41062, 59.91972], [22.40964, 59.9196], [22.40935, 59.92019], [22.41062, 59.91972]]]]}}, {"type": "Feature", "properties": {"name": "Sorpo", "layer": "exclusions", "kind": "harbour"}, "geometry": {"type": "Polygon", "coordinates": [[[22.28276, 60.15141], [22.28276, 60.1505], [22.27899, 60.1505], [22.27899, 60.15141], [22.28276, 60.15141]]]}}, {"type": "Feature", "properties": {"name": "Яхт-клуб «Балтийский берег»", "layer": "exclusions", "kind": "harbour"}, "geometry": {"type": "Polygon", "coordinates": [[[30.11708, 59.86302], [30.11708, 59.85834], [30.11044, 59.85834], [30.11044, 59.86302], [30.11708, 59.86302]]]}}, {"type": "Feature", "properties": {"name": "Jokipellontien venevalkama", "layer": "exclusions", "kind": "harbour"}, "geometry": {"type": "MultiPolygon", "coordinates": [[[[27.87993, 62.33643], [27.87987, 62.33639], [27.87922, 62.33656], [27.87993, 62.33643]]], [[[27.88012, 62.33702], [27.87929, 62.33676], [27.8789, 62.33703], [27.88012, 62.33702]]]]}}, {"type": "Feature", "properties": {"name": "Ruissalon telakka", "layer": "exclusions", "kind": "harbour"}, "geometry": {"type": "Polygon", "coordinates": [[[22.20661, 60.43653], [22.20563, 60.43482], [22.20419, 60.43527], [22.20661, 60.43653]]]}}, {"type": "Feature", "properties": {"name": "Oulun satama", "layer": "exclusions", "kind": "harbour"}, "geometry": {"type": "Polygon", "coordinates": [[[25.42877, 65.00945], [25.42877, 64.98848], [25.38031, 64.98848], [25.38031, 65.00945], [25.42877, 65.00945]]]}}, {"type": "Feature", "properties": {"name": "exclusions-1510", "layer": "exclusions", "kind": "harbour"}, "geometry": {"type": "Polygon", "coordinates": [[[21.49538, 62.9701], [21.49538, 62.96557], [21.48431, 62.96557], [21.48431, 62.9701], [21.49538, 62.9701]]]}}, {"type": "Feature", "properties": {"name": "exclusions-1511", "layer": "exclusions", "kind": "harbour"}, "geometry": {"type": "Polygon", "coordinates": [[[30.94396, 59.83122], [30.94396, 59.8289], [30.94243, 59.8289], [30.94243, 59.83122], [30.94396, 59.83122]]]}}]}