{"type": "FeatureCollection", "features": [{"type": "Feature", "properties": {"name": "pipelines-1", "layer": "pipelines"}, "geometry": {"type": "LineString", "coordinates": [[25.01292, 60.19078], [25.00106, 60.19293], [24.98448, 60.19239]]}}, {"type": "Feature", "properties": {"name": "pipelines-2", "layer": "pipelines"}, "geometry": {"type": "LineString", "coordinates": [[27.11348, 60.53488], [27.11314, 60.5359]]}}, {"type": "Feature", "properties": {"name": "pipelines-3", "layer": "pipelines"}, "geometry": {"type": "LineString", "coordinates": [[24.90967, 60.18305], [24.90737, 60.18311], [24.90752, 60.1819]]}}, {"type": "Feature", "properties": {"name": "pipelines-4", "layer": "pipelines"}, "geometry": {"type": "LineString", "coordinates": [[21.77164, 61.49563], [21.77123, 61.49552]]}}, {"type": "Feature", "properties": {"name": "pipelines-5", "layer": "pipelines"}, "geometry": {"type": "LineString", "coordinates": [[21.7692, 61.49465], [21.76821, 61.49457]]}}, {"type": "Feature", "properties": {"name": "pipelines-6", "layer": "pipelines"}, "geometry": {"type": "LineString", "coordinates": [[23.5558, 60.09313], [23.55543, 60.0925]]}}, {"type": "Feature", "properties": {"name": "pipelines-7", "layer": "pipelines"}, "geometry": {"type": "LineString", "coordinates": [[25.18778, 60.20806], [25.17559, 60.20773]]}}, {"type": "Feature", "properties": {"name": "pipelines-8", "layer": "pipelines"}, "geometry": {"type": "LineString", "coordinates": [[25.19192, 60.20835], [25.18822, 60.20809]]}}, {"type": "Feature", "properties": {"name": "pipelines-9", "layer": "pipelines"}, "geometry": {"type": "LineString", "coordinates": [[25.19654, 60.23471], [25.20066, 60.2323], [25.19807, 60.22771], [25.19734, 60.22181]]}}, {"type": "Feature", "properties": {"name": "pipelines-10", "layer": "pipelines"}, "geometry": {"type": "LineString", "coordinates": [[25.20064, 60.1935], [25.18771, 60.19965]]}}, {"type": "Feature", "properties": {"name": "pipelines-11", "layer": "pipelines"}, "geometry": {"type": "LineString", "coordinates": [[22.91086, 59.80865], [22.91047, 59.80785], [22.9127, 59.80767]]}}, {"type": "Feature", "properties": {"name": "pipelines-12", "layer": "pipelines"}, "geometry": {"type": "LineString", "coordinates": [[25.61759, 60.3359], [25.62281, 60.33494], [25.62812, 60.33251], [25.63582, 60.33185], [25.63889, 60.33065], [25.63855, 60.32926]]}}, {"type": "Feature", "properties": {"name": "pipelines-13", "layer": "pipelines"}, "geometry": {"type": "LineString", "coordinates": [[25.77306, 60.29697], [25.78944, 60.2976]]}}, {"type": "Feature", "properties": {"name": "pipelines-14", "layer": "pipelines"}, "geometry": {"type": "LineString", "coordinates": [[22.0141, 63.31835], [22.01842, 63.32049]]}}, {"type": "Feature", "properties": {"name": "pipelines-15", "layer": "pipelines"}, "geometry": {"type": "LineString", "coordinates": [[22.02494, 63.31287], [22.02762, 63.3136]]}}, {"type": "Feature", "properties": {"name": "NORD STREAM 1", "layer": "pipelines"}, "geometry": {"type": "MultiLineString", "coordinates": [[[18.00045, 56.21058], [17.90139, 56.17636], [17.85248, 56.163], [17.8019, 56.14181], [17.47925, 56.02883], [17.44601, 56.01575], [17.34116, 55.98001], [17.23405, 55.94196], [17.17488, 55.92303], [17.11057, 55.89786], [16.47383, 55.66713], [16.45836, 55.6636], [15.72822, 55.54293], [15.71436, 55.53959], [15.70186, 55.53482], [15.45309, 55.40098], [15.44422, 55.39506], [15.4367, 55.38766], [15.43148, 55.37882], [15.36715, 55.21508], [15.23308, 54.94965], [15.22664, 54.94097], [15.21719, 54.93326], [15.20839, 54.92831], [15.19716, 54.92383], [15.14767, 54.91051], [15.04191, 54.88545], [14.81743, 54.83002], [14.79978, 54.82393], [14.78718, 54.81664], [14.51503, 54.61685], [14.50653, 54.61169], [14.49559, 54.60695], [14.48464, 54.60371], [14.2883, 54.5562], [14.21419, 54.54052], [14.19587, 54.53894], [14.11976, 54.54092], [14.102, 54.53827], [14.08554, 54.5323], [14.07606, 54.52627], [14.05882, 54.51082], [14.03358, 54.49445], [13.94932, 54.42638], [13.87751, 54.36372], [13.86107, 54.35094], [13.8356, 54.3337], [13.74286, 54.26111], [13.71696, 54.24305], [13.7108, 54.23489], [13.7095, 54.22407], [13.70898, 54.22215], [13.70819, 54.22025], [13.70711, 54.21841], [13.70577, 54.21662], [13.70382, 54.21458], [13.70192, 54.21298], [13.69934, 54.21119], [13.69596, 54.20932], [13.69276, 54.20792], [13.68874, 54.20654], [13.6851, 54.20559], [13.6536, 54.19851], [13.64823, 54.19695], [13.64136, 54.19386], [13.63586, 54.18995], [13.63223, 54.18577], [13.63006, 54.18086], [13.62982, 54.17579], [13.63134, 54.17119], [13.63817, 54.16364], [13.65433, 54.15423]], [[23.9998, 59.65754], [23.81283, 59.63249], [23.73304, 59.62574], [23.57125, 59.60231], [23.56137, 59.60031], [23.51741, 59.58824], [23.50744, 59.58632], [23.42953, 59.5782], [23.38794, 59.57577], [23.34831, 59.57091], [23.15143, 59.54185], [23.11658, 59.53294], [23.08193, 59.52924], [23.00736, 59.51527], [22.70745, 59.47488], [22.65196, 59.47059], [22.60592, 59.4624], [22.54217, 59.45843], [22.52827, 59.45687], [22.51212, 59.45342], [22.44379, 59.43255], [22.43024, 59.42944], [22.41274, 59.42772], [22.3751, 59.42853], [22.35745, 59.42702], [22.34811, 59.42533], [22.28874, 59.40997], [22.27775, 59.40777], [22.26326, 59.40638], [22.21221, 59.40531], [22.20086, 59.40445], [22.1042, 59.38731], [22.01683, 59.37587], [22.00094, 59.37159], [21.97426, 59.35894], [21.95706, 59.35433], [21.90444, 59.34751], [21.85243, 59.33891], [21.82309, 59.33258], [21.78219, 59.3276], [21.77023, 59.32508], [21.75124, 59.31924], [21.73914, 59.31645], [21.65712, 59.30402], [21.59922, 59.29324], [21.57404, 59.28979], [21.55196, 59.28852], [21.54065, 59.28706], [21.50727, 59.27833], [21.41207, 59.2575], [21.37068, 59.25213], [21.33332, 59.24309], [21.29403, 59.23829], [21.22528, 59.22489], [21.20602, 59.22319], [21.1612, 59.22499], [21.14298, 59.22346], [21.12823, 59.21932], [21.09768, 59.2055], [21.08732, 59.19942], [21.07951, 59.19183], [21.07604, 59.1855], [21.06962, 59.16481], [21.06391, 59.15348], [21.05817, 59.14652], [21.04907, 59.13995], [21.01441, 59.12259], [20.98824, 59.11225], [20.90535, 59.06801], [20.85864, 59.04444], [20.83578, 59.03498], [20.82738, 59.02951], [20.80437, 59.00961], [20.79177, 59.00213], [20.75534, 58.98767], [20.6832, 58.95264], [20.65331, 58.93944], [20.60288, 58.92028], [20.53718, 58.89677], [20.52308, 58.8904], [20.5056, 58.87952], [20.48122, 58.86191], [20.47357, 58.85471], [20.4633, 58.84254], [20.45441, 58.83485], [20.41472, 58.81006], [20.38947, 58.79151], [20.38061, 58.78339], [20.3579, 58.75802], [20.34914, 58.74514], [20.34512, 58.73526], [20.3414, 58.71524], [20.33467, 58.70268], [20.32271, 58.69045], [20.29556, 58.6727], [20.28325, 58.66143], [20.22281, 58.57278], [20.21947, 58.56588], [20.20529, 58.51998], [20.16577, 58.45779], [20.15981, 58.45151], [20.15164, 58.44596], [20.1163, 58.43026], [20.10732, 58.42551], [20.0987, 58.41915], [20.09268, 58.41263], [20.03868, 58.33926], [20.03545, 58.33235], [20.03297, 58.32029], [20.02899, 58.31284], [20.00495, 58.28844], [19.99895, 58.28082], [19.96269, 58.21505], [19.77545, 57.92961], [19.76798, 57.92083], [19.73644, 57.89148], [19.65635, 57.79679], [19.65179, 57.78899], [19.62608, 57.73196], [19.55028, 57.6374], [19.48476, 57.52014], [19.47318, 57.50944], [19.45218, 57.49779], [19.44254, 57.49127], [19.43448, 57.48416], [19.42812, 57.47656], [19.4113, 57.44177], [18.98338, 56.80946], [18.97901, 56.80092], [18.97157, 56.77832], [18.95182, 56.75082], [18.9259, 56.70784], [18.91834, 56.69112], [18.89485, 56.65697], [18.87846, 56.64275], [18.87352, 56.63696], [18.86474, 56.62041], [18.85945, 56.60393], [18.82542, 56.55133], [18.81238, 56.53423], [18.80603, 56.52796], [18.78345, 56.51295], [18.7563, 56.49666], [18.57671, 56.3454], [18.5639, 56.33901], [18.54937, 56.33488], [18.12122, 56.252], [18.10826, 56.24872], [17.90178, 56.17753], [17.85164, 56.16377], [17.80099, 56.14255], [17.47835, 56.02957], [17.44513, 56.0165], [17.34031, 55.98077], [17.23323, 55.94273], [17.17403, 55.92379], [17.10968, 55.89861], [16.47105, 55.66727], [16.45679, 55.6641], [15.72603, 55.54346], [15.71333, 55.54047], [15.70064, 55.5358], [15.44272, 55.39657], [15.43381, 55.3906], [15.42629, 55.38312], [15.42083, 55.37343], [15.36551, 55.2153], [15.23144, 54.9522], [15.22498, 54.94355], [15.21553, 54.93586], [15.2035, 54.92947], [15.18943, 54.92467], [14.96604, 54.86802], [14.81436, 54.83076], [14.79832, 54.82519], [14.78504, 54.81757], [14.51381, 54.61757], [14.5053, 54.61239], [14.49432, 54.60763], [14.48333, 54.60436], [14.28774, 54.55703], [14.21396, 54.54143], [14.19564, 54.53985], [14.119, 54.54185], [14.10125, 54.5392], [14.0848, 54.53323], [14.07532, 54.52722], [14.05857, 54.51225], [14.03141, 54.49455], [13.94626, 54.42508], [13.88688, 54.37383], [13.84838, 54.34313], [13.83579, 54.33395], [13.74279, 54.26114], [13.7165, 54.24276], [13.71071, 54.23491], [13.7081, 54.22027], [13.70185, 54.21301], [13.6959, 54.20936], [13.6887, 54.20658], [13.65356, 54.19856], [13.64818, 54.19699], [13.6413, 54.1939], [13.63578, 54.18998], [13.63214, 54.18579], [13.62996, 54.18087], [13.62973, 54.17579], [13.63125, 54.17118], [13.6381, 54.1636], [13.65426, 54.15419]], [[28.07421, 60.52753], [28.08684, 60.50443], [28.08688, 60.49393], [28.08389, 60.48425], [28.08001, 60.47843], [28.07311, 60.47254], [28.04108, 60.45601], [28.0323, 60.44874], [28.0289, 60.44236], [28.02242, 60.41053], [28.01855, 60.40377], [28.01187, 60.39811], [27.99372, 60.38775], [27.98444, 60.37628], [27.97873, 60.3715], [27.92896, 60.34504], [27.86769, 60.30436], [27.85949, 60.29443], [27.84776, 60.26475], [27.83355, 60.25122], [27.8243, 60.24601], [27.81211, 60.24145], [27.76126, 60.22948], [27.73503, 60.22164], [27.72518, 60.21663], [27.7072, 60.20327], [27.69545, 60.19803], [27.59494, 60.17064], [27.52926, 60.15158], [27.51529, 60.14822], [27.4963, 60.1452], [27.47659, 60.14371], [27.39445, 60.14421], [27.28846, 60.13546], [27.24385, 60.13554], [27.1973, 60.14041], [27.18327, 60.14111], [27.16764, 60.1406], [27.13294, 60.13712], [27.06634, 60.13535], [27.05486, 60.13587], [27.02707, 60.13911], [27.01353, 60.13972], [27.00234, 60.13918], [26.93416, 60.12721], [26.90086, 60.11691], [26.87356, 60.1122], [26.83528, 60.10179], [26.80227, 60.09728], [26.76871, 60.09542], [26.75628, 60.09358], [26.66049, 60.06533], [26.64944, 60.06393], [26.56093, 60.05835], [26.54904, 60.05667], [26.50337, 60.04634], [26.46802, 60.02953], [26.45954, 60.02669], [26.45014, 60.02469], [26.43292, 60.02255], [26.33704, 60.01496], [26.31628, 60.01164], [26.30535, 60.01077], [26.27157, 60.0121], [26.23327, 60.01847], [26.22104, 60.01866], [26.20904, 60.01747], [26.19708, 60.01471], [26.17897, 60.00739], [26.1614, 60.0025], [26.15153, 60.00063], [26.12946, 59.99817], [26.11465, 59.99404], [26.07906, 59.97641], [26.05129, 59.96889], [26.03936, 59.96369], [26.02991, 59.95568], [26.02206, 59.94028], [26.01632, 59.93543], [26.00938, 59.9316], [25.99616, 59.92717], [25.97303, 59.92331], [25.95458, 59.9184], [25.94506, 59.91471], [25.92673, 59.90464], [25.91553, 59.90131], [25.9052, 59.89957], [25.8959, 59.89913], [25.8631, 59.9001], [25.81464, 59.89999], [25.80031, 59.89785], [25.76272, 59.88814], [25.73523, 59.88608], [25.71715, 59.88638], [25.70645, 59.88745], [25.68188, 59.89155], [25.65837, 59.89753], [25.64945, 59.8991], [25.62635, 59.89996], [25.6058, 59.90172], [25.57175, 59.902], [25.45664, 59.89846], [25.44329, 59.89718], [25.39933, 59.89084], [25.38642, 59.89014], [25.34161, 59.89373], [25.30238, 59.89273], [25.28844, 59.89308], [25.27478, 59.89452], [25.25471, 59.89792], [25.23953, 59.89918], [25.18516, 59.89992], [25.14986, 59.89891], [25.09572, 59.90477], [25.05232, 59.90568], [25.03783, 59.9046], [24.99834, 59.89721], [24.96253, 59.885], [24.92049, 59.87375], [24.82165, 59.85515], [24.79445, 59.85315], [24.78557, 59.85193], [24.72843, 59.83808], [24.71544, 59.83689], [24.68428, 59.83667], [24.67, 59.83462], [24.64479, 59.82614], [24.62478, 59.81307], [24.59499, 59.80024], [24.58466, 59.79671], [24.55143, 59.78772], [24.53158, 59.78393], [24.50517, 59.78301], [24.49125, 59.78154], [24.43954, 59.77101], [24.38473, 59.75333], [24.35433, 59.74856], [24.32795, 59.74204], [24.3049, 59.73518], [24.25962, 59.71747], [24.20851, 59.70119], [24.16754, 59.69127], [24.12934, 59.68693], [24.10764, 59.68237], [24.08518, 59.6803], [24.07187, 59.67818], [24.05675, 59.67419], [24.02472, 59.6625], [24.01343, 59.65972], [23.9998, 59.65754]], [[28.07455, 60.52758], [28.08852, 60.50258], [28.08863, 60.49666], [28.08502, 60.48519], [28.08113, 60.47869], [28.07529, 60.47332], [28.04238, 60.45596], [28.03326, 60.44783], [28.03031, 60.43818], [28.03482, 60.41579], [28.03351, 60.41072], [28.03029, 60.40585], [28.02183, 60.39916], [27.9961, 60.38623], [27.98282, 60.37197], [27.97685, 60.36728], [27.94587, 60.3521], [27.86602, 60.29299], [27.85623, 60.28216], [27.84802, 60.26286], [27.83384, 60.25034], [27.82462, 60.24526], [27.81364, 60.24114], [27.75455, 60.22627], [27.74578, 60.22341], [27.73482, 60.21749], [27.7212, 60.20556], [27.70782, 60.1995], [27.59732, 60.17054], [27.52883, 60.1503], [27.50668, 60.14554], [27.48964, 60.14345], [27.47218, 60.14255], [27.39784, 60.14376], [27.29391, 60.13502], [27.2394, 60.13499], [27.1931, 60.13974], [27.17255, 60.14008], [27.13669, 60.13673], [27.09618, 60.13529], [27.06378, 60.12884], [27.03354, 60.12608], [27.02151, 60.1264], [26.99186, 60.12936], [26.9564, 60.12959], [26.94356, 60.1285], [26.93098, 60.12557], [26.87307, 60.10604], [26.80313, 60.09651], [26.76978, 60.0949], [26.75797, 60.09335], [26.66067, 60.06484], [26.64979, 60.06344], [26.57452, 60.0585], [26.5618, 60.0566], [26.55116, 60.0535], [26.53181, 60.04547], [26.51321, 60.03586], [26.49151, 60.02973], [26.43612, 60.02237], [26.36329, 60.01638], [26.32937, 60.00985], [26.28305, 60.00318], [26.23941, 59.99367], [26.18817, 59.98898], [26.15469, 59.98941], [26.13762, 59.98784], [26.12894, 59.98631], [26.08999, 59.9748], [26.06181, 59.9705], [26.04818, 59.9665], [26.04025, 59.96255], [26.03411, 59.95787], [26.03005, 59.95266], [26.02453, 59.94078], [26.01917, 59.93582], [26.01255, 59.93186], [25.99802, 59.92674], [25.97009, 59.92203], [25.95214, 59.9172], [25.94137, 59.91207], [25.92682, 59.90065], [25.91966, 59.89647], [25.90311, 59.88972], [25.88566, 59.88633], [25.84939, 59.8861], [25.78902, 59.89096], [25.77692, 59.89019], [25.75878, 59.88692], [25.73822, 59.88472], [25.72613, 59.88479], [25.67655, 59.8881], [25.63847, 59.88582], [25.55357, 59.88444], [25.53546, 59.88636], [25.49601, 59.89577], [25.47432, 59.898], [25.4588, 59.89798], [25.44658, 59.89715], [25.39165, 59.8897], [25.38061, 59.88981], [25.33717, 59.89299], [25.29901, 59.89054], [25.28626, 59.89152], [25.25849, 59.89678], [25.24416, 59.89827], [25.18518, 59.89931], [25.14915, 59.89838], [25.09653, 59.90406], [25.06082, 59.90483], [25.04682, 59.9038], [24.99814, 59.89583], [24.96095, 59.88377], [24.92508, 59.87405], [24.82095, 59.85457], [24.81108, 59.8535], [24.79551, 59.85298], [24.78549, 59.85169], [24.75077, 59.84178], [24.7219, 59.83651], [24.6995, 59.83043], [24.66783, 59.81829], [24.64659, 59.81348], [24.62079, 59.80574], [24.6009, 59.79594], [24.58555, 59.79059], [24.57225, 59.78456], [24.5617, 59.78149], [24.54726, 59.77948], [24.47477, 59.77618], [24.46111, 59.77404], [24.43023, 59.76714], [24.41892, 59.76325], [24.40076, 59.75309], [24.39038, 59.74908], [24.37748, 59.74634], [24.35188, 59.74358], [24.30594, 59.73274], [24.27206, 59.71985], [24.21325, 59.70119], [24.1936, 59.69579], [24.15968, 59.68833], [24.13744, 59.67779], [24.12123, 59.67344], [24.06143, 59.66925], [24.01448, 59.6586], [23.81419, 59.63174], [23.73145, 59.62459], [23.56802, 59.60101], [23.49598, 59.58268], [23.45395, 59.57874], [23.43236, 59.57531], [23.40434, 59.56922], [23.34174, 59.56514], [23.16382, 59.54045], [23.1528, 59.53839], [23.12282, 59.53062], [23.11027, 59.52832], [22.71315, 59.4743], [22.65342, 59.4699], [22.60323, 59.46162], [22.54156, 59.4576], [22.52878, 59.45612], [22.51267, 59.45269], [22.44287, 59.43164], [22.43115, 59.42887], [22.41468, 59.42697], [22.38513, 59.4271], [22.36055, 59.42501], [22.3247, 59.41849], [22.2901, 59.40915], [22.27922, 59.40691], [22.26679, 59.40556], [22.2338, 59.40439], [22.22214, 59.40324], [22.12935, 59.38763], [22.09629, 59.37873], [22.06303, 59.37618], [22.03228, 59.37189], [22.0004, 59.36499], [21.97762, 59.35626], [21.96379, 59.35258], [21.95257, 59.3509], [21.91813, 59.34773], [21.88101, 59.34161], [21.85941, 59.33708], [21.83956, 59.33419], [21.80119, 59.32477], [21.76861, 59.32048], [21.60152, 59.29013], [21.55222, 59.27749], [21.53683, 59.27572], [21.50395, 59.27529], [21.48972, 59.27395], [21.40937, 59.25644], [21.36805, 59.25098], [21.32976, 59.24125], [21.29339, 59.23722], [21.21115, 59.22186], [21.19959, 59.2209], [21.1679, 59.22028], [21.13457, 59.2167], [21.1209, 59.21386], [21.10796, 59.2093], [21.09674, 59.20296], [21.08611, 59.19363], [21.0825, 59.1868], [21.08148, 59.17452], [21.07866, 59.16733], [21.0657, 59.1501], [21.05573, 59.14212], [20.83893, 59.03323], [20.82641, 59.02543], [20.80445, 59.00801], [20.7935, 59.00176], [20.75265, 58.98569], [20.62602, 58.92445], [20.6135, 58.91976], [20.54629, 58.89798], [20.52449, 58.88829], [20.4862, 58.8621], [20.45634, 58.83454], [20.41637, 58.80889], [20.37762, 58.77067], [20.35923, 58.75445], [20.34862, 58.73871], [20.34287, 58.71479], [20.33606, 58.70224], [20.32474, 58.69061], [20.30147, 58.67482], [20.29064, 58.66479], [20.28106, 58.65198], [20.26856, 58.63797], [20.22523, 58.57348], [20.22037, 58.56355], [20.20697, 58.51979], [20.1672, 58.45729], [20.16051, 58.45022], [20.15085, 58.44345], [20.11509, 58.42718], [20.10617, 58.42227], [20.09876, 58.4167], [20.09264, 58.41009], [20.0405, 58.33924], [20.03707, 58.3316], [20.03485, 58.318], [20.03078, 58.30997], [20.02503, 58.30343], [20.00751, 58.28802], [20.00032, 58.27929], [19.96483, 58.21432], [19.77705, 57.92926], [19.76952, 57.92046], [19.73705, 57.89028], [19.65707, 57.79398], [19.65255, 57.78642], [19.6255, 57.72816], [19.55284, 57.63877], [19.48735, 57.52117], [19.48274, 57.51559], [19.47616, 57.50995], [19.45629, 57.4984], [19.44693, 57.49182], [19.43973, 57.48529], [19.43349, 57.47772], [19.42874, 57.46912], [19.42156, 57.4476], [19.41674, 57.4386], [18.98667, 56.81163], [18.98109, 56.79892], [18.97784, 56.77802], [18.97238, 56.76665], [18.92842, 56.70857], [18.9199, 56.69086], [18.89919, 56.66048], [18.87923, 56.63965], [18.86604, 56.61094], [18.82645, 56.55011], [18.81079, 56.53081], [18.80127, 56.52306], [18.76005, 56.49795], [18.58214, 56.34785], [18.57469, 56.34278], [18.5657, 56.33854], [18.54958, 56.33397], [18.11811, 56.25038], [18.10719, 56.24733], [18.00045, 56.21058]]]}}, {"type": "Feature", "properties": {"name": "NORD STREAM 2", "layer": "pipelines"}, "geometry": {"type": "LineString", "coordinates": [[28.14228, 60.52449], [28.08943, 60.3893], [28.00042, 60.33269], [27.88259, 60.223], [27.51118, 60.10594], [26.75407, 60.06941], [25.89021, 59.84956], [24.95805, 59.83262], [23.91754, 59.5904], [21.22883, 59.17346], [20.59944, 58.83318], [20.4212, 58.73808], [20.22017, 58.42255], [18.9172, 56.585], [18.63134, 56.31519], [18.09942, 56.18139], [16.39891, 55.6014], [15.77566, 55.50692], [15.51506, 55.38734], [15.28232, 54.90766], [14.85697, 54.79483], [14.55184, 54.5663], [14.23373, 54.51931], [14.11858, 54.49406], [13.72166, 54.23547], [13.71325, 54.20954], [13.63156, 54.18467], [13.66381, 54.15716]]}}, {"type": "Feature", "properties": {"name": "pipelines-18", "layer": "pipelines"}, "geometry": {"type": "LineString", "coordinates": [[10.25875, 55.08596], [10.25908, 55.0863]]}}, {"type": "Feature", "properties": {"name": "pipelines-19", "layer": "pipelines"}, "geometry": {"type": "LineString", "coordinates": [[9.88451, 54.88986], [9.86946, 54.89966]]}}, {"type": "Feature", "properties": {"name": "pipelines-20", "layer": "pipelines"}, "geometry": {"type": "LineString", "coordinates": [[9.88613, 54.86744], [9.88632, 54.86768]]}}, {"type": "Feature", "properties": {"name": "pipelines-21", "layer": "pipelines"}, "geometry": {"type": "LineString", "coordinates": [[9.73884, 55.50619], [9.74, 55.50726]]}}, {"type": "Feature", "properties": {"name": "pipelines-22", "layer": "pipelines"}, "geometry": {"type": "MultiLineString", "coordinates": [[[18.86417, 54.35014], [18.87028, 54.37155]], [[18.87028, 54.37155], [18.86667, 54.37194]], [[18.87028, 54.37155], [18.87083, 54.37347]]]}}, {"type": "Feature", "properties": {"name": "pipelines-23", "layer": "pipelines"}, "geometry": {"type": "LineString", "coordinates": [[18.5875, 54.4375], [18.58311, 54.43557]]}}, {"type": "Feature", "properties": {"name": "pipelines-24", "layer": "pipelines"}, "geometry": {"type": "LineString", "coordinates": [[18.57722, 54.44667], [18.5729, 54.44526]]}}, {"type": "Feature", "properties": {"name": "pipelines-25", "layer": "pipelines"}, "geometry": {"type": "LineString", "coordinates": [[18.57028, 54.45417], [18.56554, 54.45311]]}}, {"type": "Feature", "properties": {"name": "pipelines-26", "layer": "pipelines"}, "geometry": {"type": "LineString", "coordinates": [[18.51117, 54.61183], [18.55017, 54.61583]]}}, {"type": "Feature", "properties": {"name": "pipelines-27", "layer": "pipelines"}, "geometry": {"type": "LineString", "coordinates": [[18.51261, 54.6131], [18.54617, 54.619]]}}, {"type": "Feature", "properties": {"name": "pipelines-28", "layer": "pipelines"}, "geometry": {"type": "LineString", "coordinates": [[18.54617, 54.619], [18.54467, 54.619]]}}, {"type": "Feature", "properties": {"name": "pipelines-29", "layer": "pipelines"}, "geometry": {"type": "LineString", "coordinates": [[18.54617, 54.619], [18.54533, 54.61967]]}}, {"type": "Feature", "properties": {"name": "pipelines-30", "layer": "pipelines"}, "geometry": {"type": "LineString", "coordinates": [[18.54617, 54.619], [18.54617, 54.61983]]}}, {"type": "Feature", "properties": {"name": "pipelines-31", "layer": "pipelines"}, "geometry": {"type": "LineString", "coordinates": [[18.54617, 54.619], [18.5475, 54.6195]]}}, {"type": "Feature", "properties": {"name": "pipelines-32", "layer": "pipelines"}, "geometry": {"type": "LineString", "coordinates": [[18.54617, 54.619], [18.54767, 54.61883]]}}, {"type": "Feature", "properties": {"name": "pipelines-33", "layer": "pipelines"}, "geometry": {"type": "LineString", "coordinates": [[18.54617, 54.619], [18.547, 54.61817]]}}, {"type": "Feature", "properties": {"name": "pipelines-34", "layer": "pipelines"}, "geometry": {"type": "LineString", "coordinates": [[18.54617, 54.619], [18.546, 54.618]]}}, {"type": "Feature", "properties": {"name": "pipelines-35", "layer": "pipelines"}, "geometry": {"type": "LineString", "coordinates": [[18.54617, 54.619], [18.54483, 54.6185]]}}, {"type": "Feature", "properties": {"name": "pipelines-36", "layer": "pipelines"}, "geometry": {"type": "LineString", "coordinates": [[18.42808, 54.79254], [18.44624, 54.79442]]}}, {"type": "Feature", "properties": {"name": "pipelines-37", "layer": "pipelines"}, "geometry": {"type": "LineString", "coordinates": [[18.70572, 54.39335], [18.70655, 54.39348]]}}, {"type": "Feature", "properties": {"name": "pipelines-38", "layer": "pipelines"}, "geometry": {"type": "LineString", "coordinates": [[25.11288, 60.19418], [25.11174, 60.19354], [25.10727, 60.19498]]}}, {"type": "Feature", "properties": {"name": "NORD STREAM 2 PIPELINE Line A", "layer": "pipelines"}, "geometry": {"type": "LineString", "coordinates": [[20.45301, 58.89688], [20.43384, 58.88778], [20.42057, 58.87836], [20.32505, 58.78266], [20.26263, 58.71657], [20.24298, 58.69864], [20.22333, 58.66988], [20.19669, 58.63972], [20.18963, 58.62959], [20.15805, 58.59171], [20.11947, 58.55984], [20.10959, 58.54743], [20.09592, 58.50857], [20.09531, 58.49871], [20.09881, 58.48902], [20.13503, 58.43382], [20.1379, 58.42772], [20.13922, 58.41968], [20.13844, 58.37657], [20.13714, 58.36852], [20.10561, 58.2885], [20.07772, 58.23946], [19.9691, 58.00295], [19.9625, 57.99088], [19.95678, 57.97592], [19.95117, 57.96651], [19.72807, 57.72675], [19.72297, 57.71915], [19.71661, 57.70244], [19.71036, 57.69413], [19.66995, 57.65073], [19.62569, 57.61474], [19.61553, 57.60444], [18.98469, 56.75474], [18.97829, 56.74746], [18.95098, 56.72191], [18.94487, 56.71456], [18.90182, 56.65149], [18.88975, 56.63676], [18.87789, 56.60971], [18.85532, 56.57505], [18.84179, 56.55774], [18.83672, 56.54458], [18.83252, 56.53779], [18.82067, 56.52711], [18.77785, 56.50011], [18.59256, 56.34619], [18.58397, 56.34082], [18.57409, 56.3362], [18.56455, 56.33283], [18.55279, 56.32985], [18.12422, 56.24689], [18.11251, 56.24387], [17.90559, 56.17252], [17.85654, 56.159], [17.80631, 56.13803], [17.50128, 56.0313], [17.48994, 56.02631], [17.45557, 56.00746], [17.44405, 56.00261], [17.343, 55.97534], [16.47245, 55.66125], [16.39532, 55.64216], [16.05251, 55.58543], [15.79375, 55.54272], [15.76739, 55.53968], [15.7557, 55.53693], [15.7444, 55.53256]]}}, {"type": "Feature", "properties": {"name": "NORD STREAM 2 PIPELINE Line B", "layer": "pipelines"}, "geometry": {"type": "LineString", "coordinates": [[20.45332, 58.89634], [20.43306, 58.88653], [20.41937, 58.87618], [20.2699, 58.7242], [20.15972, 58.59247], [20.15231, 58.58538], [20.12051, 58.55976], [20.11051, 58.54738], [20.09678, 58.50852], [20.09618, 58.49866], [20.09959, 58.48896], [20.13584, 58.43376], [20.13902, 58.42678], [20.14017, 58.42053], [20.13988, 58.39987], [20.13809, 58.36847], [20.10657, 58.28845], [20.0782, 58.23855], [20.05687, 58.1923], [20.05327, 58.18169], [20.04693, 58.17052], [19.95737, 57.975], [19.95219, 57.96646], [19.72902, 57.72671], [19.72351, 57.71824], [19.71836, 57.70232], [19.71248, 57.69392], [19.7025, 57.68455], [19.67111, 57.65079], [19.62584, 57.61408], [19.61652, 57.60454], [19.50016, 57.44966], [18.98395, 56.75234], [18.97771, 56.74503], [18.94723, 56.71531], [18.90413, 56.65226], [18.89066, 56.63591], [18.87911, 56.60882], [18.85386, 56.57088], [18.84276, 56.5569], [18.83774, 56.54374], [18.83346, 56.53696], [18.82258, 56.52698], [18.77483, 56.49639], [18.59315, 56.34546], [18.58569, 56.34073], [18.57592, 56.33603], [18.56645, 56.33259], [18.55476, 56.32952], [18.1338, 56.24805], [18.11301, 56.2432], [17.90743, 56.17235], [17.85702, 56.15836], [17.80675, 56.13741], [17.50177, 56.03065], [17.49041, 56.02567], [17.45606, 56.00681], [17.44585, 56.00248], [17.34346, 55.97472], [16.47291, 55.66064], [16.39723, 55.64194], [15.79413, 55.54227], [15.76775, 55.53927], [15.75606, 55.53653], [15.74525, 55.53237]]}}, {"type": "Feature", "properties": {"name": "pipelines-41", "layer": "pipelines"}, "geometry": {"type": "LineString", "coordinates": [[22.20149, 60.36927], [22.18564, 60.36856]]}}, {"type": "Feature", "properties": {"name": "pipelines-42", "layer": "pipelines"}, "geometry": {"type": "LineString", "coordinates": [[24.97318, 60.10652], [24.97327, 60.10648]]}}, {"type": "Feature", "properties": {"name": "pipelines-43", "layer": "pipelines"}, "geometry": {"type": "LineString", "coordinates": [[24.97377, 60.10619], [24.97475, 60.10563]]}}, {"type": "Feature", "properties": {"name": "pipelines-44", "layer": "pipelines"}, "geometry": {"type": "LineString", "coordinates": [[21.9501, 60.31796], [21.94958, 60.31214]]}}, {"type": "Feature", "properties": {"name": "pipelines-45", "layer": "pipelines"}, "geometry": {"type": "LineString", "coordinates": [[24.89305, 60.16356], [24.89842, 60.16369]]}}, {"type": "Feature", "properties": {"name": "pipelines-46", "layer": "pipelines"}, "geometry": {"type": "LineString", "coordinates": [[26.90586, 60.50298], [26.90545, 60.50284]]}}, {"type": "Feature", "properties": {"name": "pipelines-47", "layer": "pipelines"}, "geometry": {"type": "LineString", "coordinates": [[21.33861, 62.26769], [21.33455, 62.26796], [21.32005, 62.26515]]}}, {"type": "Feature", "properties": {"name": "pipelines-48", "layer": "pipelines"}, "geometry": {"type": "LineString", "coordinates": [[26.9027, 60.50698], [26.90203, 60.50682]]}}, {"type": "Feature", "properties": {"name": "pipelines-49", "layer": "pipelines"}, "geometry": {"type": "LineString", "coordinates": [[26.90466, 60.50472], [26.90444, 60.50469]]}}, {"type": "Feature", "properties": {"name": "pipelines-50", "layer": "pipelines"}, "geometry": {"type": "LineString", "coordinates": [[21.38325, 60.80536], [21.38158, 60.80663]]}}, {"type": "Feature", "properties": {"name": "pipelines-51", "layer": "pipelines"}, "geometry": {"type": "LineString", "coordinates": [[25.42946, 65.00637], [25.42779, 65.00712]]}}, {"type": "Feature", "properties": {"name": "pipelines-52", "layer": "pipelines"}, "geometry": {"type": "LineString", "coordinates": [[22.01357, 60.46695], [22.00264, 60.46372]]}}, {"type": "Feature", "properties": {"name": "pipelines-53", "layer": "pipelines"}, "geometry": {"type": "LineString", "coordinates": [[22.03121, 60.46005], [22.02981, 60.45766]]}}, {"type": "Feature", "properties": {"name": "pipelines-54", "layer": "pipelines"}, "geometry": {"type": "LineString", "coordinates": [[22.50057, 60.01604], [22.50343, 60.01556]]}}, {"type": "Feature", "properties": {"name": "pipelines-55", "layer": "pipelines"}, "geometry": {"type": "LineString", "coordinates": [[21.99783, 60.38284], [22.00406, 60.38594]]}}, {"type": "Feature", "properties": {"name": "pipelines-56", "layer": "pipelines"}, "geometry": {"type": "LineString", "coordinates": [[24.86604, 60.17214], [24.86368, 60.16954], [24.86106, 60.16866]]}}, {"type": "Feature", "properties": {"name": "pipelines-57", "layer": "pipelines"}, "geometry": {"type": "LineString", "coordinates": [[21.30958, 61.14058], [21.31825, 61.13783], [21.32979, 61.13219], [21.34372, 61.13381], [21.36432, 61.13268], [21.36821, 61.13382]]}}, {"type": "Feature", "properties": {"name": "pipelines-58", "layer": "pipelines"}, "geometry": {"type": "MultiLineString", "coordinates": [[[12.60368, 55.20317], [12.80048, 54.98409], [13.66423, 54.85626], [13.91115, 54.72379], [14.09094, 54.65873], [14.32665, 54.58074], [14.79405, 54.43219], [15.14555, 54.11423]], [[12.60368, 55.20317], [12.40506, 55.23412], [12.33945, 55.22179], [12.30899, 55.23852]], [[12.55366, 55.43686], [12.20844, 55.43968], [12.32636, 55.4735], [12.53947, 55.47107]], [[12.55366, 55.43686], [12.60368, 55.20317]], [[12.53947, 55.47107], [12.55366, 55.43686]], [[12.48265, 55.60746], [12.53947, 55.47107]]]}}, {"type": "Feature", "properties": {"name": "pipelines-59", "layer": "pipelines"}, "geometry": {"type": "LineString", "coordinates": [[18.43525, 54.79518], [18.44918, 54.79375], [18.46148, 54.80308], [18.45713, 54.81952], [18.47832, 54.85396], [18.48453, 54.86131], [18.18052, 55.4704]]}}, {"type": "Feature", "properties": {"name": "pipelines-60", "layer": "pipelines"}, "geometry": {"type": "LineString", "coordinates": [[21.2477, 60.50691], [21.25215, 60.51011]]}}, {"type": "Feature", "properties": {"name": "pipelines-61", "layer": "pipelines"}, "geometry": {"type": "LineString", "coordinates": [[21.2417, 60.50723], [21.24574, 60.50635], [21.24666, 60.5073]]}}, {"type": "Feature", "properties": {"name": "pipelines-62", "layer": "pipelines"}, "geometry": {"type": "LineString", "coordinates": [[22.50125, 60.01364], [22.50766, 60.0155]]}}, {"type": "Feature", "properties": {"name": "pipelines-63", "layer": "pipelines"}, "geometry": {"type": "LineString", "coordinates": [[22.50348, 60.01561], [22.50107, 60.01422]]}}, {"type": "Feature", "properties": {"name": "pipelines-64", "layer": "pipelines"}, "geometry": {"type": "LineString", "coordinates": [[22.50317, 60.01564], [22.50095, 60.01375]]}}, {"type": "Feature", "properties": {"name": "pipelines-65", "layer": "pipelines"}, "geometry": {"type": "LineString", "coordinates": [[22.03004, 60.45756], [22.03266, 60.45646], [22.03262, 60.45531]]}}, {"type": "Feature", "properties": {"name": "Balticconnector", "layer": "pipelines"}, "geometry": {"type": "MultiLineString", "coordinates": [[[24.13429, 59.40055], [24.08004, 59.3798]], [[24.13429, 59.40055], [24.17856, 59.36236], [24.18909, 59.35126], [24.18439, 59.34569], [24.16626, 59.34135]], [[24.08999, 59.95196], [24.09769, 59.93415], [24.10952, 59.91715], [24.10611, 59.90552], [24.10244, 59.90256], [24.08768, 59.89618], [24.07735, 59.88813], [24.05859, 59.87867], [24.0517, 59.87664], [24.04316, 59.8728], [24.03913, 59.86897], [24.03756, 59.86306], [24.0382, 59.85527], [24.0435, 59.84852], [24.03778, 59.83346], [24.03824, 59.82522], [24.03665, 59.81857], [24.03781, 59.79981], [24.03473, 59.77162], [24.04081, 59.75888], [24.03771, 59.75074], [24.04268, 59.74237], [24.04596, 59.72841], [24.05007, 59.71814], [24.05632, 59.71084], [24.0591, 59.70101], [24.06922, 59.69149], [24.07595, 59.68322], [24.08418, 59.65919], [24.0921, 59.59576], [24.0964, 59.59032], [24.10165, 59.55492], [24.11048, 59.53226], [24.11202, 59.52165], [24.11916, 59.51015], [24.12802, 59.50136], [24.12051, 59.47261], [24.13429, 59.40055]], [[24.00763, 59.99932], [24.02007, 59.98446], [24.03617, 59.97655], [24.05523, 59.97102], [24.07303, 59.96233], [24.08999, 59.95196]], [[24.00763, 59.99932], [24.04519, 60.00159], [24.06327, 59.99855], [24.07932, 59.98359], [24.07702, 59.97385], [24.08999, 59.95196]], [[23.98301, 60.00983], [24.00763, 59.99932]], [[23.98301, 60.00983], [23.96465, 60.01303], [23.95913, 60.02191], [23.97455, 60.01998], [23.97572, 60.01772], [23.97449, 60.01472], [23.97615, 60.01274], [23.97819, 60.01252], [23.98301, 60.00983]]]}}, {"type": "Feature", "properties": {"name": "pipelines-67", "layer": "pipelines"}, "geometry": {"type": "LineString", "coordinates": [[10.76986, 55.38867], [10.79278, 55.41106], [10.84837, 55.43353], [10.90731, 55.43454], [10.97858, 55.42759], [11.05009, 55.43059], [11.12784, 55.43206], [11.19071, 55.43862], [11.20776, 55.44183], [11.17013, 55.42097], [11.11966, 55.40859], [11.06302, 55.39837], [11.00668, 55.39884], [10.94288, 55.40147], [10.90175, 55.41033], [10.85919, 55.41205], [10.80391, 55.40385], [10.76986, 55.38867]]}}, {"type": "Feature", "properties": {"name": "pipelines-68", "layer": "pipelines"}, "geometry": {"type": "LineString", "coordinates": [[23.26545, 59.9004], [23.25717, 59.89537], [23.25534, 59.89087], [23.25238, 59.88883], [23.25746, 59.88517], [23.26819, 59.88159], [23.30504, 59.87828], [23.31193, 59.87436], [23.31335, 59.87166], [23.31225, 59.86307], [23.31657, 59.84882], [23.31907, 59.84512], [23.32626, 59.84275], [23.32732, 59.84057]]}}, {"type": "Feature", "properties": {"name": "pipelines-69", "layer": "pipelines"}, "geometry": {"type": "LineString", "coordinates": [[23.57049, 59.82152], [23.57097, 59.82286]]}}, {"type": "Feature", "properties": {"name": "pipelines-70", "layer": "pipelines"}, "geometry": {"type": "LineString", "coordinates": [[23.57935, 59.83508], [23.58489, 59.83602], [23.5874, 59.82086], [23.57547, 59.81804], [23.57181, 59.818], [23.57052, 59.82139]]}}, {"type": "Feature", "properties": {"name": "pipelines-71", "layer": "pipelines"}, "geometry": {"type": "LineString", "coordinates": [[21.961, 60.17974], [21.93969, 60.18594]]}}, {"type": "Feature", "properties": {"name": "pipelines-72", "layer": "pipelines"}, "geometry": {"type": "LineString", "coordinates": [[23.11286, 59.896], [23.11356, 59.89433], [23.10238, 59.88761]]}}, {"type": "Feature", "properties": {"name": "pipelines-73", "layer": "pipelines"}, "geometry": {"type": "LineString", "coordinates": [[22.97502, 59.82225], [22.978, 59.80464], [22.96334, 59.79224], [22.947, 59.77578]]}}, {"type": "Feature", "properties": {"name": "pipelines-74", "layer": "pipelines"}, "geometry": {"type": "LineString", "coordinates": [[24.85759, 60.17077], [24.85578, 60.17359]]}}, {"type": "Feature", "properties": {"name": "pipelines-75", "layer": "pipelines"}, "geometry": {"type": "LineString", "coordinates": [[24.85676, 60.17428], [24.85811, 60.17428]]}}, {"type": "Feature", "properties": {"name": "pipelines-76", "layer": "pipelines"}, "geometry": {"type": "LineString", "coordinates": [[24.8082, 60.16502], [24.81425, 60.16549], [24.83576, 60.16449], [24.83663, 60.16707]]}}, {"type": "Feature", "properties": {"name": "pipelines-77", "layer": "pipelines"}, "geometry": {"type": "LineString", "coordinates": [[24.98128, 60.17711], [24.97844, 60.17935]]}}, {"type": "Feature", "properties": {"name": "pipelines-78", "layer": "pipelines"}, "geometry": {"type": "LineString", "coordinates": [[24.95086, 60.17661], [24.95086, 60.17614]]}}, {"type": "Feature", "properties": {"name": "pipelines-79", "layer": "pipelines"}, "geometry": {"type": "LineString", "coordinates": [[24.9879, 60.17854], [24.98619, 60.17689]]}}, {"type": "Feature", "properties": {"name": "pipelines-80", "layer": "pipelines"}, "geometry": {"type": "LineString", "coordinates": [[25.00004, 60.18307], [25.00216, 60.18165]]}}, {"type": "Feature", "properties": {"name": "pipelines-81", "layer": "pipelines"}, "geometry": {"type": "LineString", "coordinates": [[25.0468, 60.15588], [25.04793, 60.15898]]}}, {"type": "Feature", "properties": {"name": "pipelines-82", "layer": "pipelines"}, "geometry": {"type": "LineString", "coordinates": [[25.03116, 60.13742], [25.02867, 60.1365], [25.02784, 60.13507], [25.03375, 60.11401], [25.04912, 60.10555]]}}, {"type": "Feature", "properties": {"name": "pipelines-83", "layer": "pipelines"}, "geometry": {"type": "LineString", "coordinates": [[25.01419, 60.10636], [25.01806, 60.10834], [25.01982, 60.1083], [25.04454, 60.10682], [25.04644, 60.10534]]}}, {"type": "Feature", "properties": {"name": "pipelines-84", "layer": "pipelines"}, "geometry": {"type": "LineString", "coordinates": [[24.88924, 60.1359], [24.89422, 60.13766], [24.90917, 60.1359], [24.91738, 60.13065], [24.92015, 60.1145], [24.92649, 60.11052], [24.9237, 60.10343]]}}, {"type": "Feature", "properties": {"name": "pipelines-85", "layer": "pipelines"}, "geometry": {"type": "LineString", "coordinates": [[24.93452, 60.15366], [24.93445, 60.1505], [24.92273, 60.14153]]}}, {"type": "Feature", "properties": {"name": "pipelines-86", "layer": "pipelines"}, "geometry": {"type": "LineString", "coordinates": [[24.92722, 60.12686], [24.92625, 60.12243]]}}, {"type": "Feature", "properties": {"name": "pipelines-87", "layer": "pipelines"}, "geometry": {"type": "LineString", "coordinates": [[24.92591, 60.12075], [24.92559, 60.11432], [24.92255, 60.11132]]}}, {"type": "Feature", "properties": {"name": "pipelines-88", "layer": "pipelines"}, "geometry": {"type": "LineString", "coordinates": [[24.92255, 60.11132], [24.92119, 60.11077]]}}, {"type": "Feature", "properties": {"name": "pipelines-89", "layer": "pipelines"}, "geometry": {"type": "LineString", "coordinates": [[24.92164, 60.1474], [24.91996, 60.14291], [24.91653, 60.14057]]}}, {"type": "Feature", "properties": {"name": "pipelines-90", "layer": "pipelines"}, "geometry": {"type": "LineString", "coordinates": [[24.89216, 60.14889], [24.89451, 60.14866], [24.89432, 60.13812]]}}, {"type": "Feature", "properties": {"name": "pipelines-91", "layer": "pipelines"}, "geometry": {"type": "LineString", "coordinates": [[24.9708, 60.1493], [24.97166, 60.14911]]}}, {"type": "Feature", "properties": {"name": "pipelines-92", "layer": "pipelines"}, "geometry": {"type": "LineString", "coordinates": [[24.9651, 60.15003], [24.96071, 60.15044]]}}, {"type": "Feature", "properties": {"name": "pipelines-93", "layer": "pipelines"}, "geometry": {"type": "LineString", "coordinates": [[24.95712, 60.15207], [24.95688, 60.15339]]}}, {"type": "Feature", "properties": {"name": "pipelines-94", "layer": "pipelines"}, "geometry": {"type": "LineString", "coordinates": [[24.92132, 60.15349], [24.92351, 60.1523]]}}, {"type": "Feature", "properties": {"name": "pipelines-95", "layer": "pipelines"}, "geometry": {"type": "LineString", "coordinates": [[24.96258, 60.15849], [24.96429, 60.15885]]}}, {"type": "Feature", "properties": {"name": "pipelines-96", "layer": "pipelines"}, "geometry": {"type": "LineString", "coordinates": [[24.99442, 60.14432], [25.00259, 60.14053]]}}, {"type": "Feature", "properties": {"name": "pipelines-97", "layer": "pipelines"}, "geometry": {"type": "LineString", "coordinates": [[24.91831, 60.1022], [24.9237, 60.10343], [24.97143, 60.10752], [24.97318, 60.10652]]}}, {"type": "Feature", "properties": {"name": "pipelines-98", "layer": "pipelines"}, "geometry": {"type": "LineString", "coordinates": [[24.91789, 60.10035], [24.92188, 60.096], [24.92188, 60.09333], [24.92004, 60.09015], [24.91787, 60.08968]]}}, {"type": "Feature", "properties": {"name": "pipelines-99", "layer": "pipelines"}, "geometry": {"type": "LineString", "coordinates": [[24.91973, 60.10815], [24.91951, 60.10719]]}}, {"type": "Feature", "properties": {"name": "pipelines-100", "layer": "pipelines"}, "geometry": {"type": "LineString", "coordinates": [[24.91913, 60.10615], [24.91878, 60.1055]]}}, {"type": "Feature", "properties": {"name": "pipelines-101", "layer": "pipelines"}, "geometry": {"type": "LineString", "coordinates": [[24.91819, 60.10411], [24.91816, 60.1033]]}}, {"type": "Feature", "properties": {"name": "pipelines-102", "layer": "pipelines"}, "geometry": {"type": "LineString", "coordinates": [[22.16459, 60.42146], [22.16579, 60.4233]]}}, {"type": "Feature", "properties": {"name": "pipelines-103", "layer": "pipelines"}, "geometry": {"type": "LineString", "coordinates": [[24.87016, 60.18783], [24.8706, 60.18989], [24.87302, 60.19025]]}}, {"type": "Feature", "properties": {"name": "pipelines-104", "layer": "pipelines"}, "geometry": {"type": "LineString", "coordinates": [[24.7578, 60.14157], [24.75371, 60.14291], [24.75153, 60.14469]]}}, {"type": "Feature", "properties": {"name": "pipelines-105", "layer": "pipelines"}, "geometry": {"type": "LineString", "coordinates": [[24.96249, 60.1552], [24.96561, 60.1519]]}}, {"type": "Feature", "properties": {"name": "pipelines-106", "layer": "pipelines"}, "geometry": {"type": "LineString", "coordinates": [[24.88541, 60.18809], [24.88939, 60.18532], [24.88824, 60.18347]]}}, {"type": "Feature", "properties": {"name": "pipelines-107", "layer": "pipelines"}, "geometry": {"type": "LineString", "coordinates": [[27.17928, 60.56051], [27.1794, 60.56261]]}}, {"type": "Feature", "properties": {"name": "pipelines-108", "layer": "pipelines"}, "geometry": {"type": "LineString", "coordinates": [[21.43048, 60.64309], [21.43162, 60.64175], [21.43045, 60.64042], [21.42728, 60.63808], [21.42573, 60.63808]]}}, {"type": "Feature", "properties": {"name": "pipelines-109", "layer": "pipelines"}, "geometry": {"type": "LineString", "coordinates": [[21.42333, 60.6356], [21.42561, 60.63345]]}}, {"type": "Feature", "properties": {"name": "pipelines-110", "layer": "pipelines"}, "geometry": {"type": "LineString", "coordinates": [[21.43484, 60.63067], [21.43932, 60.62893]]}}, {"type": "Feature", "properties": {"name": "pipelines-111", "layer": "pipelines"}, "geometry": {"type": "LineString", "coordinates": [[21.98016, 60.24312], [21.97505, 60.24344], [21.97036, 60.24124]]}}, {"type": "Feature", "properties": {"name": "pipelines-112", "layer": "pipelines"}, "geometry": {"type": "LineString", "coordinates": [[21.44195, 60.63008], [21.44678, 60.63177], [21.45021, 60.63177]]}}, {"type": "Feature", "properties": {"name": "pipelines-113", "layer": "pipelines"}, "geometry": {"type": "LineString", "coordinates": [[21.4407, 60.62981], [21.44195, 60.63008]]}}, {"type": "Feature", "properties": {"name": "pipelines-114", "layer": "pipelines"}, "geometry": {"type": "LineString", "coordinates": [[21.4276, 60.64204], [21.42712, 60.64142]]}}, {"type": "Feature", "properties": {"name": "pipelines-115", "layer": "pipelines"}, "geometry": {"type": "LineString", "coordinates": [[24.63834, 65.70388], [24.632, 65.70882]]}}, {"type": "Feature", "properties": {"name": "pipelines-116", "layer": "pipelines"}, "geometry": {"type": "LineString", "coordinates": [[24.61218, 60.15793], [24.60817, 60.15804], [24.60201, 60.16044], [24.59033, 60.16188], [24.58833, 60.16322], [24.58675, 60.16832]]}}, {"type": "Feature", "properties": {"name": "pipelines-117", "layer": "pipelines"}, "geometry": {"type": "LineString", "coordinates": [[23.50721, 59.9233], [23.50364, 59.92884]]}}, {"type": "Feature", "properties": {"name": "pipelines-118", "layer": "pipelines"}, "geometry": {"type": "LineString", "coordinates": [[21.42507, 61.13284], [21.39424, 61.13761], [21.37104, 61.13526]]}}, {"type": "Feature", "properties": {"name": "pipelines-119", "layer": "pipelines"}, "geometry": {"type": "LineString", "coordinates": [[22.22569, 60.42872], [22.23101, 60.42983]]}}, {"type": "Feature", "properties": {"name": "pipelines-120", "layer": "pipelines"}, "geometry": {"type": "LineString", "coordinates": [[22.22748, 60.4269], [22.23426, 60.42826]]}}, {"type": "Feature", "properties": {"name": "pipelines-121", "layer": "pipelines"}, "geometry": {"type": "LineString", "coordinates": [[22.02728, 60.47896], [22.02492, 60.47524]]}}, {"type": "Feature", "properties": {"name": "pipelines-122", "layer": "pipelines"}, "geometry": {"type": "LineString", "coordinates": [[21.38842, 60.89963], [21.39108, 60.89933]]}}, {"type": "Feature", "properties": {"name": "pipelines-123", "layer": "pipelines"}, "geometry": {"type": "LineString", "coordinates": [[22.00391, 60.47482], [22.00958, 60.47426], [22.01236, 60.47293], [22.01212, 60.47145]]}}, {"type": "Feature", "properties": {"name": "pipelines-124", "layer": "pipelines"}, "geometry": {"type": "LineString", "coordinates": [[22.23025, 60.34665], [22.23052, 60.34602], [22.24922, 60.34967]]}}, {"type": "Feature", "properties": {"name": "pipelines-125", "layer": "pipelines"}, "geometry": {"type": "LineString", "coordinates": [[22.24755, 60.34777], [22.24922, 60.34967]]}}, {"type": "Feature", "properties": {"name": "pipelines-126", "layer": "pipelines"}, "geometry": {"type": "LineString", "coordinates": [[22.11928, 60.46153], [22.12428, 60.46561]]}}, {"type": "Feature", "properties": {"name": "pipelines-127", "layer": "pipelines"}, "geometry": {"type": "LineString", "coordinates": [[22.24922, 60.34967], [22.24893, 60.35082]]}}, {"type": "Feature", "properties": {"name": "pipelines-128", "layer": "pipelines"}, "geometry": {"type": "LineString", "coordinates": [[24.37416, 60.06591], [24.36678, 60.06282]]}}, {"type": "Feature", "properties": {"name": "pipelines-129", "layer": "pipelines"}, "geometry": {"type": "LineString", "coordinates": [[23.45448, 59.9943], [23.45892, 59.99408], [23.45659, 59.99795]]}}, {"type": "Feature", "properties": {"name": "pipelines-130", "layer": "pipelines"}, "geometry": {"type": "LineString", "coordinates": [[22.11602, 60.24847], [22.11466, 60.24743]]}}, {"type": "Feature", "properties": {"name": "pipelines-131", "layer": "pipelines"}, "geometry": {"type": "LineString", "coordinates": [[21.46573, 61.08314], [21.45857, 61.083]]}}, {"type": "Feature", "properties": {"name": "pipelines-132", "layer": "pipelines"}, "geometry": {"type": "LineString", "coordinates": [[21.78774, 61.49629], [21.78818, 61.49673]]}}, {"type": "Feature", "properties": {"name": "pipelines-133", "layer": "pipelines"}, "geometry": {"type": "LineString", "coordinates": [[21.75246, 61.52344], [21.75403, 61.52407]]}}, {"type": "Feature", "properties": {"name": "pipelines-134", "layer": "pipelines"}, "geometry": {"type": "LineString", "coordinates": [[21.19046, 60.86691], [21.19308, 60.86743], [21.19355, 60.86666]]}}, {"type": "Feature", "properties": {"name": "pipelines-135", "layer": "pipelines"}, "geometry": {"type": "LineString", "coordinates": [[21.3391, 60.55477], [21.34218, 60.55439]]}}, {"type": "Feature", "properties": {"name": "pipelines-136", "layer": "pipelines"}, "geometry": {"type": "LineString", "coordinates": [[19.93075, 60.08923], [19.93045, 60.08878]]}}, {"type": "Feature", "properties": {"name": "pipelines-137", "layer": "pipelines"}, "geometry": {"type": "LineString", "coordinates": [[19.93016, 60.08834], [19.92731, 60.0857]]}}, {"type": "Feature", "properties": {"name": "pipelines-138", "layer": "pipelines"}, "geometry": {"type": "LineString", "coordinates": [[24.8892, 60.15381], [24.9038, 60.16002]]}}, {"type": "Feature", "properties": {"name": "pipelines-139", "layer": "pipelines"}, "geometry": {"type": "LineString", "coordinates": [[24.91079, 60.17848], [24.90839, 60.17714]]}}, {"type": "Feature", "properties": {"name": "pipelines-140", "layer": "pipelines"}, "geometry": {"type": "LineString", "coordinates": [[24.92243, 60.13746], [24.92658, 60.12808]]}}, {"type": "Feature", "properties": {"name": "pipelines-141", "layer": "pipelines"}, "geometry": {"type": "LineString", "coordinates": [[26.91899, 60.44664], [26.91779, 60.44632]]}}, {"type": "Feature", "properties": {"name": "pipelines-142", "layer": "pipelines"}, "geometry": {"type": "LineString", "coordinates": [[27.19073, 60.55883], [27.18631, 60.55744], [27.18359, 60.55767], [27.18056, 60.54787], [27.1886, 60.54064], [27.19201, 60.53109]]}}, {"type": "Feature", "properties": {"name": "pipelines-143", "layer": "pipelines"}, "geometry": {"type": "LineString", "coordinates": [[27.14754, 60.29127], [27.15986, 60.29143], [27.17617, 60.29038], [27.18546, 60.29179], [27.18904, 60.29149], [27.18987, 60.29048]]}}, {"type": "Feature", "properties": {"name": "pipelines-144", "layer": "pipelines"}, "geometry": {"type": "LineString", "coordinates": [[21.44823, 60.59366], [21.4443, 60.58808], [21.44613, 60.58658]]}}, {"type": "Feature", "properties": {"name": "pipelines-145", "layer": "pipelines"}, "geometry": {"type": "LineString", "coordinates": [[23.43268, 59.9641], [23.43973, 59.96302], [23.45114, 59.96487]]}}, {"type": "Feature", "properties": {"name": "pipelines-146", "layer": "pipelines"}, "geometry": {"type": "LineString", "coordinates": [[22.00632, 63.35149], [22.00541, 63.35217]]}}, {"type": "Feature", "properties": {"name": "pipelines-147", "layer": "pipelines"}, "geometry": {"type": "LineString", "coordinates": [[22.01454, 63.29853], [22.01296, 63.30314]]}}, {"type": "Feature", "properties": {"name": "pipelines-148", "layer": "pipelines"}, "geometry": {"type": "LineString", "coordinates": [[26.94116, 60.44573], [26.93808, 60.44401], [26.93719, 60.44084], [26.9382, 60.43878], [26.94542, 60.4331], [26.94448, 60.42271], [26.94804, 60.41755], [26.9584, 60.40996], [26.96092, 60.40143], [26.96176, 60.39256], [26.96024, 60.38914], [26.95568, 60.38586], [26.95359, 60.38269], [26.95655, 60.37751]]}}, {"type": "Feature", "properties": {"name": "pipelines-149", "layer": "pipelines"}, "geometry": {"type": "LineString", "coordinates": [[21.43005, 61.9036], [21.42976, 61.9023]]}}, {"type": "Feature", "properties": {"name": "pipelines-150", "layer": "pipelines"}, "geometry": {"type": "LineString", "coordinates": [[22.127, 60.3555], [22.12311, 60.35552], [22.12088, 60.35812]]}}, {"type": "Feature", "properties": {"name": "pipelines-151", "layer": "pipelines"}, "geometry": {"type": "LineString", "coordinates": [[21.56974, 61.72767], [21.56567, 61.72933], [21.56439, 61.72906]]}}, {"type": "Feature", "properties": {"name": "pipelines-152", "layer": "pipelines"}, "geometry": {"type": "LineString", "coordinates": [[21.5595, 61.73117], [21.55883, 61.732], [21.55433, 61.733]]}}, {"type": "Feature", "properties": {"name": "pipelines-153", "layer": "pipelines"}, "geometry": {"type": "LineString", "coordinates": [[21.55946, 61.69435], [21.55916, 61.69445]]}}, {"type": "Feature", "properties": {"name": "pipelines-154", "layer": "pipelines"}, "geometry": {"type": "LineString", "coordinates": [[27.15341, 60.53752], [27.15056, 60.5332]]}}, {"type": "Feature", "properties": {"name": "pipelines-155", "layer": "pipelines"}, "geometry": {"type": "LineString", "coordinates": [[26.92095, 60.44379], [26.9184, 60.4437]]}}, {"type": "Feature", "properties": {"name": "pipelines-156", "layer": "pipelines"}, "geometry": {"type": "LineString", "coordinates": [[21.3782, 59.79268], [21.37856, 59.79262]]}}, {"type": "Feature", "properties": {"name": "pipelines-157", "layer": "pipelines"}, "geometry": {"type": "LineString", "coordinates": [[21.38115, 59.79199], [21.38291, 59.79039], [21.38098, 59.7869], [21.37773, 59.78561], [21.36983, 59.78463]]}}, {"type": "Feature", "properties": {"name": "pipelines-158", "layer": "pipelines"}, "geometry": {"type": "LineString", "coordinates": [[21.37909, 59.79252], [21.38053, 59.79215]]}}, {"type": "Feature", "properties": {"name": "pipelines-159", "layer": "pipelines"}, "geometry": {"type": "LineString", "coordinates": [[21.67168, 60.45924], [21.67035, 60.459]]}}, {"type": "Feature", "properties": {"name": "pipelines-160", "layer": "pipelines"}, "geometry": {"type": "LineString", "coordinates": [[22.02214, 60.47437], [22.02291, 60.47465]]}}, {"type": "Feature", "properties": {"name": "pipelines-161", "layer": "pipelines"}, "geometry": {"type": "LineString", "coordinates": [[22.0114, 60.47346], [22.01737, 60.47411]]}}, {"type": "Feature", "properties": {"name": "pipelines-162", "layer": "pipelines"}, "geometry": {"type": "LineString", "coordinates": [[22.00077, 60.46714], [22.00374, 60.46689]]}}, {"type": "Feature", "properties": {"name": "pipelines-163", "layer": "pipelines"}, "geometry": {"type": "LineString", "coordinates": [[22.01344, 60.46875], [22.00088, 60.46713]]}}, {"type": "Feature", "properties": {"name": "pipelines-164", "layer": "pipelines"}, "geometry": {"type": "LineString", "coordinates": [[22.12305, 60.43596], [22.12339, 60.44112], [22.12638, 60.44199]]}}, {"type": "Feature", "properties": {"name": "pipelines-165", "layer": "pipelines"}, "geometry": {"type": "LineString", "coordinates": [[25.78739, 60.3002], [25.78673, 60.29895], [25.78853, 60.29653], [25.79986, 60.28862]]}}, {"type": "Feature", "properties": {"name": "pipelines-166", "layer": "pipelines"}, "geometry": {"type": "LineString", "coordinates": [[25.83221, 60.27997], [25.82987, 60.28658], [25.82855, 60.28707]]}}, {"type": "Feature", "properties": {"name": "pipelines-167", "layer": "pipelines"}, "geometry": {"type": "LineString", "coordinates": [[21.51899, 63.20463], [21.5117, 63.20687], [21.49904, 63.20663]]}}, {"type": "Feature", "properties": {"name": "pipelines-168", "layer": "pipelines"}, "geometry": {"type": "LineString", "coordinates": [[21.56622, 63.09291], [21.56755, 63.09584], [21.57185, 63.0978]]}}, {"type": "Feature", "properties": {"name": "pipelines-169", "layer": "pipelines"}, "geometry": {"type": "LineString", "coordinates": [[22.30219, 60.31352], [22.29655, 60.31828], [22.29638, 60.3259]]}}, {"type": "Feature", "properties": {"name": "pipelines-170", "layer": "pipelines"}, "geometry": {"type": "LineString", "coordinates": [[22.26991, 60.35092], [22.27048, 60.35043]]}}, {"type": "Feature", "properties": {"name": "pipelines-171", "layer": "pipelines"}, "geometry": {"type": "LineString", "coordinates": [[22.49675, 60.01689], [22.49882, 60.01643]]}}, {"type": "Feature", "properties": {"name": "pipelines-172", "layer": "pipelines"}, "geometry": {"type": "LineString", "coordinates": [[22.57983, 60.27546], [22.5798, 60.27514]]}}, {"type": "Feature", "properties": {"name": "pipelines-173", "layer": "pipelines"}, "geometry": {"type": "LineString", "coordinates": [[21.45735, 63.20705], [21.46848, 63.21067], [21.47629, 63.21101], [21.488, 63.20939], [21.49025, 63.20734]]}}, {"type": "Feature", "properties": {"name": "pipelines-174", "layer": "pipelines"}, "geometry": {"type": "LineString", "coordinates": [[26.93035, 60.50705], [26.92983, 60.50698]]}}, {"type": "Feature", "properties": {"name": "pipelines-175", "layer": "pipelines"}, "geometry": {"type": "LineString", "coordinates": [[21.5982, 61.57823], [21.59418, 61.57947], [21.57451, 61.58053]]}}, {"type": "Feature", "properties": {"name": "pipelines-176", "layer": "pipelines"}, "geometry": {"type": "LineString", "coordinates": [[22.5044, 60.01562], [22.50083, 60.01387]]}}, {"type": "Feature", "properties": {"name": "pipelines-177", "layer": "pipelines"}, "geometry": {"type": "LineString", "coordinates": [[22.02175, 63.30785], [22.02237, 63.31114], [22.02519, 63.31303], [22.02495, 63.31474], [22.00402, 63.32077], [21.99817, 63.32359], [21.99707, 63.32533]]}}, {"type": "Feature", "properties": {"name": "pipelines-178", "layer": "pipelines"}, "geometry": {"type": "LineString", "coordinates": [[21.48998, 61.57878], [21.46318, 61.57413]]}}, {"type": "Feature", "properties": {"name": "pipelines-179", "layer": "pipelines"}, "geometry": {"type": "LineString", "coordinates": [[22.02999, 63.26783], [22.02635, 63.2709], [22.02379, 63.27985]]}}, {"type": "Feature", "properties": {"name": "pipelines-180", "layer": "pipelines"}, "geometry": {"type": "LineString", "coordinates": [[22.05578, 63.29179], [22.0547, 63.28949], [22.05702, 63.28778]]}}, {"type": "Feature", "properties": {"name": "pipelines-181", "layer": "pipelines"}, "geometry": {"type": "LineString", "coordinates": [[21.37049, 61.94126], [21.37369, 61.94002], [21.37232, 61.93802]]}}, {"type": "Feature", "properties": {"name": "pipelines-182", "layer": "pipelines"}, "geometry": {"type": "LineString", "coordinates": [[21.37087, 61.93962], [21.373, 61.93942], [21.37509, 61.93734], [21.37213, 61.93655], [21.3696, 61.938]]}}, {"type": "Feature", "properties": {"name": "pipelines-183", "layer": "pipelines"}, "geometry": {"type": "LineString", "coordinates": [[24.97634, 60.14879], [24.97869, 60.14919]]}}, {"type": "Feature", "properties": {"name": "pipelines-184", "layer": "pipelines"}, "geometry": {"type": "LineString", "coordinates": [[24.97736, 60.14783], [24.97881, 60.14832]]}}, {"type": "Feature", "properties": {"name": "pipelines-185", "layer": "pipelines"}, "geometry": {"type": "LineString", "coordinates": [[24.98136, 60.14768], [24.97788, 60.14729]]}}, {"type": "Feature", "properties": {"name": "pipelines-186", "layer": "pipelines"}, "geometry": {"type": "LineString", "coordinates": [[21.21357, 62.3838], [21.21523, 62.38367]]}}, {"type": "Feature", "properties": {"name": "pipelines-187", "layer": "pipelines"}, "geometry": {"type": "LineString", "coordinates": [[22.03181, 63.24311], [22.02696, 63.24888], [22.02817, 63.24981]]}}, {"type": "Feature", "properties": {"name": "pipelines-188", "layer": "pipelines"}, "geometry": {"type": "LineString", "coordinates": [[22.34119, 60.32301], [22.34119, 60.32492]]}}, {"type": "Feature", "properties": {"name": "pipelines-189", "layer": "pipelines"}, "geometry": {"type": "LineString", "coordinates": [[25.40761, 65.04907], [25.39094, 65.04707]]}}, {"type": "Feature", "properties": {"name": "pipelines-190", "layer": "pipelines"}, "geometry": {"type": "LineString", "coordinates": [[22.50263, 60.0112], [22.50305, 60.01213], [22.50085, 60.01385]]}}, {"type": "Feature", "properties": {"name": "pipelines-191", "layer": "pipelines"}, "geometry": {"type": "LineString", "coordinates": [[22.21792, 60.34511], [22.21873, 60.34438], [22.2223, 60.34403], [22.22718, 60.34443], [22.22965, 60.34567], [22.23002, 60.34713]]}}, {"type": "Feature", "properties": {"name": "pipelines-192", "layer": "pipelines"}, "geometry": {"type": "LineString", "coordinates": [[22.25748, 60.34927], [22.25647, 60.35209]]}}, {"type": "Feature", "properties": {"name": "pipelines-193", "layer": "pipelines"}, "geometry": {"type": "LineString", "coordinates": [[22.27378, 60.35153], [22.27391, 60.35248]]}}, {"type": "Feature", "properties": {"name": "pipelines-194", "layer": "pipelines"}, "geometry": {"type": "LineString", "coordinates": [[27.17352, 60.55436], [27.17695, 60.55582], [27.16841, 60.56158]]}}, {"type": "Feature", "properties": {"name": "pipelines-195", "layer": "pipelines"}, "geometry": {"type": "LineString", "coordinates": [[21.33298, 60.55817], [21.3342, 60.55648], [21.33605, 60.55685]]}}, {"type": "Feature", "properties": {"name": "pipelines-196", "layer": "pipelines"}, "geometry": {"type": "LineString", "coordinates": [[21.33528, 60.55647], [21.3382, 60.55548]]}}, {"type": "Feature", "properties": {"name": "pipelines-197", "layer": "pipelines"}, "geometry": {"type": "LineString", "coordinates": [[22.67772, 63.80743], [22.67507, 63.80743]]}}, {"type": "Feature", "properties": {"name": "pipelines-198", "layer": "pipelines"}, "geometry": {"type": "LineString", "coordinates": [[21.36923, 59.78458], [21.37608, 59.78443], [21.38093, 59.78664], [21.38301, 59.79115], [21.37845, 59.7923]]}}, {"type": "Feature", "properties": {"name": "pipelines-199", "layer": "pipelines"}, "geometry": {"type": "LineString", "coordinates": [[21.15261, 62.97327], [21.14668, 62.97322], [21.12326, 62.97953], [21.11834, 62.97883]]}}, {"type": "Feature", "properties": {"name": "pipelines-200", "layer": "pipelines"}, "geometry": {"type": "LineString", "coordinates": [[19.97441, 60.04959], [19.97381, 60.05272], [19.97094, 60.05617]]}}, {"type": "Feature", "properties": {"name": "pipelines-201", "layer": "pipelines"}, "geometry": {"type": "LineString", "coordinates": [[21.34165, 60.55403], [21.3407, 60.55063], [21.34516, 60.55074]]}}, {"type": "Feature", "properties": {"name": "pipelines-202", "layer": "pipelines"}, "geometry": {"type": "LineString", "coordinates": [[26.73838, 60.4831], [26.74531, 60.4761], [26.74646, 60.46898], [26.76992, 60.45113]]}}, {"type": "Feature", "properties": {"name": "pipelines-203", "layer": "pipelines"}, "geometry": {"type": "LineString", "coordinates": [[26.87792, 60.47361], [26.88917, 60.4661], [26.88914, 60.46424], [26.88725, 60.46278]]}}, {"type": "Feature", "properties": {"name": "pipelines-204", "layer": "pipelines"}, "geometry": {"type": "LineString", "coordinates": [[26.98193, 60.50768], [26.98736, 60.5096]]}}, {"type": "Feature", "properties": {"name": "pipelines-205", "layer": "pipelines"}, "geometry": {"type": "LineString", "coordinates": [[26.97862, 60.5069], [26.98118, 60.50755]]}}, {"type": "Feature", "properties": {"name": "pipelines-206", "layer": "pipelines"}, "geometry": {"type": "LineString", "coordinates": [[26.92619, 60.51327], [26.92574, 60.51298]]}}, {"type": "Feature", "properties": {"name": "pipelines-207", "layer": "pipelines"}, "geometry": {"type": "LineString", "coordinates": [[26.95714, 60.37766], [26.95815, 60.37894], [26.96204, 60.37895], [26.97455, 60.37465], [26.98075, 60.3705], [26.99694, 60.36305], [27.03486, 60.34727], [27.05654, 60.34064], [27.07058, 60.33237], [27.10283, 60.32083], [27.10966, 60.32024], [27.13699, 60.32122], [27.14487, 60.31939], [27.1558, 60.31205], [27.15918, 60.30256], [27.16945, 60.29463], [27.1673, 60.29306], [27.16159, 60.2911]]}}, {"type": "Feature", "properties": {"name": "pipelines-208", "layer": "pipelines"}, "geometry": {"type": "LineString", "coordinates": [[24.72626, 60.13471], [24.72472, 60.13505], [24.72562, 60.1396]]}}, {"type": "Feature", "properties": {"name": "pipelines-209", "layer": "pipelines"}, "geometry": {"type": "LineString", "coordinates": [[24.88941, 60.15387], [24.89532, 60.1545], [24.89701, 60.14837], [24.89944, 60.14693], [24.91004, 60.1452], [24.9166, 60.14263], [24.9204, 60.14213], [24.92839, 60.14324], [24.93425, 60.1536]]}}, {"type": "Feature", "properties": {"name": "pipelines-210", "layer": "pipelines"}, "geometry": {"type": "LineString", "coordinates": [[25.02083, 60.17967], [25.024, 60.18017]]}}, {"type": "Feature", "properties": {"name": "pipelines-211", "layer": "pipelines"}, "geometry": {"type": "LineString", "coordinates": [[25.02263, 60.17967], [25.01767, 60.17967]]}}, {"type": "Feature", "properties": {"name": "pipelines-212", "layer": "pipelines"}, "geometry": {"type": "LineString", "coordinates": [[24.75312, 60.14618], [24.75202, 60.14365], [24.75555, 60.14014], [24.7593, 60.13294]]}}, {"type": "Feature", "properties": {"name": "pipelines-213", "layer": "pipelines"}, "geometry": {"type": "LineString", "coordinates": [[19.54098, 60.22046], [19.53026, 60.21947]]}}, {"type": "Feature", "properties": {"name": "pipelines-214", "layer": "pipelines"}, "geometry": {"type": "LineString", "coordinates": [[27.16527, 60.56489], [27.1655, 60.56682], [27.17158, 60.57271], [27.17081, 60.57432]]}}, {"type": "Feature", "properties": {"name": "pipelines-215", "layer": "pipelines"}, "geometry": {"type": "LineString", "coordinates": [[27.20944, 60.56116], [27.21593, 60.55805], [27.20976, 60.55288]]}}, {"type": "Feature", "properties": {"name": "pipelines-216", "layer": "pipelines"}, "geometry": {"type": "LineString", "coordinates": [[19.68491, 60.21462], [19.69377, 60.2174]]}}, {"type": "Feature", "properties": {"name": "pipelines-217", "layer": "pipelines"}, "geometry": {"type": "LineString", "coordinates": [[21.55487, 60.53135], [21.55748, 60.52843], [21.56282, 60.52817], [21.56736, 60.52634]]}}, {"type": "Feature", "properties": {"name": "pipelines-218", "layer": "pipelines"}, "geometry": {"type": "LineString", "coordinates": [[21.54154, 60.55984], [21.53658, 60.55709]]}}, {"type": "Feature", "properties": {"name": "pipelines-219", "layer": "pipelines"}, "geometry": {"type": "LineString", "coordinates": [[21.56739, 60.52627], [21.56482, 60.52492], [21.56477, 60.52331]]}}, {"type": "Feature", "properties": {"name": "pipelines-220", "layer": "pipelines"}, "geometry": {"type": "LineString", "coordinates": [[21.52257, 60.53259], [21.5299, 60.53214], [21.53448, 60.53301], [21.54073, 60.53259], [21.54265, 60.53389]]}}, {"type": "Feature", "properties": {"name": "pipelines-221", "layer": "pipelines"}, "geometry": {"type": "LineString", "coordinates": [[21.44879, 60.59373], [21.42679, 60.59093], [21.42091, 60.58561], [21.41106, 60.58237], [21.40945, 60.5806]]}}, {"type": "Feature", "properties": {"name": "pipelines-222", "layer": "pipelines"}, "geometry": {"type": "LineString", "coordinates": [[21.36701, 60.52921], [21.36679, 60.5286], [21.34937, 60.52396], [21.32762, 60.51972], [21.31787, 60.51853], [21.31692, 60.51742], [21.31996, 60.51632]]}}, {"type": "Feature", "properties": {"name": "pipelines-223", "layer": "pipelines"}, "geometry": {"type": "LineString", "coordinates": [[21.34516, 60.55072], [21.33811, 60.55036], [21.33343, 60.54881], [21.32612, 60.54943], [21.31093, 60.55775], [21.30955, 60.55959], [21.31201, 60.5604]]}}, {"type": "Feature", "properties": {"name": "pipelines-224", "layer": "pipelines"}, "geometry": {"type": "LineString", "coordinates": [[21.34556, 60.55047], [21.33857, 60.55023], [21.3336, 60.54853]]}}, {"type": "Feature", "properties": {"name": "pipelines-225", "layer": "pipelines"}, "geometry": {"type": "LineString", "coordinates": [[25.06977, 60.1978], [25.07878, 60.19581], [25.08355, 60.19575], [25.09444, 60.19644], [25.10133, 60.19783]]}}, {"type": "Feature", "properties": {"name": "pipelines-226", "layer": "pipelines"}, "geometry": {"type": "LineString", "coordinates": [[21.38394, 60.53049], [21.38128, 60.52785], [21.38047, 60.5243], [21.38485, 60.51805], [21.38715, 60.51622], [21.39512, 60.51285], [21.39739, 60.5124], [21.39946, 60.51443]]}}, {"type": "Feature", "properties": {"name": "pipelines-227", "layer": "pipelines"}, "geometry": {"type": "LineString", "coordinates": [[21.32508, 60.55815], [21.32435, 60.55546], [21.32061, 60.5558]]}}, {"type": "Feature", "properties": {"name": "pipelines-228", "layer": "pipelines"}, "geometry": {"type": "LineString", "coordinates": [[26.91813, 60.46691], [26.91696, 60.45886], [26.92341, 60.44623], [26.92095, 60.44116], [26.91812, 60.44017]]}}, {"type": "Feature", "properties": {"name": "pipelines-229", "layer": "pipelines"}, "geometry": {"type": "LineString", "coordinates": [[23.32781, 59.8407], [23.32878, 59.84233], [23.34097, 59.84206], [23.3518, 59.8374], [23.39934, 59.83443], [23.43657, 59.83793], [23.46962, 59.83186], [23.49621, 59.8236], [23.55629, 59.81619], [23.56917, 59.81912], [23.57046, 59.82117]]}}, {"type": "Feature", "properties": {"name": "pipelines-230", "layer": "pipelines"}, "geometry": {"type": "LineString", "coordinates": [[23.29653, 59.90897], [23.30238, 59.90493]]}}, {"type": "Feature", "properties": {"name": "pipelines-231", "layer": "pipelines"}, "geometry": {"type": "LineString", "coordinates": [[21.47946, 61.85307], [21.47699, 61.85181], [21.47658, 61.84907], [21.47405, 61.84779], [21.47085, 61.84744], [21.46915, 61.84589]]}}, {"type": "Feature", "properties": {"name": "pipelines-232", "layer": "pipelines"}, "geometry": {"type": "LineString", "coordinates": [[21.07117, 60.45405], [21.07046, 60.45178], [21.07336, 60.44937], [21.07886, 60.44941], [21.08823, 60.44001]]}}, {"type": "Feature", "properties": {"name": "pipelines-233", "layer": "pipelines"}, "geometry": {"type": "LineString", "coordinates": [[21.90024, 60.48461], [21.91051, 60.48336], [21.9119, 60.48453], [21.91018, 60.48699], [21.90904, 60.48705]]}}, {"type": "Feature", "properties": {"name": "pipelines-234", "layer": "pipelines"}, "geometry": {"type": "LineString", "coordinates": [[22.2055, 60.44246], [22.20659, 60.44293]]}}, {"type": "Feature", "properties": {"name": "pipelines-235", "layer": "pipelines"}, "geometry": {"type": "LineString", "coordinates": [[22.26634, 60.39858], [22.28385, 60.40177]]}}, {"type": "Feature", "properties": {"name": "pipelines-236", "layer": "pipelines"}, "geometry": {"type": "LineString", "coordinates": [[22.2557, 60.41049], [22.26331, 60.41191]]}}, {"type": "Feature", "properties": {"name": "pipelines-237", "layer": "pipelines"}, "geometry": {"type": "LineString", "coordinates": [[22.22729, 60.38615], [22.22728, 60.38609]]}}, {"type": "Feature", "properties": {"name": "pipelines-238", "layer": "pipelines"}, "geometry": {"type": "LineString", "coordinates": [[25.54348, 60.29424], [25.54151, 60.29122]]}}, {"type": "Feature", "properties": {"name": "pipelines-239", "layer": "pipelines"}, "geometry": {"type": "LineString", "coordinates": [[25.12245, 65.55331], [25.12712, 65.55612], [25.12948, 65.55931]]}}, {"type": "Feature", "properties": {"name": "pipelines-240", "layer": "pipelines"}, "geometry": {"type": "LineString", "coordinates": [[25.12827, 65.55873], [25.12597, 65.55902]]}}, {"type": "Feature", "properties": {"name": "pipelines-241", "layer": "pipelines"}, "geometry": {"type": "LineString", "coordinates": [[21.75351, 60.55488], [21.75005, 60.55159]]}}, {"type": "Feature", "properties": {"name": "pipelines-242", "layer": "pipelines"}, "geometry": {"type": "LineString", "coordinates": [[22.98642, 60.32963], [22.98421, 60.33211]]}}, {"type": "Feature", "properties": {"name": "pipelines-243", "layer": "pipelines"}, "geometry": {"type": "LineString", "coordinates": [[22.23446, 60.42188], [22.23739, 60.42371]]}}, {"type": "Feature", "properties": {"name": "pipelines-244", "layer": "pipelines"}, "geometry": {"type": "LineString", "coordinates": [[23.91115, 59.97925], [23.91116, 59.97831]]}}, {"type": "Feature", "properties": {"name": "pipelines-245", "layer": "pipelines"}, "geometry": {"type": "LineString", "coordinates": [[26.49713, 60.33074], [26.49367, 60.33107], [26.49001, 60.33003], [26.47249, 60.31613], [26.44852, 60.28568], [26.44853, 60.27613]]}}, {"type": "Feature", "properties": {"name": "pipelines-246", "layer": "pipelines"}, "geometry": {"type": "LineString", "coordinates": [[25.53615, 60.33775], [25.53116, 60.32186]]}}, {"type": "Feature", "properties": {"name": "pipelines-247", "layer": "pipelines"}, "geometry": {"type": "LineString", "coordinates": [[23.78635, 59.91319], [23.78467, 59.91238], [23.78425, 59.9136]]}}, {"type": "Feature", "properties": {"name": "pipelines-248", "layer": "pipelines"}, "geometry": {"type": "LineString", "coordinates": [[21.89485, 60.48661], [21.89567, 60.4862]]}}, {"type": "Feature", "properties": {"name": "pipelines-249", "layer": "pipelines"}, "geometry": {"type": "LineString", "coordinates": [[22.26338, 60.41196], [22.25663, 60.40992]]}}, {"type": "Feature", "properties": {"name": "pipelines-250", "layer": "pipelines"}, "geometry": {"type": "LineString", "coordinates": [[19.9164, 60.09064], [19.92505, 60.09765]]}}, {"type": "Feature", "properties": {"name": "pipelines-251", "layer": "pipelines"}, "geometry": {"type": "LineString", "coordinates": [[19.97895, 60.03092], [19.97977, 60.0348]]}}, {"type": "Feature", "properties": {"name": "pipelines-252", "layer": "pipelines"}, "geometry": {"type": "LineString", "coordinates": [[19.9623, 60.06045], [19.96486, 60.05867]]}}, {"type": "Feature", "properties": {"name": "pipelines-253", "layer": "pipelines"}, "geometry": {"type": "LineString", "coordinates": [[19.96015, 60.06267], [19.96146, 60.06122]]}}, {"type": "Feature", "properties": {"name": "pipelines-254", "layer": "pipelines"}, "geometry": {"type": "LineString", "coordinates": [[24.34754, 60.01626], [24.35683, 60.02081], [24.35918, 60.02595]]}}, {"type": "Feature", "properties": {"name": "pipelines-255", "layer": "pipelines"}, "geometry": {"type": "LineString", "coordinates": [[25.07169, 60.1573], [25.06742, 60.15503], [25.0567, 60.1544]]}}, {"type": "Feature", "properties": {"name": "pipelines-256", "layer": "pipelines"}, "geometry": {"type": "LineString", "coordinates": [[24.61324, 60.1539], [24.6205, 60.15707]]}}, {"type": "Feature", "properties": {"name": "pipelines-257", "layer": "pipelines"}, "geometry": {"type": "LineString", "coordinates": [[21.33296, 60.55928], [21.32707, 60.55902]]}}, {"type": "Feature", "properties": {"name": "pipelines-258", "layer": "pipelines"}, "geometry": {"type": "LineString", "coordinates": [[23.54403, 60.09129], [23.55797, 60.09111]]}}, {"type": "Feature", "properties": {"name": "pipelines-259", "layer": "pipelines"}, "geometry": {"type": "LineString", "coordinates": [[23.03381, 60.31253], [23.0269, 60.31476]]}}, {"type": "Feature", "properties": {"name": "pipelines-260", "layer": "pipelines"}, "geometry": {"type": "LineString", "coordinates": [[22.69004, 63.70622], [22.68615, 63.70629], [22.67905, 63.70999], [22.67271, 63.71208], [22.65703, 63.71387], [22.65019, 63.71748], [22.637, 63.7217], [22.62984, 63.72289], [22.62508, 63.72613], [22.6202, 63.72724], [22.61577, 63.72742], [22.5979, 63.72458], [22.59344, 63.72483], [22.58888, 63.72634]]}}, {"type": "Feature", "properties": {"name": "pipelines-261", "layer": "pipelines"}, "geometry": {"type": "LineString", "coordinates": [[25.42802, 65.00721], [25.42973, 65.00648]]}}, {"type": "Feature", "properties": {"name": "pipelines-262", "layer": "pipelines"}, "geometry": {"type": "LineString", "coordinates": [[26.32872, 60.3719], [26.33133, 60.37001]]}}, {"type": "Feature", "properties": {"name": "pipelines-263", "layer": "pipelines"}, "geometry": {"type": "LineString", "coordinates": [[26.3306, 60.37035], [26.33526, 60.37029], [26.33841, 60.37102]]}}, {"type": "Feature", "properties": {"name": "pipelines-264", "layer": "pipelines"}, "geometry": {"type": "LineString", "coordinates": [[26.33391, 60.37233], [26.33598, 60.36961], [26.33934, 60.36917]]}}, {"type": "Feature", "properties": {"name": "pipelines-265", "layer": "pipelines"}, "geometry": {"type": "LineString", "coordinates": [[22.34764, 60.3201], [22.35489, 60.3211]]}}, {"type": "Feature", "properties": {"name": "pipelines-266", "layer": "pipelines"}, "geometry": {"type": "LineString", "coordinates": [[22.58024, 60.27937], [22.57987, 60.27579]]}}, {"type": "Feature", "properties": {"name": "pipelines-267", "layer": "pipelines"}, "geometry": {"type": "LineString", "coordinates": [[21.3193, 60.51625], [21.31713, 60.51775], [21.3218, 60.51908], [21.31847, 60.52892], [21.3163, 60.53092], [21.32163, 60.52942], [21.33397, 60.53275], [21.33747, 60.53459], [21.33396, 60.53842], [21.3378, 60.54159]]}}, {"type": "Feature", "properties": {"name": "pipelines-268", "layer": "pipelines"}, "geometry": {"type": "LineString", "coordinates": [[21.24974, 60.50949], [21.2583, 60.50958], [21.26297, 60.50558], [21.26297, 60.50108], [21.27247, 60.49958], [21.2883, 60.50275]]}}, {"type": "Feature", "properties": {"name": "pipelines-269", "layer": "pipelines"}, "geometry": {"type": "LineString", "coordinates": [[26.32958, 60.37177], [26.33625, 60.36916], [26.33951, 60.36909]]}}, {"type": "Feature", "properties": {"name": "pipelines-270", "layer": "pipelines"}, "geometry": {"type": "LineString", "coordinates": [[26.3311, 60.37174], [26.33848, 60.37007]]}}, {"type": "Feature", "properties": {"name": "pipelines-271", "layer": "pipelines"}, "geometry": {"type": "LineString", "coordinates": [[26.34362, 60.36607], [26.34122, 60.36615], [26.33866, 60.3673], [26.33831, 60.37114]]}}, {"type": "Feature", "properties": {"name": "pipelines-272", "layer": "pipelines"}, "geometry": {"type": "LineString", "coordinates": [[26.50012, 60.3305], [26.50763, 60.33494]]}}, {"type": "Feature", "properties": {"name": "pipelines-273", "layer": "pipelines"}, "geometry": {"type": "LineString", "coordinates": [[25.88628, 60.30973], [25.88778, 60.31363]]}}, {"type": "Feature", "properties": {"name": "pipelines-274", "layer": "pipelines"}, "geometry": {"type": "LineString", "coordinates": [[21.22835, 60.91672], [21.22825, 60.91551]]}}, {"type": "Feature", "properties": {"name": "pipelines-275", "layer": "pipelines"}, "geometry": {"type": "LineString", "coordinates": [[21.22449, 60.916], [21.22639, 60.91581], [21.22835, 60.91672]]}}, {"type": "Feature", "properties": {"name": "pipelines-276", "layer": "pipelines"}, "geometry": {"type": "LineString", "coordinates": [[21.69285, 60.47222], [21.68644, 60.47853]]}}, {"type": "Feature", "properties": {"name": "pipelines-277", "layer": "pipelines"}, "geometry": {"type": "LineString", "coordinates": [[21.68643, 60.47852], [21.68612, 60.4772], [21.67278, 60.4822]]}}, {"type": "Feature", "properties": {"name": "pipelines-278", "layer": "pipelines"}, "geometry": {"type": "LineString", "coordinates": [[21.66287, 60.48498], [21.65575, 60.48573], [21.652, 60.48327]]}}, {"type": "Feature", "properties": {"name": "pipelines-279", "layer": "pipelines"}, "geometry": {"type": "LineString", "coordinates": [[21.652, 60.48327], [21.64952, 60.47897]]}}, {"type": "Feature", "properties": {"name": "pipelines-280", "layer": "pipelines"}, "geometry": {"type": "LineString", "coordinates": [[22.50255, 60.00847], [22.48735, 60.00387]]}}, {"type": "Feature", "properties": {"name": "pipelines-281", "layer": "pipelines"}, "geometry": {"type": "LineString", "coordinates": [[22.97214, 60.12046], [22.9562, 60.11306]]}}, {"type": "Feature", "properties": {"name": "pipelines-282", "layer": "pipelines"}, "geometry": {"type": "LineString", "coordinates": [[22.95692, 60.11311], [22.96727, 60.1085], [22.97032, 60.10205], [22.96834, 60.09922]]}}, {"type": "Feature", "properties": {"name": "pipelines-283", "layer": "pipelines"}, "geometry": {"type": "LineString", "coordinates": [[21.389, 61.63661], [21.38826, 61.63823]]}}, {"type": "Feature", "properties": {"name": "pipelines-284", "layer": "pipelines"}, "geometry": {"type": "LineString", "coordinates": [[23.40475, 59.97753], [23.41767, 59.97358], [23.43049, 59.97582]]}}, {"type": "Feature", "properties": {"name": "pipelines-285", "layer": "pipelines"}, "geometry": {"type": "LineString", "coordinates": [[25.55366, 60.27706], [25.55517, 60.27642]]}}, {"type": "Feature", "properties": {"name": "pipelines-286", "layer": "pipelines"}, "geometry": {"type": "LineString", "coordinates": [[22.20126, 60.37064], [22.20207, 60.3677]]}}, {"type": "Feature", "properties": {"name": "pipelines-287", "layer": "pipelines"}, "geometry": {"type": "LineString", "coordinates": [[22.11342, 60.45849], [22.11876, 60.4611]]}}, {"type": "Feature", "properties": {"name": "pipelines-288", "layer": "pipelines"}, "geometry": {"type": "LineString", "coordinates": [[22.03002, 60.47721], [22.03061, 60.47415]]}}, {"type": "Feature", "properties": {"name": "pipelines-289", "layer": "pipelines"}, "geometry": {"type": "LineString", "coordinates": [[22.00123, 60.46752], [22.00514, 60.46677]]}}, {"type": "Feature", "properties": {"name": "pipelines-290", "layer": "pipelines"}, "geometry": {"type": "LineString", "coordinates": [[22.23703, 60.42392], [22.23287, 60.42227]]}}, {"type": "Feature", "properties": {"name": "pipelines-291", "layer": "pipelines"}, "geometry": {"type": "LineString", "coordinates": [[24.35368, 60.03653], [24.35039, 60.03828], [24.35208, 60.04287], [24.35842, 60.05026], [24.36722, 60.05531], [24.37048, 60.06278], [24.37385, 60.06555]]}}, {"type": "Feature", "properties": {"name": "pipelines-292", "layer": "pipelines"}, "geometry": {"type": "LineString", "coordinates": [[22.28245, 60.35403], [22.27845, 60.35226], [22.27062, 60.35099], [22.26029, 60.35094], [22.24782, 60.34912]]}}, {"type": "Feature", "properties": {"name": "pipelines-293", "layer": "pipelines"}, "geometry": {"type": "LineString", "coordinates": [[21.67075, 60.57103], [21.67545, 60.5666]]}}, {"type": "Feature", "properties": {"name": "pipelines-294", "layer": "pipelines"}, "geometry": {"type": "LineString", "coordinates": [[21.69733, 60.44804], [21.69141, 60.4538]]}}, {"type": "Feature", "properties": {"name": "pipelines-295", "layer": "pipelines"}, "geometry": {"type": "LineString", "coordinates": [[21.58683, 60.51717], [21.58917, 60.518], [21.58917, 60.51933], [21.58589, 60.52156]]}}, {"type": "Feature", "properties": {"name": "pipelines-296", "layer": "pipelines"}, "geometry": {"type": "LineString", "coordinates": [[24.69541, 60.10494], [24.69808, 60.10652], [24.70168, 60.10723]]}}, {"type": "Feature", "properties": {"name": "pipelines-297", "layer": "pipelines"}, "geometry": {"type": "LineString", "coordinates": [[21.58966, 60.51403], [21.5895, 60.51667], [21.5885, 60.51733], [21.58683, 60.517]]}}, {"type": "Feature", "properties": {"name": "pipelines-298", "layer": "pipelines"}, "geometry": {"type": "LineString", "coordinates": [[23.21839, 63.85456], [23.21913, 63.8551]]}}, {"type": "Feature", "properties": {"name": "pipelines-299", "layer": "pipelines"}, "geometry": {"type": "LineString", "coordinates": [[21.58012, 61.68408], [21.57985, 61.6839]]}}, {"type": "Feature", "properties": {"name": "pipelines-300", "layer": "pipelines"}, "geometry": {"type": "LineString", "coordinates": [[23.04633, 60.33448], [23.0427, 60.33483], [23.04499, 60.34508], [23.04839, 60.34878], [23.06599, 60.35837], [23.0662, 60.3613]]}}, {"type": "Feature", "properties": {"name": "pipelines-301", "layer": "pipelines"}, "geometry": {"type": "LineString", "coordinates": [[26.49415, 60.33107], [26.40408, 60.33043], [26.37142, 60.34895], [26.36027, 60.35052], [26.34446, 60.34744], [26.33434, 60.35443], [26.33273, 60.35698], [26.33223, 60.36614], [26.33812, 60.36961]]}}, {"type": "Feature", "properties": {"name": "pipelines-302", "layer": "pipelines"}, "geometry": {"type": "LineString", "coordinates": [[22.13328, 60.44874], [22.12393, 60.44248], [22.11303, 60.43297], [22.10495, 60.43071], [22.10103, 60.42822]]}}, {"type": "Feature", "properties": {"name": "pipelines-303", "layer": "pipelines"}, "geometry": {"type": "LineString", "coordinates": [[25.44853, 65.00858], [25.45063, 65.01108], [25.43761, 65.01582]]}}, {"type": "Feature", "properties": {"name": "pipelines-304", "layer": "pipelines"}, "geometry": {"type": "LineString", "coordinates": [[26.97848, 60.50709], [26.985, 60.50948], [26.98971, 60.51022]]}}, {"type": "Feature", "properties": {"name": "pipelines-305", "layer": "pipelines"}, "geometry": {"type": "LineString", "coordinates": [[23.4785, 59.98152], [23.48255, 59.97763], [23.47786, 59.97503], [23.47281, 59.96882], [23.46409, 59.96753]]}}, {"type": "Feature", "properties": {"name": "pipelines-306", "layer": "pipelines"}, "geometry": {"type": "LineString", "coordinates": [[22.36005, 60.39369], [22.37258, 60.39373]]}}, {"type": "Feature", "properties": {"name": "pipelines-307", "layer": "pipelines"}, "geometry": {"type": "LineString", "coordinates": [[24.35811, 60.02528], [24.36874, 60.0187], [24.38129, 60.00875]]}}, {"type": "Feature", "properties": {"name": "pipelines-308", "layer": "pipelines"}, "geometry": {"type": "LineString", "coordinates": [[26.35146, 60.40233], [26.35164, 60.401], [26.35551, 60.39909], [26.34953, 60.3957], [26.34751, 60.39326], [26.35149, 60.38653], [26.35289, 60.3785], [26.35228, 60.37706], [26.34736, 60.37441]]}}, {"type": "Feature", "properties": {"name": "pipelines-309", "layer": "pipelines"}, "geometry": {"type": "LineString", "coordinates": [[26.32872, 60.3717], [26.32718, 60.36966]]}}, {"type": "Feature", "properties": {"name": "pipelines-310", "layer": "pipelines"}, "geometry": {"type": "LineString", "coordinates": [[23.54423, 60.09165], [23.55293, 60.09209], [23.55574, 60.09319]]}}, {"type": "Feature", "properties": {"name": "pipelines-311", "layer": "pipelines"}, "geometry": {"type": "LineString", "coordinates": [[24.38297, 60.00658], [24.3716, 59.99147], [24.37296, 59.96336], [24.36104, 59.95213], [24.35275, 59.93819], [24.34145, 59.933], [24.3371, 59.92965], [24.33682, 59.92787], [24.34065, 59.92123], [24.3454, 59.91632]]}}, {"type": "Feature", "properties": {"name": "pipelines-312", "layer": "pipelines"}, "geometry": {"type": "LineString", "coordinates": [[20.0789, 60.2278], [20.08235, 60.22541]]}}, {"type": "Feature", "properties": {"name": "pipelines-313", "layer": "pipelines"}, "geometry": {"type": "LineString", "coordinates": [[20.07981, 60.22824], [20.07548, 60.22786]]}}, {"type": "Feature", "properties": {"name": "pipelines-314", "layer": "pipelines"}, "geometry": {"type": "LineString", "coordinates": [[25.42344, 65.0085], [25.42524, 65.008]]}}, {"type": "Feature", "properties": {"name": "pipelines-315", "layer": "pipelines"}, "geometry": {"type": "LineString", "coordinates": [[20.33967, 60.0189], [20.3463, 60.02172], [20.35527, 60.02268], [20.36195, 60.02437], [20.37088, 60.02846], [20.38207, 60.03104]]}}, {"type": "Feature", "properties": {"name": "pipelines-316", "layer": "pipelines"}, "geometry": {"type": "LineString", "coordinates": [[21.67262, 60.46167], [21.6711, 60.46005], [21.6729, 60.45647]]}}, {"type": "Feature", "properties": {"name": "pipelines-317", "layer": "pipelines"}, "geometry": {"type": "LineString", "coordinates": [[21.36868, 60.53307], [21.36978, 60.5342], [21.37416, 60.53238], [21.3767, 60.52967], [21.37906, 60.52875], [21.38311, 60.5296]]}}, {"type": "Feature", "properties": {"name": "pipelines-318", "layer": "pipelines"}, "geometry": {"type": "LineString", "coordinates": [[23.42947, 59.98948], [23.44162, 59.98507]]}}, {"type": "Feature", "properties": {"name": "pipelines-319", "layer": "pipelines"}, "geometry": {"type": "LineString", "coordinates": [[27.14766, 60.28992], [27.16379, 60.29142], [27.17997, 60.29113]]}}, {"type": "Feature", "properties": {"name": "pipelines-320", "layer": "pipelines"}, "geometry": {"type": "LineString", "coordinates": [[23.4045, 59.97267], [23.4235, 59.96217], [23.428, 59.963], [23.43483, 59.962], [23.45764, 59.96599]]}}, {"type": "Feature", "properties": {"name": "pipelines-321", "layer": "pipelines"}, "geometry": {"type": "LineString", "coordinates": [[24.65514, 60.09478], [24.6568, 60.09345]]}}, {"type": "Feature", "properties": {"name": "pipelines-322", "layer": "pipelines"}, "geometry": {"type": "LineString", "coordinates": [[25.57708, 60.33415], [25.57814, 60.33347]]}}, {"type": "Feature", "properties": {"name": "pipelines-323", "layer": "pipelines"}, "geometry": {"type": "LineString", "coordinates": [[27.17399, 60.29158], [27.1808, 60.28728], [27.186, 60.28591], [27.18694, 60.28674]]}}, {"type": "Feature", "properties": {"name": "pipelines-324", "layer": "pipelines"}, "geometry": {"type": "LineString", "coordinates": [[25.54966, 60.30407], [25.54531, 60.29331], [25.54163, 60.2937]]}}, {"type": "Feature", "properties": {"name": "pipelines-325", "layer": "pipelines"}, "geometry": {"type": "LineString", "coordinates": [[21.28223, 60.53048], [21.28121, 60.53058]]}}, {"type": "Feature", "properties": {"name": "pipelines-326", "layer": "pipelines"}, "geometry": {"type": "LineString", "coordinates": [[21.2255, 60.91213], [21.22599, 60.91261]]}}, {"type": "Feature", "properties": {"name": "pipelines-327", "layer": "pipelines"}, "geometry": {"type": "LineString", "coordinates": [[21.28663, 60.92456], [21.28414, 60.92385], [21.28399, 60.92171], [21.28503, 60.91998], [21.2862, 60.91996]]}}, {"type": "Feature", "properties": {"name": "pipelines-328", "layer": "pipelines"}, "geometry": {"type": "LineString", "coordinates": [[21.22639, 60.91581], [21.22565, 60.91526]]}}, {"type": "Feature", "properties": {"name": "pipelines-329", "layer": "pipelines"}, "geometry": {"type": "LineString", "coordinates": [[23.03498, 60.34893], [23.03812, 60.3485], [23.04453, 60.34992], [23.06585, 60.36206]]}}, {"type": "Feature", "properties": {"name": "pipelines-330", "layer": "pipelines"}, "geometry": {"type": "LineString", "coordinates": [[23.06615, 60.36207], [23.06713, 60.36121], [23.06873, 60.36123], [23.07974, 60.366], [23.08525, 60.36707]]}}, {"type": "Feature", "properties": {"name": "pipelines-331", "layer": "pipelines"}, "geometry": {"type": "LineString", "coordinates": [[23.04003, 60.3235], [23.03912, 60.32498], [23.04397, 60.33435], [23.04643, 60.33438]]}}, {"type": "Feature", "properties": {"name": "pipelines-332", "layer": "pipelines"}, "geometry": {"type": "LineString", "coordinates": [[23.6617, 59.9275], [23.6616, 59.92779]]}}, {"type": "Feature", "properties": {"name": "pipelines-333", "layer": "pipelines"}, "geometry": {"type": "LineString", "coordinates": [[22.13324, 60.44878], [22.13313, 60.44897]]}}, {"type": "Feature", "properties": {"name": "pipelines-334", "layer": "pipelines"}, "geometry": {"type": "LineString", "coordinates": [[22.10101, 60.42826], [22.10861, 60.43459], [22.13317, 60.44755], [22.13326, 60.44874]]}}, {"type": "Feature", "properties": {"name": "pipelines-335", "layer": "pipelines"}, "geometry": {"type": "LineString", "coordinates": [[24.62209, 60.15648], [24.61322, 60.15378]]}}, {"type": "Feature", "properties": {"name": "pipelines-336", "layer": "pipelines"}, "geometry": {"type": "LineString", "coordinates": [[23.80265, 59.90951], [23.80102, 59.91052], [23.78868, 59.91168], [23.78662, 59.91326]]}}, {"type": "Feature", "properties": {"name": "pipelines-337", "layer": "pipelines"}, "geometry": {"type": "LineString", "coordinates": [[23.77227, 59.93247], [23.77227, 59.92963], [23.77433, 59.92679], [23.78496, 59.92386], [23.78583, 59.92282], [23.78875, 59.91444], [23.78664, 59.91327]]}}, {"type": "Feature", "properties": {"name": "pipelines-338", "layer": "pipelines"}, "geometry": {"type": "LineString", "coordinates": [[23.76931, 59.9315], [23.77474, 59.92667]]}}, {"type": "Feature", "properties": {"name": "pipelines-339", "layer": "pipelines"}, "geometry": {"type": "LineString", "coordinates": [[22.11648, 60.36372], [22.10133, 60.36499], [22.08931, 60.36917], [22.08292, 60.37434], [22.07872, 60.37454]]}}, {"type": "Feature", "properties": {"name": "pipelines-340", "layer": "pipelines"}, "geometry": {"type": "LineString", "coordinates": [[23.73453, 59.93652], [23.7362, 59.93541]]}}, {"type": "Feature", "properties": {"name": "pipelines-341", "layer": "pipelines"}, "geometry": {"type": "LineString", "coordinates": [[22.22714, 60.38569], [22.225, 60.38238]]}}, {"type": "Feature", "properties": {"name": "pipelines-342", "layer": "pipelines"}, "geometry": {"type": "LineString", "coordinates": [[21.42093, 60.62857], [21.42808, 60.63849], [21.4282, 60.64194]]}}, {"type": "Feature", "properties": {"name": "pipelines-343", "layer": "pipelines"}, "geometry": {"type": "LineString", "coordinates": [[20.26705, 60.2055], [20.27291, 60.20126], [20.27871, 60.20064]]}}, {"type": "Feature", "properties": {"name": "pipelines-344", "layer": "pipelines"}, "geometry": {"type": "LineString", "coordinates": [[20.31157, 60.21594], [20.31818, 60.21719], [20.33703, 60.22695], [20.33888, 60.2314]]}}, {"type": "Feature", "properties": {"name": "pipelines-345", "layer": "pipelines"}, "geometry": {"type": "LineString", "coordinates": [[21.9391, 60.45613], [21.93643, 60.45856]]}}, {"type": "Feature", "properties": {"name": "pipelines-346", "layer": "pipelines"}, "geometry": {"type": "LineString", "coordinates": [[21.93643, 60.45856], [21.93907, 60.4561]]}}, {"type": "Feature", "properties": {"name": "pipelines-347", "layer": "pipelines"}, "geometry": {"type": "LineString", "coordinates": [[22.96042, 63.85313], [22.95802, 63.85604], [22.97587, 63.86073], [22.97896, 63.86238], [22.97919, 63.86354], [22.96297, 63.8701], [22.96089, 63.87255], [22.9628, 63.87474], [22.96198, 63.87565], [22.95248, 63.87554], [22.95095, 63.8766], [22.94484, 63.88307], [22.9445, 63.88485], [22.94779, 63.88932], [22.94454, 63.89083], [22.9417, 63.89055]]}}, {"type": "Feature", "properties": {"name": "pipelines-348", "layer": "pipelines"}, "geometry": {"type": "LineString", "coordinates": [[24.92197, 60.14761], [24.91483, 60.14017]]}}, {"type": "Feature", "properties": {"name": "pipelines-349", "layer": "pipelines"}, "geometry": {"type": "LineString", "coordinates": [[21.67291, 60.45688], [21.67358, 60.45677]]}}, {"type": "Feature", "properties": {"name": "pipelines-350", "layer": "pipelines"}, "geometry": {"type": "LineString", "coordinates": [[21.66783, 60.46305], [21.66985, 60.46178], [21.67252, 60.46167]]}}, {"type": "Feature", "properties": {"name": "pipelines-351", "layer": "pipelines"}, "geometry": {"type": "LineString", "coordinates": [[21.66957, 60.46203], [21.67007, 60.46223]]}}, {"type": "Feature", "properties": {"name": "pipelines-352", "layer": "pipelines"}, "geometry": {"type": "LineString", "coordinates": [[21.6726, 60.46167], [21.67318, 60.46137]]}}, {"type": "Feature", "properties": {"name": "pipelines-353", "layer": "pipelines"}, "geometry": {"type": "LineString", "coordinates": [[21.62213, 60.42662], [21.62993, 60.42797], [21.63016, 60.42876]]}}, {"type": "Feature", "properties": {"name": "pipelines-354", "layer": "pipelines"}, "geometry": {"type": "LineString", "coordinates": [[21.87282, 60.48481], [21.87024, 60.48338]]}}, {"type": "Feature", "properties": {"name": "pipelines-355", "layer": "pipelines"}, "geometry": {"type": "LineString", "coordinates": [[20.01577, 60.22541], [20.01781, 60.22566], [20.01966, 60.22703], [20.02125, 60.22997], [20.02133, 60.23872]]}}, {"type": "Feature", "properties": {"name": "pipelines-356", "layer": "pipelines"}, "geometry": {"type": "LineString", "coordinates": [[25.25988, 65.52209], [25.2543, 65.52445], [25.2553, 65.5266]]}}, {"type": "Feature", "properties": {"name": "pipelines-357", "layer": "pipelines"}, "geometry": {"type": "LineString", "coordinates": [[24.64486, 65.68769], [24.6451, 65.68955]]}}, {"type": "Feature", "properties": {"name": "pipelines-358", "layer": "pipelines"}, "geometry": {"type": "LineString", "coordinates": [[27.17345, 60.55422], [27.18251, 60.55745]]}}, {"type": "Feature", "properties": {"name": "pipelines-359", "layer": "pipelines"}, "geometry": {"type": "LineString", "coordinates": [[21.6421, 60.44402], [21.64328, 60.44283], [21.64532, 60.44352], [21.65369, 60.44377]]}}, {"type": "Feature", "properties": {"name": "pipelines-360", "layer": "pipelines"}, "geometry": {"type": "LineString", "coordinates": [[21.65755, 60.45014], [21.6578, 60.44833], [21.65205, 60.44588], [21.6434, 60.44295], [21.64228, 60.44398]]}}, {"type": "Feature", "properties": {"name": "pipelines-361", "layer": "pipelines"}, "geometry": {"type": "LineString", "coordinates": [[21.93909, 60.45608], [21.93661, 60.45636], [21.9332, 60.45544], [21.91825, 60.45634]]}}, {"type": "Feature", "properties": {"name": "pipelines-362", "layer": "pipelines"}, "geometry": {"type": "LineString", "coordinates": [[25.06277, 60.17265], [25.08342, 60.18016], [25.0873, 60.18499], [25.08637, 60.18881], [25.0813, 60.19381], [25.06934, 60.1985]]}}, {"type": "Feature", "properties": {"name": "pipelines-363", "layer": "pipelines"}, "geometry": {"type": "LineString", "coordinates": [[25.06811, 60.16969], [25.06851, 60.16979]]}}, {"type": "Feature", "properties": {"name": "pipelines-364", "layer": "pipelines"}, "geometry": {"type": "LineString", "coordinates": [[25.07494, 60.17098], [25.07337, 60.17115], [25.07263, 60.17023]]}}, {"type": "Feature", "properties": {"name": "pipelines-365", "layer": "pipelines"}, "geometry": {"type": "LineString", "coordinates": [[25.06922, 60.16996], [25.07143, 60.17037], [25.07355, 60.1695]]}}, {"type": "Feature", "properties": {"name": "pipelines-366", "layer": "pipelines"}, "geometry": {"type": "LineString", "coordinates": [[24.5709, 60.16042], [24.58373, 60.1683]]}}, {"type": "Feature", "properties": {"name": "pipelines-367", "layer": "pipelines"}, "geometry": {"type": "LineString", "coordinates": [[22.48768, 60.10765], [22.47538, 60.10505]]}}, {"type": "Feature", "properties": {"name": "pipelines-368", "layer": "pipelines"}, "geometry": {"type": "LineString", "coordinates": [[22.47248, 60.1018], [22.46968, 60.09875], [22.4698, 60.09605], [22.4712, 60.09362], [22.47948, 60.08685], [22.47947, 60.08268], [22.47647, 60.07537]]}}, {"type": "Feature", "properties": {"name": "pipelines-369", "layer": "pipelines"}, "geometry": {"type": "LineString", "coordinates": [[22.49533, 60.01397], [22.49607, 60.01328]]}}, {"type": "Feature", "properties": {"name": "pipelines-370", "layer": "pipelines"}, "geometry": {"type": "LineString", "coordinates": [[21.57387, 60.50091], [21.56598, 60.501]]}}, {"type": "Feature", "properties": {"name": "pipelines-371", "layer": "pipelines"}, "geometry": {"type": "LineString", "coordinates": [[21.37459, 60.9501], [21.37537, 60.95386], [21.3728, 60.95846], [21.39356, 60.95815], [21.41188, 60.95639], [21.42748, 60.95291], [21.43042, 60.95262], [21.43308, 60.9533]]}}, {"type": "Feature", "properties": {"name": "pipelines-372", "layer": "pipelines"}, "geometry": {"type": "LineString", "coordinates": [[21.42774, 60.6416], [21.42273, 60.64257], [21.42393, 60.64383]]}}, {"type": "Feature", "properties": {"name": "pipelines-373", "layer": "pipelines"}, "geometry": {"type": "LineString", "coordinates": [[21.99703, 63.3265], [21.99874, 63.32823]]}}, {"type": "Feature", "properties": {"name": "pipelines-374", "layer": "pipelines"}, "geometry": {"type": "LineString", "coordinates": [[22.00065, 63.32978], [22.00557, 63.33272], [22.01203, 63.33396], [22.01316, 63.33499], [22.01237, 63.34607], [22.00886, 63.34916]]}}, {"type": "Feature", "properties": {"name": "pipelines-375", "layer": "pipelines"}, "geometry": {"type": "LineString", "coordinates": [[21.68734, 63.31948], [21.68696, 63.31943]]}}, {"type": "Feature", "properties": {"name": "pipelines-376", "layer": "pipelines"}, "geometry": {"type": "LineString", "coordinates": [[24.65638, 60.09378], [24.65516, 60.09267]]}}, {"type": "Feature", "properties": {"name": "pipelines-377", "layer": "pipelines"}, "geometry": {"type": "LineString", "coordinates": [[21.57245, 63.10197], [21.57519, 63.10525], [21.582, 63.10861]]}}, {"type": "Feature", "properties": {"name": "pipelines-378", "layer": "pipelines"}, "geometry": {"type": "LineString", "coordinates": [[24.39669, 64.63962], [24.39324, 64.6413], [24.39392, 64.64633], [24.39104, 64.64675], [24.38822, 64.65017], [24.37936, 64.65312], [24.37484, 64.65598]]}}, {"type": "Feature", "properties": {"name": "pipelines-379", "layer": "pipelines"}, "geometry": {"type": "LineString", "coordinates": [[22.02019, 63.37099], [22.01858, 63.37194], [22.01966, 63.37349], [22.02415, 63.37663]]}}, {"type": "Feature", "properties": {"name": "pipelines-380", "layer": "pipelines"}, "geometry": {"type": "LineString", "coordinates": [[22.01228, 63.34409], [22.02072, 63.34311], [22.02243, 63.34417]]}}, {"type": "Feature", "properties": {"name": "pipelines-381", "layer": "pipelines"}, "geometry": {"type": "LineString", "coordinates": [[22.03194, 63.25034], [22.03522, 63.25164], [22.03462, 63.25892], [22.03021, 63.26178]]}}, {"type": "Feature", "properties": {"name": "pipelines-382", "layer": "pipelines"}, "geometry": {"type": "LineString", "coordinates": [[21.27246, 60.54392], [21.27313, 60.54592], [21.26946, 60.54758], [21.26246, 60.54825], [21.26128, 60.5514]]}}, {"type": "Feature", "properties": {"name": "pipelines-383", "layer": "pipelines"}, "geometry": {"type": "LineString", "coordinates": [[21.2633, 60.54231], [21.26157, 60.53983]]}}, {"type": "Feature", "properties": {"name": "pipelines-384", "layer": "pipelines"}, "geometry": {"type": "LineString", "coordinates": [[26.88424, 60.47503], [26.88578, 60.4741], [26.88547, 60.47197], [26.88882, 60.47298]]}}, {"type": "Feature", "properties": {"name": "pipelines-385", "layer": "pipelines"}, "geometry": {"type": "LineString", "coordinates": [[26.88229, 60.49503], [26.8834, 60.4952]]}}, {"type": "Feature", "properties": {"name": "pipelines-386", "layer": "pipelines"}, "geometry": {"type": "LineString", "coordinates": [[26.88278, 60.4947], [26.884, 60.49495]]}}, {"type": "Feature", "properties": {"name": "pipelines-387", "layer": "pipelines"}, "geometry": {"type": "LineString", "coordinates": [[26.94091, 60.50066], [26.93408, 60.49704]]}}, {"type": "Feature", "properties": {"name": "pipelines-388", "layer": "pipelines"}, "geometry": {"type": "LineString", "coordinates": [[26.8837, 60.42111], [26.88454, 60.42367], [26.88165, 60.42684], [26.88145, 60.43292]]}}, {"type": "Feature", "properties": {"name": "pipelines-389", "layer": "pipelines"}, "geometry": {"type": "LineString", "coordinates": [[26.87618, 60.46959], [26.87692, 60.47184]]}}, {"type": "Feature", "properties": {"name": "pipelines-390", "layer": "pipelines"}, "geometry": {"type": "LineString", "coordinates": [[26.85262, 60.4658], [26.86848, 60.46694]]}}, {"type": "Feature", "properties": {"name": "pipelines-391", "layer": "pipelines"}, "geometry": {"type": "LineString", "coordinates": [[27.17655, 60.56072], [27.17673, 60.56237]]}}, {"type": "Feature", "properties": {"name": "pipelines-392", "layer": "pipelines"}, "geometry": {"type": "LineString", "coordinates": [[21.90024, 60.20086], [21.90161, 60.20104], [21.90442, 60.20603]]}}, {"type": "Feature", "properties": {"name": "pipelines-393", "layer": "pipelines"}, "geometry": {"type": "LineString", "coordinates": [[22.67453, 63.80294], [22.67576, 63.80533]]}}, {"type": "Feature", "properties": {"name": "pipelines-394", "layer": "pipelines"}, "geometry": {"type": "LineString", "coordinates": [[21.26685, 60.54612], [21.2659, 60.54526], [21.27189, 60.54351]]}}, {"type": "Feature", "properties": {"name": "pipelines-395", "layer": "pipelines"}, "geometry": {"type": "LineString", "coordinates": [[21.26157, 60.53983], [21.26146, 60.53825], [21.26873, 60.53655]]}}, {"type": "Feature", "properties": {"name": "pipelines-396", "layer": "pipelines"}, "geometry": {"type": "LineString", "coordinates": [[21.27613, 60.53475], [21.27796, 60.53525], [21.27846, 60.53742], [21.27679, 60.53942], [21.27129, 60.54242], [21.27246, 60.54392]]}}, {"type": "Feature", "properties": {"name": "pipelines-397", "layer": "pipelines"}, "geometry": {"type": "LineString", "coordinates": [[21.27, 60.54425], [21.26991, 60.54438]]}}, {"type": "Feature", "properties": {"name": "pipelines-398", "layer": "pipelines"}, "geometry": {"type": "LineString", "coordinates": [[21.33887, 60.50515], [21.35142, 60.50371], [21.35456, 60.50086], [21.35453, 60.49879], [21.35257, 60.49768], [21.35342, 60.49695], [21.37081, 60.48778], [21.37102, 60.48336], [21.36726, 60.48181], [21.36516, 60.48179]]}}, {"type": "Feature", "properties": {"name": "pipelines-399", "layer": "pipelines"}, "geometry": {"type": "LineString", "coordinates": [[21.35046, 60.49415], [21.35232, 60.49243], [21.35528, 60.49169], [21.35461, 60.48899], [21.35859, 60.48861]]}}, {"type": "Feature", "properties": {"name": "pipelines-400", "layer": "pipelines"}, "geometry": {"type": "LineString", "coordinates": [[21.36604, 60.48163], [21.36548, 60.4795]]}}, {"type": "Feature", "properties": {"name": "pipelines-401", "layer": "pipelines"}, "geometry": {"type": "LineString", "coordinates": [[21.35078, 60.49494], [21.35046, 60.49415], [21.34901, 60.49415]]}}, {"type": "Feature", "properties": {"name": "pipelines-402", "layer": "pipelines"}, "geometry": {"type": "LineString", "coordinates": [[21.35342, 60.49695], [21.35095, 60.49516]]}}, {"type": "Feature", "properties": {"name": "pipelines-403", "layer": "pipelines"}, "geometry": {"type": "LineString", "coordinates": [[21.27905, 60.53608], [21.27846, 60.53608]]}}, {"type": "Feature", "properties": {"name": "pipelines-404", "layer": "pipelines"}, "geometry": {"type": "LineString", "coordinates": [[21.27113, 60.53675], [21.26979, 60.53692], [21.26779, 60.53575], [21.27013, 60.53475], [21.27596, 60.52692], [21.2793, 60.52787]]}}, {"type": "Feature", "properties": {"name": "pipelines-405", "layer": "pipelines"}, "geometry": {"type": "LineString", "coordinates": [[21.27679, 60.53942], [21.27864, 60.54019]]}}, {"type": "Feature", "properties": {"name": "pipelines-406", "layer": "pipelines"}, "geometry": {"type": "LineString", "coordinates": [[27.1836, 60.57206], [27.18031, 60.56812], [27.18149, 60.56537], [27.18004, 60.56325], [27.17316, 60.55997], [27.17323, 60.55764], [27.17715, 60.55536], [27.17725, 60.55251], [27.17423, 60.55249]]}}, {"type": "Feature", "properties": {"name": "pipelines-407", "layer": "pipelines"}, "geometry": {"type": "LineString", "coordinates": [[27.15632, 60.54132], [27.16078, 60.54033], [27.15889, 60.53544]]}}, {"type": "Feature", "properties": {"name": "pipelines-408", "layer": "pipelines"}, "geometry": {"type": "LineString", "coordinates": [[27.17366, 60.55419], [27.17652, 60.5547], [27.1826, 60.55209]]}}, {"type": "Feature", "properties": {"name": "pipelines-409", "layer": "pipelines"}, "geometry": {"type": "LineString", "coordinates": [[25.13084, 60.19852], [25.12761, 60.19313], [25.12946, 60.19175], [25.13405, 60.19135]]}}, {"type": "Feature", "properties": {"name": "pipelines-410", "layer": "pipelines"}, "geometry": {"type": "LineString", "coordinates": [[25.12189, 60.19547], [25.1289, 60.19556]]}}, {"type": "Feature", "properties": {"name": "pipelines-411", "layer": "pipelines"}, "geometry": {"type": "LineString", "coordinates": [[25.10687, 60.19458], [25.10726, 60.19336]]}}, {"type": "Feature", "properties": {"name": "pipelines-412", "layer": "pipelines"}, "geometry": {"type": "LineString", "coordinates": [[25.08498, 60.14638], [25.09846, 60.14488], [25.10898, 60.14828], [25.11369, 60.14833]]}}, {"type": "Feature", "properties": {"name": "pipelines-413", "layer": "pipelines"}, "geometry": {"type": "LineString", "coordinates": [[24.30348, 60.06855], [24.32342, 60.07307], [24.32983, 60.07598], [24.33253, 60.07785], [24.3318, 60.07818], [24.33372, 60.07795], [24.34765, 60.08075], [24.35185, 60.07988], [24.35287, 60.07772], [24.36007, 60.0718], [24.3664, 60.07135], [24.37082, 60.06695], [24.37383, 60.06562]]}}, {"type": "Feature", "properties": {"name": "pipelines-414", "layer": "pipelines"}, "geometry": {"type": "LineString", "coordinates": [[26.88105, 60.47396], [26.88112, 60.47241], [26.89122, 60.465], [26.89528, 60.45453]]}}, {"type": "Feature", "properties": {"name": "pipelines-415", "layer": "pipelines"}, "geometry": {"type": "LineString", "coordinates": [[26.94969, 60.45199], [26.95457, 60.44613]]}}, {"type": "Feature", "properties": {"name": "pipelines-416", "layer": "pipelines"}, "geometry": {"type": "LineString", "coordinates": [[26.93578, 60.46737], [26.93095, 60.46912]]}}, {"type": "Feature", "properties": {"name": "pipelines-417", "layer": "pipelines"}, "geometry": {"type": "LineString", "coordinates": [[26.92236, 60.467], [26.92372, 60.46601]]}}, {"type": "Feature", "properties": {"name": "pipelines-418", "layer": "pipelines"}, "geometry": {"type": "LineString", "coordinates": [[21.26391, 60.5287], [21.2593, 60.53292], [21.25846, 60.53658]]}}, {"type": "Feature", "properties": {"name": "pipelines-419", "layer": "pipelines"}, "geometry": {"type": "LineString", "coordinates": [[21.27363, 60.54125], [21.27481, 60.54142]]}}, {"type": "Feature", "properties": {"name": "pipelines-420", "layer": "pipelines"}, "geometry": {"type": "LineString", "coordinates": [[21.27804, 60.53236], [21.27763, 60.53392], [21.27296, 60.53658], [21.27106, 60.53673]]}}, {"type": "Feature", "properties": {"name": "pipelines-421", "layer": "pipelines"}, "geometry": {"type": "LineString", "coordinates": [[24.46885, 64.69888], [24.45102, 64.71052]]}}, {"type": "Feature", "properties": {"name": "pipelines-422", "layer": "pipelines"}, "geometry": {"type": "LineString", "coordinates": [[22.67204, 63.70432], [22.66847, 63.70464]]}}, {"type": "Feature", "properties": {"name": "pipelines-423", "layer": "pipelines"}, "geometry": {"type": "LineString", "coordinates": [[22.67871, 63.7028], [22.68247, 63.70335], [22.6904, 63.70645]]}}, {"type": "Feature", "properties": {"name": "pipelines-424", "layer": "pipelines"}, "geometry": {"type": "LineString", "coordinates": [[27.16221, 60.56782], [27.17397, 60.57428]]}}, {"type": "Feature", "properties": {"name": "pipelines-425", "layer": "pipelines"}, "geometry": {"type": "LineString", "coordinates": [[21.34909, 60.8022], [21.3681, 60.80405], [21.37765, 60.80637], [21.38642, 60.80625]]}}, {"type": "Feature", "properties": {"name": "pipelines-426", "layer": "pipelines"}, "geometry": {"type": "LineString", "coordinates": [[27.16877, 60.5606], [27.17254, 60.56043], [27.17924, 60.56255], [27.18118, 60.56527], [27.18594, 60.5666]]}}, {"type": "Feature", "properties": {"name": "pipelines-427", "layer": "pipelines"}, "geometry": {"type": "LineString", "coordinates": [[24.41862, 64.63342], [24.40053, 64.63737]]}}, {"type": "Feature", "properties": {"name": "pipelines-428", "layer": "pipelines"}, "geometry": {"type": "LineString", "coordinates": [[25.67477, 60.37683], [25.67133, 60.3745], [25.65683, 60.3705], [25.64867, 60.365], [25.64417, 60.36383]]}}, {"type": "Feature", "properties": {"name": "pipelines-429", "layer": "pipelines"}, "geometry": {"type": "LineString", "coordinates": [[25.64, 60.35683], [25.63767, 60.355], [25.633, 60.35333], [25.63, 60.34667], [25.627, 60.34333], [25.61867, 60.34283]]}}, {"type": "Feature", "properties": {"name": "pipelines-430", "layer": "pipelines"}, "geometry": {"type": "LineString", "coordinates": [[21.38942, 60.55277], [21.38834, 60.55148], [21.38159, 60.54937], [21.37905, 60.54863], [21.37326, 60.54863], [21.36734, 60.54632]]}}, {"type": "Feature", "properties": {"name": "pipelines-431", "layer": "pipelines"}, "geometry": {"type": "LineString", "coordinates": [[21.3673, 60.54622], [21.3687, 60.546], [21.37004, 60.54213], [21.36778, 60.53903], [21.36709, 60.53168]]}}, {"type": "Feature", "properties": {"name": "pipelines-432", "layer": "pipelines"}, "geometry": {"type": "LineString", "coordinates": [[25.12208, 60.19538], [25.11949, 60.1929], [25.1159, 60.1929], [25.11308, 60.19417]]}}, {"type": "Feature", "properties": {"name": "pipelines-433", "layer": "pipelines"}, "geometry": {"type": "LineString", "coordinates": [[24.9832, 60.14918], [24.98156, 60.14946]]}}, {"type": "Feature", "properties": {"name": "pipelines-434", "layer": "pipelines"}, "geometry": {"type": "LineString", "coordinates": [[24.97712, 60.14798], [24.97876, 60.14841]]}}, {"type": "Feature", "properties": {"name": "pipelines-435", "layer": "pipelines"}, "geometry": {"type": "LineString", "coordinates": [[24.85014, 60.18314], [24.85195, 60.18353]]}}, {"type": "Feature", "properties": {"name": "pipelines-436", "layer": "pipelines"}, "geometry": {"type": "LineString", "coordinates": [[26.93106, 60.46891], [26.93565, 60.46737]]}}, {"type": "Feature", "properties": {"name": "pipelines-437", "layer": "pipelines"}, "geometry": {"type": "LineString", "coordinates": [[26.94981, 60.45202], [26.95649, 60.44714], [26.97687, 60.4417], [26.98923, 60.42423], [26.99362, 60.42302], [26.99807, 60.41509], [27.00231, 60.41378], [27.01732, 60.41313]]}}, {"type": "Feature", "properties": {"name": "pipelines-438", "layer": "pipelines"}, "geometry": {"type": "LineString", "coordinates": [[27.02497, 60.41044], [27.0178, 60.41306]]}}, {"type": "Feature", "properties": {"name": "pipelines-439", "layer": "pipelines"}, "geometry": {"type": "LineString", "coordinates": [[27.02501, 60.41046], [27.05414, 60.40348]]}}, {"type": "Feature", "properties": {"name": "pipelines-440", "layer": "pipelines"}, "geometry": {"type": "LineString", "coordinates": [[22.11988, 63.28929], [22.12022, 63.28809]]}}, {"type": "Feature", "properties": {"name": "pipelines-441", "layer": "pipelines"}, "geometry": {"type": "LineString", "coordinates": [[24.64283, 65.69133], [24.64058, 65.69118], [24.63921, 65.69202], [24.64146, 65.69423], [24.64066, 65.69679]]}}, {"type": "Feature", "properties": {"name": "pipelines-442", "layer": "pipelines"}, "geometry": {"type": "LineString", "coordinates": [[22.62808, 63.72234], [22.62874, 63.72315]]}}, {"type": "Feature", "properties": {"name": "pipelines-443", "layer": "pipelines"}, "geometry": {"type": "LineString", "coordinates": [[27.19351, 60.56281], [27.19079, 60.5589]]}}, {"type": "Feature", "properties": {"name": "pipelines-444", "layer": "pipelines"}, "geometry": {"type": "LineString", "coordinates": [[26.97578, 60.4683], [26.97354, 60.46563], [26.97332, 60.46092], [26.97006, 60.45914], [26.96964, 60.45472], [26.96431, 60.45371], [26.95957, 60.45506], [26.95645, 60.45513], [26.95109, 60.45227], [26.94983, 60.45241]]}}, {"type": "Feature", "properties": {"name": "pipelines-445", "layer": "pipelines"}, "geometry": {"type": "LineString", "coordinates": [[21.34919, 60.80277], [21.34989, 60.80065], [21.3444, 60.79674]]}}, {"type": "Feature", "properties": {"name": "pipelines-446", "layer": "pipelines"}, "geometry": {"type": "LineString", "coordinates": [[21.34484, 60.79657], [21.35386, 60.8008], [21.36017, 60.80174], [21.36615, 60.80366]]}}, {"type": "Feature", "properties": {"name": "pipelines-447", "layer": "pipelines"}, "geometry": {"type": "LineString", "coordinates": [[26.98419, 60.46338], [26.98121, 60.45923], [26.975, 60.45628], [26.95848, 60.45452], [26.95102, 60.45175], [26.94953, 60.45239]]}}, {"type": "Feature", "properties": {"name": "pipelines-448", "layer": "pipelines"}, "geometry": {"type": "LineString", "coordinates": [[25.60745, 60.34076], [25.6035, 60.339], [25.60233, 60.33733], [25.60417, 60.32967], [25.60267, 60.32407], [25.59457, 60.31503], [25.59043, 60.31232], [25.58402, 60.30967], [25.57105, 60.30833], [25.56625, 60.30523], [25.56293, 60.30118], [25.55575, 60.2871], [25.55583, 60.28153], [25.55442, 60.27817], [25.55367, 60.27706], [25.55134, 60.27718]]}}, {"type": "Feature", "properties": {"name": "pipelines-449", "layer": "pipelines"}, "geometry": {"type": "LineString", "coordinates": [[22.91101, 60.23923], [22.91105, 60.23802], [22.91392, 60.23622]]}}, {"type": "Feature", "properties": {"name": "pipelines-450", "layer": "pipelines"}, "geometry": {"type": "LineString", "coordinates": [[26.95591, 60.45844], [26.96126, 60.45624], [26.97241, 60.45645], [26.98119, 60.45981], [26.98427, 60.46346]]}}, {"type": "Feature", "properties": {"name": "pipelines-451", "layer": "pipelines"}, "geometry": {"type": "LineString", "coordinates": [[26.96382, 60.45862], [26.95983, 60.45503]]}}, {"type": "Feature", "properties": {"name": "pipelines-452", "layer": "pipelines"}, "geometry": {"type": "LineString", "coordinates": [[26.96375, 60.45873], [26.96415, 60.45614]]}}, {"type": "Feature", "properties": {"name": "pipelines-453", "layer": "pipelines"}, "geometry": {"type": "LineString", "coordinates": [[26.96303, 60.45987], [26.96359, 60.45892]]}}, {"type": "Feature", "properties": {"name": "pipelines-454", "layer": "pipelines"}, "geometry": {"type": "LineString", "coordinates": [[26.96317, 60.45973], [26.96374, 60.45892]]}}, {"type": "Feature", "properties": {"name": "pipelines-455", "layer": "pipelines"}, "geometry": {"type": "LineString", "coordinates": [[26.9823, 60.49101], [26.98336, 60.4896], [26.9817, 60.48726]]}}, {"type": "Feature", "properties": {"name": "pipelines-456", "layer": "pipelines"}, "geometry": {"type": "LineString", "coordinates": [[23.02437, 60.30599], [23.02199, 60.30718], [23.02692, 60.31105], [23.03805, 60.32382], [23.03981, 60.32346]]}}, {"type": "Feature", "properties": {"name": "pipelines-457", "layer": "pipelines"}, "geometry": {"type": "LineString", "coordinates": [[23.01158, 60.29381], [23.00978, 60.29391], [23.00984, 60.29521], [23.01893, 60.30325], [23.02414, 60.30578]]}}, {"type": "Feature", "properties": {"name": "pipelines-458", "layer": "pipelines"}, "geometry": {"type": "LineString", "coordinates": [[22.96576, 60.27011], [22.97061, 60.27416], [22.97447, 60.28013], [22.97599, 60.28605], [22.98991, 60.29087], [23.01158, 60.2938]]}}, {"type": "Feature", "properties": {"name": "pipelines-459", "layer": "pipelines"}, "geometry": {"type": "LineString", "coordinates": [[21.57094, 60.54868], [21.56977, 60.54805], [21.57087, 60.54644], [21.58188, 60.54189], [21.5864, 60.54136]]}}, {"type": "Feature", "properties": {"name": "pipelines-460", "layer": "pipelines"}, "geometry": {"type": "LineString", "coordinates": [[21.3697, 62.25849], [21.36781, 62.26005], [21.36103, 62.26031]]}}, {"type": "Feature", "properties": {"name": "pipelines-461", "layer": "pipelines"}, "geometry": {"type": "LineString", "coordinates": [[21.38104, 62.25854], [21.37347, 62.25714], [21.36995, 62.25833]]}}, {"type": "Feature", "properties": {"name": "pipelines-462", "layer": "pipelines"}, "geometry": {"type": "LineString", "coordinates": [[21.21595, 62.38361], [21.21975, 62.3833]]}}, {"type": "Feature", "properties": {"name": "pipelines-463", "layer": "pipelines"}, "geometry": {"type": "LineString", "coordinates": [[21.44195, 60.63008], [21.44373, 60.62901]]}}, {"type": "Feature", "properties": {"name": "pipelines-464", "layer": "pipelines"}, "geometry": {"type": "LineString", "coordinates": [[21.42382, 60.64367], [21.42312, 60.64308], [21.42478, 60.64225], [21.43045, 60.64042]]}}, {"type": "Feature", "properties": {"name": "pipelines-465", "layer": "pipelines"}, "geometry": {"type": "LineString", "coordinates": [[21.25135, 60.51006], [21.2575, 60.51015], [21.26752, 60.51463], [21.27265, 60.51544]]}}, {"type": "Feature", "properties": {"name": "pipelines-466", "layer": "pipelines"}, "geometry": {"type": "LineString", "coordinates": [[19.69295, 60.22045], [19.6878, 60.21801], [19.68239, 60.21877]]}}, {"type": "Feature", "properties": {"name": "pipelines-467", "layer": "pipelines"}, "geometry": {"type": "LineString", "coordinates": [[21.34795, 60.80273], [21.34534, 60.80544], [21.34442, 60.81052], [21.33931, 60.81703]]}}, {"type": "Feature", "properties": {"name": "pipelines-468", "layer": "pipelines"}, "geometry": {"type": "LineString", "coordinates": [[21.34936, 60.80248], [21.3589, 60.80389], [21.3667, 60.80416]]}}, {"type": "Feature", "properties": {"name": "pipelines-469", "layer": "pipelines"}, "geometry": {"type": "LineString", "coordinates": [[21.33931, 60.81703], [21.34204, 60.81554], [21.36001, 60.81439]]}}, {"type": "Feature", "properties": {"name": "pipelines-470", "layer": "pipelines"}, "geometry": {"type": "LineString", "coordinates": [[21.36823, 60.80457], [21.37171, 60.80644], [21.38639, 60.80638]]}}, {"type": "Feature", "properties": {"name": "pipelines-471", "layer": "pipelines"}, "geometry": {"type": "LineString", "coordinates": [[21.39896, 60.76706], [21.40327, 60.76393], [21.40627, 60.76427]]}}, {"type": "Feature", "properties": {"name": "pipelines-472", "layer": "pipelines"}, "geometry": {"type": "LineString", "coordinates": [[21.39224, 60.73624], [21.389, 60.73733], [21.38941, 60.73823]]}}, {"type": "Feature", "properties": {"name": "pipelines-473", "layer": "pipelines"}, "geometry": {"type": "LineString", "coordinates": [[25.93001, 60.23319], [25.93033, 60.23272], [25.93161, 60.23314]]}}, {"type": "Feature", "properties": {"name": "pipelines-474", "layer": "pipelines"}, "geometry": {"type": "LineString", "coordinates": [[25.92828, 60.23419], [25.9277, 60.23328], [25.92973, 60.23237], [25.92934, 60.2317]]}}, {"type": "Feature", "properties": {"name": "pipelines-475", "layer": "pipelines"}, "geometry": {"type": "LineString", "coordinates": [[25.93163, 60.23314], [25.92934, 60.2317]]}}, {"type": "Feature", "properties": {"name": "pipelines-476", "layer": "pipelines"}, "geometry": {"type": "LineString", "coordinates": [[26.85913, 60.47121], [26.86841, 60.47353]]}}, {"type": "Feature", "properties": {"name": "pipelines-477", "layer": "pipelines"}, "geometry": {"type": "LineString", "coordinates": [[26.98409, 60.50537], [27.00705, 60.50474], [27.01198, 60.50299], [27.01471, 60.50036]]}}, {"type": "Feature", "properties": {"name": "pipelines-478", "layer": "pipelines"}, "geometry": {"type": "LineString", "coordinates": [[25.6255, 60.34738], [25.62847, 60.34572], [25.64027, 60.34322], [25.64316, 60.34409]]}}, {"type": "Feature", "properties": {"name": "pipelines-479", "layer": "pipelines"}, "geometry": {"type": "LineString", "coordinates": [[22.96558, 60.2705], [22.96965, 60.27602], [22.968, 60.27698], [22.9637, 60.2774]]}}, {"type": "Feature", "properties": {"name": "pipelines-480", "layer": "pipelines"}, "geometry": {"type": "LineString", "coordinates": [[27.20461, 60.56277], [27.20481, 60.56241]]}}, {"type": "Feature", "properties": {"name": "pipelines-481", "layer": "pipelines"}, "geometry": {"type": "LineString", "coordinates": [[27.09441, 60.55504], [27.09585, 60.55478]]}}, {"type": "Feature", "properties": {"name": "pipelines-482", "layer": "pipelines"}, "geometry": {"type": "LineString", "coordinates": [[27.09587, 60.55507], [27.09446, 60.55531]]}}, {"type": "Feature", "properties": {"name": "pipelines-483", "layer": "pipelines"}, "geometry": {"type": "LineString", "coordinates": [[22.00601, 63.35945], [22.00843, 63.36013], [22.00973, 63.36319], [22.01301, 63.36595], [22.02109, 63.36957]]}}, {"type": "Feature", "properties": {"name": "pipelines-484", "layer": "pipelines"}, "geometry": {"type": "LineString", "coordinates": [[22.9172, 59.81], [22.91293, 59.79194], [22.91934, 59.78842]]}}, {"type": "Feature", "properties": {"name": "pipelines-485", "layer": "pipelines"}, "geometry": {"type": "LineString", "coordinates": [[22.94628, 59.77522], [22.93959, 59.7817], [22.92305, 59.78686]]}}, {"type": "Feature", "properties": {"name": "pipelines-486", "layer": "pipelines"}, "geometry": {"type": "LineString", "coordinates": [[22.90362, 60.22149], [22.90226, 60.22259], [22.903, 60.22566], [22.90998, 60.23127], [22.91186, 60.23504], [22.91369, 60.23617], [22.91862, 60.23708], [22.92417, 60.24033], [22.92798, 60.24072], [22.93134, 60.2392]]}}, {"type": "Feature", "properties": {"name": "pipelines-487", "layer": "pipelines"}, "geometry": {"type": "LineString", "coordinates": [[22.93162, 60.23933], [22.93118, 60.24164], [22.93804, 60.2461], [22.9428, 60.25358], [22.94958, 60.25627]]}}, {"type": "Feature", "properties": {"name": "pipelines-488", "layer": "pipelines"}, "geometry": {"type": "LineString", "coordinates": [[22.92713, 60.23942], [22.9335, 60.2403]]}}, {"type": "Feature", "properties": {"name": "pipelines-489", "layer": "pipelines"}, "geometry": {"type": "LineString", "coordinates": [[22.93361, 60.24032], [22.93246, 60.24137]]}}, {"type": "Feature", "properties": {"name": "pipelines-490", "layer": "pipelines"}, "geometry": {"type": "LineString", "coordinates": [[22.9176, 60.23642], [22.91923, 60.23537]]}}, {"type": "Feature", "properties": {"name": "pipelines-491", "layer": "pipelines"}, "geometry": {"type": "LineString", "coordinates": [[22.90366, 60.22149], [22.90237, 60.22261], [22.90309, 60.22563], [22.90712, 60.22861], [22.91297, 60.23038], [22.91172, 60.23277], [22.91414, 60.23608], [22.9176, 60.23642], [22.92434, 60.23922], [22.93246, 60.24137], [22.94071, 60.24576], [22.95081, 60.24973]]}}, {"type": "Feature", "properties": {"name": "pipelines-492", "layer": "pipelines"}, "geometry": {"type": "LineString", "coordinates": [[25.03503, 60.15749], [25.0234, 60.14443], [25.0262, 60.14294], [25.03251, 60.14285]]}}, {"type": "Feature", "properties": {"name": "pipelines-493", "layer": "pipelines"}, "geometry": {"type": "LineString", "coordinates": [[25.03367, 60.15758], [25.02992, 60.15005], [25.03085, 60.14719]]}}, {"type": "Feature", "properties": {"name": "pipelines-494", "layer": "pipelines"}, "geometry": {"type": "LineString", "coordinates": [[25.03936, 60.16293], [25.03734, 60.15836], [25.03367, 60.15758]]}}, {"type": "Feature", "properties": {"name": "pipelines-495", "layer": "pipelines"}, "geometry": {"type": "LineString", "coordinates": [[22.08671, 63.29144], [22.07787, 63.29288], [22.06935, 63.29144], [22.06245, 63.29208], [22.05752, 63.2911]]}}, {"type": "Feature", "properties": {"name": "pipelines-496", "layer": "pipelines"}, "geometry": {"type": "LineString", "coordinates": [[22.12063, 63.28659], [22.1209, 63.28575]]}}, {"type": "Feature", "properties": {"name": "pipelines-497", "layer": "pipelines"}, "geometry": {"type": "LineString", "coordinates": [[22.67584, 63.80557], [22.67506, 63.80743]]}}, {"type": "Feature", "properties": {"name": "pipelines-498", "layer": "pipelines"}, "geometry": {"type": "LineString", "coordinates": [[21.38434, 60.73365], [21.38383, 60.73483], [21.39226, 60.73616]]}}, {"type": "Feature", "properties": {"name": "pipelines-499", "layer": "pipelines"}, "geometry": {"type": "LineString", "coordinates": [[21.2505, 60.50977], [21.25748, 60.5098], [21.26472, 60.50777]]}}, {"type": "Feature", "properties": {"name": "pipelines-500", "layer": "pipelines"}, "geometry": {"type": "LineString", "coordinates": [[26.91886, 60.44042], [26.92098, 60.4424], [26.92072, 60.44496], [26.91831, 60.44712], [26.91518, 60.44818], [26.91289, 60.4481]]}}, {"type": "Feature", "properties": {"name": "pipelines-501", "layer": "pipelines"}, "geometry": {"type": "LineString", "coordinates": [[26.92763, 60.45494], [26.92222, 60.45211], [26.92407, 60.44541], [26.92141, 60.44105], [26.91673, 60.43961]]}}, {"type": "Feature", "properties": {"name": "pipelines-502", "layer": "pipelines"}, "geometry": {"type": "LineString", "coordinates": [[26.09547, 60.41287], [26.09562, 60.41159], [26.09906, 60.41086]]}}, {"type": "Feature", "properties": {"name": "pipelines-503", "layer": "pipelines"}, "geometry": {"type": "LineString", "coordinates": [[21.95336, 60.33824], [21.95057, 60.33694], [21.94316, 60.33543]]}}, {"type": "Feature", "properties": {"name": "pipelines-504", "layer": "pipelines"}, "geometry": {"type": "LineString", "coordinates": [[21.95791, 60.3455], [21.95242, 60.34243], [21.9512, 60.34029], [21.96169, 60.33199]]}}, {"type": "Feature", "properties": {"name": "pipelines-505", "layer": "pipelines"}, "geometry": {"type": "LineString", "coordinates": [[21.57676, 61.72956], [21.57408, 61.72651]]}}, {"type": "Feature", "properties": {"name": "pipelines-506", "layer": "pipelines"}, "geometry": {"type": "LineString", "coordinates": [[21.26146, 60.53825], [21.25846, 60.53658], [21.25479, 60.53708], [21.25461, 60.53779]]}}, {"type": "Feature", "properties": {"name": "pipelines-507", "layer": "pipelines"}, "geometry": {"type": "LineString", "coordinates": [[22.28237, 60.40093], [22.27845, 60.39878], [22.28132, 60.39265], [22.28142, 60.38297]]}}, {"type": "Feature", "properties": {"name": "pipelines-508", "layer": "pipelines"}, "geometry": {"type": "LineString", "coordinates": [[22.272, 60.38129], [22.27217, 60.38014], [22.26636, 60.37674], [22.24553, 60.37387], [22.23756, 60.37197]]}}, {"type": "Feature", "properties": {"name": "pipelines-509", "layer": "pipelines"}, "geometry": {"type": "LineString", "coordinates": [[22.23756, 60.37197], [22.23618, 60.37278], [22.2314, 60.37247], [22.22142, 60.37]]}}, {"type": "Feature", "properties": {"name": "pipelines-510", "layer": "pipelines"}, "geometry": {"type": "LineString", "coordinates": [[22.28295, 60.37625], [22.28118, 60.38306]]}}, {"type": "Feature", "properties": {"name": "pipelines-511", "layer": "pipelines"}, "geometry": {"type": "LineString", "coordinates": [[26.09562, 60.41159], [26.09791, 60.4114]]}}, {"type": "Feature", "properties": {"name": "pipelines-512", "layer": "pipelines"}, "geometry": {"type": "LineString", "coordinates": [[22.08897, 60.44594], [22.08355, 60.43975]]}}, {"type": "Feature", "properties": {"name": "pipelines-513", "layer": "pipelines"}, "geometry": {"type": "LineString", "coordinates": [[21.46791, 61.59105], [21.46297, 61.59941], [21.45609, 61.60258], [21.45469, 61.60496]]}}, {"type": "Feature", "properties": {"name": "pipelines-514", "layer": "pipelines"}, "geometry": {"type": "LineString", "coordinates": [[21.57884, 61.66512], [21.57822, 61.66528]]}}, {"type": "Feature", "properties": {"name": "pipelines-515", "layer": "pipelines"}, "geometry": {"type": "LineString", "coordinates": [[21.4204, 60.5725], [21.42458, 60.57377], [21.42582, 60.57286]]}}, {"type": "Feature", "properties": {"name": "pipelines-516", "layer": "pipelines"}, "geometry": {"type": "LineString", "coordinates": [[22.22589, 60.42793], [22.23049, 60.42984]]}}, {"type": "Feature", "properties": {"name": "Nordstream NW", "layer": "pipelines"}, "geometry": {"type": "LineString", "coordinates": [[14.51819, 54.62081], [14.50351, 54.61148], [14.48541, 54.60488], [14.28783, 54.55705], [14.2162, 54.54185], [14.20644, 54.54038], [14.19649, 54.53985], [14.1182, 54.5418], [14.09948, 54.53875], [14.09064, 54.53585], [14.08327, 54.53244], [14.07491, 54.52689], [14.0586, 54.51226], [14.03161, 54.49472], [13.94615, 54.42499], [13.88657, 54.37357], [13.8489, 54.34354], [13.74262, 54.26101], [13.71673, 54.24296], [13.71077, 54.23508], [13.70808, 54.22022], [13.7018, 54.21297], [13.69631, 54.20956], [13.68936, 54.20678], [13.64816, 54.19699], [13.64122, 54.19386], [13.63582, 54.19002], [13.63217, 54.18585], [13.63004, 54.18119], [13.62965, 54.17642], [13.63107, 54.17153], [13.6378, 54.16382], [13.6535, 54.15463]]}}, {"type": "Feature", "properties": {"name": "Nordstream SE March2010", "layer": "pipelines"}, "geometry": {"type": "LineString", "coordinates": [[14.51957, 54.62019], [14.50428, 54.61056], [14.48675, 54.60423], [14.28868, 54.55628], [14.21632, 54.54092], [14.19749, 54.53895], [14.12876, 54.54108], [14.11846, 54.54084], [14.09993, 54.53774], [14.08395, 54.53147], [14.07563, 54.52593], [14.05902, 54.51096], [14.03321, 54.49416], [13.94945, 54.42649], [13.87751, 54.36372], [13.8606, 54.3506], [13.83548, 54.33362], [13.74267, 54.26096], [13.71669, 54.24283], [13.7108, 54.23491], [13.70823, 54.22033], [13.70193, 54.21298], [13.69631, 54.20949], [13.68881, 54.20655], [13.64843, 54.19702], [13.64173, 54.19407], [13.63593, 54.19002], [13.63211, 54.1856], [13.63008, 54.18097], [13.62979, 54.17602], [13.63133, 54.17121], [13.63784, 54.16388], [13.65433, 54.15423]]}}, {"type": "Feature", "properties": {"name": "Nord Stream 2", "layer": "pipelines"}, "geometry": {"type": "LineString", "coordinates": [[14.48506, 54.61826], [14.47401, 54.6132], [14.46186, 54.60945], [14.2826, 54.56607], [14.21492, 54.55171], [14.20381, 54.55013], [14.19181, 54.54952], [14.12373, 54.55163], [14.10986, 54.55113], [14.09828, 54.54957], [14.08683, 54.54688], [14.07664, 54.54332], [14.06751, 54.53889], [14.05874, 54.53298], [13.88633, 54.39279], [13.87526, 54.38729], [13.85111, 54.38127], [13.84045, 54.37512], [13.83528, 54.36863], [13.81798, 54.32726], [13.81404, 54.32064], [13.80641, 54.31275], [13.77599, 54.28892], [13.70803, 54.23893], [13.6984, 54.23496], [13.66268, 54.22586], [13.65281, 54.22134], [13.61679, 54.18825], [13.61285, 54.1833], [13.61106, 54.17793], [13.61159, 54.17229], [13.61419, 54.16732], [13.62069, 54.16137], [13.64849, 54.14512]]}}, {"type": "Feature", "properties": {"name": "Nord Stream 2", "layer": "pipelines"}, "geometry": {"type": "LineString", "coordinates": [[14.4857, 54.61791], [14.47467, 54.61283], [14.46239, 54.60904], [14.283, 54.5656], [14.21501, 54.5512], [14.20299, 54.54955], [14.19113, 54.54901], [14.12491, 54.5511], [14.11057, 54.55066], [14.09882, 54.5491], [14.0875, 54.54646], [14.07729, 54.54291], [14.06791, 54.53838], [14.05914, 54.53246], [13.88673, 54.39228], [13.87601, 54.38694], [13.85161, 54.38082], [13.84128, 54.37485], [13.8361, 54.36846], [13.81788, 54.32684], [13.81357, 54.31993], [13.80654, 54.31277], [13.77602, 54.28886], [13.70739, 54.2385], [13.69843, 54.23491], [13.66271, 54.2258], [13.65306, 54.22141], [13.61675, 54.18812], [13.61281, 54.18306], [13.61113, 54.17777], [13.61173, 54.17214], [13.6144, 54.16718], [13.62087, 54.16132], [13.64869, 54.14524]]}}, {"type": "Feature", "properties": {"name": "Nord Stream 1", "layer": "pipelines", "kind": "gas"}, "geometry": {"type": "LineString", "coordinates": [[28.07445, 60.52778], [28.08809, 60.50526], [28.08894, 60.49708], [28.08417, 60.48308], [28.07895, 60.4763], [28.07088, 60.47045], [28.04509, 60.45756], [28.03393, 60.44854], [28.03093, 60.44316], [28.03033, 60.43702], [28.03453, 60.41758], [28.03402, 60.41195], [28.02986, 60.40516], [28.0229, 60.39982], [27.9966, 60.38652], [27.9799, 60.36941], [27.95059, 60.35481], [27.86279, 60.29017], [27.85412, 60.2783], [27.85051, 60.26698], [27.84602, 60.26054], [27.8373, 60.25306], [27.82751, 60.24663], [27.81509, 60.24161], [27.75535, 60.22651], [27.7362, 60.21842], [27.72187, 60.20592], [27.71312, 60.20141], [27.61216, 60.17435], [27.52573, 60.14941], [27.49884, 60.14441], [27.48325, 60.14297], [27.45063, 60.14279], [27.40216, 60.14395], [27.29757, 60.13517], [27.23991, 60.13502], [27.18859, 60.14018], [27.17086, 60.14005], [27.13516, 60.13666], [27.09949, 60.13559], [27.06886, 60.1297], [27.03057, 60.12599], [26.99326, 60.12939], [26.95388, 60.12957], [26.93844, 60.12752], [26.87048, 60.10546], [26.80281, 60.09648], [26.7691, 60.0949], [26.75679, 60.09316], [26.67272, 60.06789], [26.65723, 60.06425], [26.56861, 60.05785], [26.53837, 60.04822], [26.51298, 60.03581], [26.49256, 60.03], [26.44463, 60.02343], [26.36302, 60.01632], [26.33002, 60.01], [26.28279, 60.00315], [26.23994, 59.99376], [26.1895, 59.98905], [26.1563, 59.98952], [26.13021, 59.9866], [26.08959, 59.97474], [26.06184, 59.97046], [26.04835, 59.96653], [26.03528, 59.95901], [26.03015, 59.9528], [26.02672, 59.94395], [26.02369, 59.93978], [26.01893, 59.93566], [26.01202, 59.93166], [25.99908, 59.92698], [25.96915, 59.92186], [25.95061, 59.91666], [25.94078, 59.91166], [25.92621, 59.90018], [25.91995, 59.89657], [25.90256, 59.88954], [25.88471, 59.88628], [25.8489, 59.88614], [25.78976, 59.89093], [25.77736, 59.89025], [25.75755, 59.88675], [25.73775, 59.8847], [25.72554, 59.88481], [25.70966, 59.88631], [25.67481, 59.88811], [25.63776, 59.8858], [25.55356, 59.88449], [25.53869, 59.88574], [25.49669, 59.89566], [25.47451, 59.89801], [25.44618, 59.89716], [25.39256, 59.88976], [25.38256, 59.88977], [25.33643, 59.89296], [25.29834, 59.89054], [25.28598, 59.89152], [25.25886, 59.89674], [25.24437, 59.89827], [25.18463, 59.8993], [25.14835, 59.89838], [25.0967, 59.90406], [25.06061, 59.9048], [25.04642, 59.90372], [25.00915, 59.89805], [24.997, 59.89556], [24.95736, 59.88276], [24.9239, 59.87384], [24.82305, 59.85495], [24.7853, 59.85165], [24.75037, 59.84169], [24.72151, 59.8364], [24.69948, 59.83045], [24.66772, 59.81824], [24.64998, 59.8143], [24.62129, 59.80593], [24.6012, 59.79604], [24.58676, 59.79109], [24.56764, 59.78297], [24.56187, 59.78145], [24.54627, 59.77944], [24.47539, 59.77631], [24.46166, 59.77415], [24.43563, 59.76838], [24.41915, 59.76338], [24.40012, 59.7528], [24.39076, 59.74917], [24.3789, 59.74653], [24.35276, 59.74379], [24.30646, 59.7329], [24.27249, 59.72003], [24.21243, 59.70093], [24.19338, 59.69572], [24.15825, 59.68788], [24.13608, 59.6773], [24.12117, 59.67341], [24.06094, 59.66916], [24.0142, 59.65854], [23.81317, 59.63159], [23.73113, 59.62455], [23.56812, 59.60098], [23.51649, 59.58738], [23.4957, 59.58261], [23.46137, 59.57966], [23.43244, 59.57534], [23.40498, 59.56931], [23.34206, 59.56518], [23.1618, 59.54021], [23.1218, 59.53051], [23.10762, 59.52801], [23.01743, 59.51576], [23.00753, 59.5152], [22.96098, 59.50812], [22.72144, 59.47539], [22.70917, 59.47507], [22.64822, 59.46995], [22.60834, 59.46229], [22.59441, 59.46093], [22.57245, 59.4601], [22.51843, 59.45498], [22.45133, 59.43447], [22.43309, 59.42987], [22.41498, 59.42779], [22.37242, 59.42851], [22.35045, 59.4258], [22.28543, 59.40926], [22.26478, 59.40642], [22.21335, 59.4054], [22.19537, 59.40367], [22.09965, 59.38658], [22.01592, 59.37583], [22.00182, 59.37173], [21.9751, 59.3592], [21.95967, 59.3548], [21.91205, 59.34863], [21.84993, 59.33852], [21.8274, 59.3333], [21.7813, 59.32742], [21.76833, 59.32462], [21.75165, 59.31935], [21.74032, 59.31663], [21.65745, 59.30408], [21.59355, 59.29235], [21.5717, 59.28952], [21.5506, 59.28827], [21.5318, 59.28497], [21.49088, 59.27493], [21.41003, 59.25723], [21.36698, 59.25148], [21.33313, 59.24307], [21.29122, 59.23777], [21.21798, 59.22395], [21.16287, 59.22497], [21.14507, 59.2238], [21.12843, 59.21952], [21.0887, 59.20027], [21.08043, 59.19297], [21.07807, 59.1894], [21.0701, 59.16622], [21.06265, 59.1514], [21.05388, 59.14292], [21.04695, 59.1388], [21.0127, 59.12182], [20.99015, 59.11297], [20.91345, 59.07212], [20.85625, 59.04337], [20.83833, 59.03622], [20.82943, 59.03107], [20.80352, 59.00883], [20.79477, 59.00372], [20.75295, 58.98652], [20.64812, 58.93735], [20.5362, 58.8964], [20.52573, 58.89155], [20.50372, 58.87807], [20.4853, 58.86495], [20.47183, 58.85265], [20.45693, 58.83677], [20.45048, 58.83195], [20.41727, 58.81183], [20.3857, 58.78827], [20.35522, 58.75435], [20.34502, 58.73483], [20.34258, 58.71888], [20.33503, 58.70307], [20.32913, 58.69627], [20.3146, 58.68448], [20.28987, 58.66798], [20.27912, 58.65595], [20.22195, 58.5712], [20.20557, 58.52028], [20.16533, 58.45685], [20.15227, 58.4463], [20.11328, 58.42875], [20.0982, 58.41834], [20.08775, 58.40584], [20.03747, 58.33619], [20.03197, 58.31779], [20.02684, 58.30981], [20.01562, 58.29888], [19.99694, 58.27702], [19.96236, 58.2145], [19.77248, 57.92549], [19.73795, 57.8923], [19.65368, 57.79402], [19.62373, 57.72835], [19.54889, 57.63609], [19.48532, 57.52049], [19.47346, 57.51008], [19.45345, 57.49849], [19.44136, 57.49017], [19.42835, 57.47708], [19.41461, 57.44673], [18.97953, 56.80268], [18.9722, 56.7785], [18.95525, 56.75526], [18.9253, 56.70667], [18.91843, 56.69193], [18.89709, 56.65958], [18.87419, 56.63777], [18.86357, 56.61742], [18.86036, 56.60552], [18.82574, 56.55189], [18.81502, 56.53775], [18.80494, 56.52709], [18.7614, 56.50029], [18.58101, 56.34859], [18.57559, 56.34489], [18.54533, 56.33417], [18.12467, 56.25267], [17.89846, 56.17664], [17.85358, 56.16461], [17.79322, 56.13967], [17.61188, 56.07565], [17.44138, 56.01537], [17.16049, 55.91888], [16.992, 55.8565], [16.53417, 55.69017], [15.98173, 55.58944], [15.78133, 55.55283], [15.73794, 55.54557], [15.71764, 55.54166], [15.70029, 55.53545], [15.69433, 55.53267], [15.42067, 55.37283], [15.3745, 55.24067], [15.36953, 55.22092], [15.26999, 55.01708], [15.23664, 54.95632], [15.21532, 54.93426], [15.2041, 54.92644], [15.14625, 54.91008], [14.80509, 54.82616], [14.78873, 54.81767], [14.5221, 54.62231], [14.5016, 54.60935], [14.4876, 54.60455], [14.21337, 54.54031], [14.18942, 54.53913], [14.12113, 54.5411], [14.1076, 54.53952], [14.10033, 54.53789], [14.09105, 54.53474], [14.08222, 54.53054], [14.03447, 54.4951], [13.87847, 54.36449], [13.8605, 54.35045], [13.83414, 54.33261], [13.71821, 54.2424], [13.7091, 54.23239], [13.70583, 54.21936], [13.70075, 54.21225], [13.69059, 54.20731], [13.68096, 54.20423], [13.64868, 54.19626], [13.63775, 54.19192], [13.63274, 54.1879], [13.62985, 54.1823], [13.62958, 54.1765], [13.6311, 54.1715], [13.63604, 54.16531], [13.64269, 54.16004], [13.65436, 54.1541]]}}, {"type": "Feature", "properties": {"name": "Nord Stream", "layer": "pipelines", "kind": "gas"}, "geometry": {"type": "LineString", "coordinates": [[15.26596, 55.01809], [15.22739, 54.94579], [15.20409, 54.92861], [15.15143, 54.91405], [14.80191, 54.82572], [14.78555, 54.81712], [14.6419, 54.7102], [14.52004, 54.62194], [14.49975, 54.60867], [14.48355, 54.6034], [14.21375, 54.54013], [14.1895, 54.53886], [14.1189, 54.54065], [14.0976, 54.53723], [14.08435, 54.53206], [14.07647, 54.5272], [14.0331, 54.49489], [13.85814, 54.35016], [13.83352, 54.33136]]}}, {"type": "Feature", "properties": {"name": "Schwentinetunnel", "layer": "pipelines", "kind": "hot_water"}, "geometry": {"type": "LineString", "coordinates": [[10.17861, 54.33242], [10.17544, 54.32845]]}}, {"type": "Feature", "properties": {"name": "Baltic Pipe", "layer": "pipelines", "kind": "gas"}, "geometry": {"type": "LineString", "coordinates": [[15.14459, 54.1122], [15.13587, 54.13307], [15.01007, 54.31252], [14.88645, 54.4897], [14.88156, 54.50013], [14.82974, 54.69427], [14.82802, 54.70563], [14.85863, 54.8317], [14.87045, 54.85235], [14.87272, 54.86363], [14.8706, 54.87302], [14.8628, 54.88475], [14.85006, 54.89469], [14.7154, 54.9621], [14.6569, 54.9839], [14.63785, 54.99465], [14.62715, 55.00428], [14.61847, 55.00964], [14.58815, 55.02473], [14.57667, 55.0295], [14.33922, 55.09885], [14.31172, 55.10438], [14.30348, 55.10517], [13.8578, 55.10472], [13.49917, 55.12017], [13.43033, 55.12167], [13.33825, 55.12503], [13.23883, 55.125], [13.06095, 55.12915], [12.8525, 55.14317], [12.81222, 55.14502], [12.78564, 55.14394], [12.49566, 55.15555], [12.35512, 55.1621], [12.24518, 55.17248], [12.22568, 55.17725], [12.12617, 55.188]]}}, {"type": "Feature", "properties": {"name": "Nord Stream 2", "layer": "pipelines", "kind": "gas"}, "geometry": {"type": "LineString", "coordinates": [[26.53481, 59.96347], [26.51365, 59.97353], [26.5043, 59.97702], [26.48518, 59.9818], [26.44105, 59.98747], [26.4173, 59.99528], [26.38997, 60.01013], [26.35551, 60.02355], [26.34476, 60.02686], [26.33202, 60.0296], [26.31801, 60.03148], [26.27767, 60.03203], [26.25559, 60.03547], [26.23966, 60.03615], [26.21653, 60.03285], [26.18898, 60.02481], [26.1575, 60.01811], [26.13986, 60.01055], [26.11229, 60.00153], [26.08968, 59.99034], [26.07616, 59.98626], [26.05627, 59.98212], [26.02532, 59.96803], [26.0109, 59.96325], [25.99812, 59.95724], [25.9937, 59.95384], [25.98106, 59.94002], [25.97213, 59.93365], [25.94059, 59.92043], [25.92765, 59.91269], [25.91896, 59.90964], [25.90181, 59.90679], [25.87136, 59.90533], [25.80776, 59.90618], [25.77865, 59.90767], [25.76978, 59.90743], [25.75197, 59.90518], [25.72719, 59.89911], [25.71854, 59.89774], [25.70447, 59.89713], [25.69172, 59.89815], [25.68473, 59.89944], [25.66277, 59.90633], [25.64917, 59.90879], [25.64115, 59.90938], [25.6099, 59.90768], [25.58063, 59.90874], [25.55512, 59.90668], [25.46227, 59.90396], [25.42676, 59.90498], [25.39011, 59.90243], [25.30765, 59.90661], [25.27287, 59.91108], [25.19811, 59.91274], [25.18526, 59.9129], [25.15279, 59.91132], [25.11859, 59.91183], [25.10024, 59.91041], [25.0558, 59.91087], [25.0364, 59.91008], [25.00937, 59.90666], [24.99418, 59.90339], [24.95826, 59.89043], [24.91907, 59.87961], [24.88298, 59.87546], [24.86002, 59.86954], [24.84313, 59.86645], [24.81078, 59.86306], [24.7363, 59.84775], [24.72441, 59.84712], [24.70284, 59.84841], [24.68795, 59.84726], [24.68233, 59.84618], [24.66051, 59.84041], [24.63053, 59.83012], [24.61304, 59.82577], [24.59957, 59.82079], [24.58238, 59.81232], [24.57575, 59.81001], [24.55264, 59.80504], [24.53183, 59.79672], [24.51616, 59.79185], [24.41063, 59.77306], [24.37441, 59.76206], [24.34165, 59.75467], [24.31079, 59.74987], [24.30011, 59.74616], [24.28491, 59.73829], [24.27822, 59.7361], [24.2547, 59.73083], [24.23526, 59.72965], [24.21977, 59.73025], [24.18277, 59.72961], [24.16846, 59.72826], [24.15293, 59.72565], [24.13263, 59.71868], [24.11551, 59.70778], [24.09795, 59.70043], [24.08367, 59.69303], [24.07513, 59.68986], [24.03028, 59.68028], [23.95663, 59.67172], [23.9414, 59.66921], [23.92657, 59.66513], [23.88093, 59.64864], [23.86497, 59.64493], [23.84299, 59.64195], [23.75585, 59.63434], [23.67414, 59.62346], [23.6473, 59.62254], [23.63415, 59.62114], [23.59416, 59.61198], [23.56482, 59.60799], [23.55283, 59.60558], [23.53683, 59.60027], [23.5231, 59.59695], [23.5001, 59.59445], [23.4674, 59.58967], [23.44128, 59.58948], [23.42803, 59.58793], [23.408, 59.58362], [23.39948, 59.58272], [23.38307, 59.58235], [23.3574, 59.57977], [23.10905, 59.54123], [23.08213, 59.52927], [23.0476, 59.52835], [23.00343, 59.52047], [22.93133, 59.51075], [22.91587, 59.50923], [22.89992, 59.50645], [22.75877, 59.48727], [22.73303, 59.48528], [22.70608, 59.48072], [22.68562, 59.47953], [22.64175, 59.48107], [22.56898, 59.47903], [22.48668, 59.46692], [22.41053, 59.45763], [22.38278, 59.45288], [22.35293, 59.44653], [22.32848, 59.4444], [22.30937, 59.4406], [22.2505, 59.42317], [22.10333, 59.40533], [22.0035, 59.3875], [21.91783, 59.367], [21.8455, 59.361], [21.718, 59.334], [21.549, 59.29133], [21.457, 59.28333], [21.40067, 59.26583], [21.3415, 59.25517], [21.21033, 59.24367], [21.1565, 59.244], [21.11533, 59.23433], [21.087, 59.22183], [21.06067, 59.196], [21.03183, 59.18], [21.01667, 59.15533], [21.00317, 59.14517], [20.83683, 59.09367], [20.79983, 59.075], [20.7615, 59.045], [20.62767, 58.98417], [20.51033, 58.9195], [20.43083, 58.88583], [20.24383, 58.69967], [20.1595, 58.59333], [20.1185, 58.55883], [20.108, 58.54417], [20.09555, 58.49787], [20.1, 58.48715], [20.13612, 58.43193], [20.13915, 58.42227], [20.13815, 58.37372], [20.10442, 58.28585], [20.07703, 58.23762], [19.95243, 57.96832], [19.94738, 57.9616], [19.72675, 57.72502], [19.71377, 57.69823], [19.70953, 57.69337], [19.6681, 57.64922], [19.62143, 57.61095], [19.61763, 57.60665], [19.0, 56.77567], [18.97952, 56.74857], [18.94558, 56.71503], [18.8983, 56.64692], [18.89112, 56.6385], [18.87748, 56.60895], [18.8433, 56.5594], [18.83578, 56.54273], [18.82948, 56.53408], [18.82183, 56.52773], [18.77988, 56.50145], [18.58947, 56.34428], [18.55995, 56.3316], [18.55098, 56.32945], [18.11487, 56.24505], [17.90088, 56.17147], [17.86205, 56.16062], [17.80582, 56.13817], [17.48923, 56.02612], [17.44593, 56.00332], [17.34557, 55.97637], [16.87219, 55.80597], [16.47222, 55.66125], [16.39648, 55.64253], [15.79038, 55.54263], [15.76985, 55.54022], [15.73887, 55.52898], [15.73047, 55.5222], [15.72412, 55.51222], [15.72277, 55.50515], [15.73893, 55.33675], [15.73251, 55.32462], [15.41, 54.87667], [15.39083, 54.85083], [15.38333, 54.84575], [15.25563, 54.78678], [14.81667, 54.68365], [14.79885, 54.68157], [14.58074, 54.67207], [14.57027, 54.67046], [14.55551, 54.66629], [14.54212, 54.65954], [14.48425, 54.61797], [14.47054, 54.61045], [14.23347, 54.55395], [14.21116, 54.55006], [14.1873, 54.54837], [14.1134, 54.55056], [14.08808, 54.54753], [14.05563, 54.53164], [14.04765, 54.52356], [13.88272, 54.39048], [13.87667, 54.38773], [13.85463, 54.38247], [13.84401, 54.37774], [13.8394, 54.37411], [13.83374, 54.36527], [13.81457, 54.32142], [13.80674, 54.31297], [13.75972, 54.27684], [13.72545, 54.25143], [13.70257, 54.2363], [13.66314, 54.22605], [13.65518, 54.22278], [13.64979, 54.219], [13.61573, 54.1871], [13.61122, 54.17874], [13.6118, 54.1719], [13.61754, 54.16385], [13.64256, 54.1486]]}}, {"type": "Feature", "properties": {"name": "Baltic Pipe", "layer": "pipelines", "kind": "gas"}, "geometry": {"type": "LineString", "coordinates": [[9.6773, 55.46882], [9.70876, 55.47288], [9.73334, 55.48348]]}}, {"type": "Feature", "properties": {"name": "Отвод к ГРС Приозёрск", "layer": "pipelines", "kind": "gas"}, "geometry": {"type": "LineString", "coordinates": [[29.93533, 60.64977], [29.93873, 60.67024]]}}, {"type": "Feature", "properties": {"name": "Baltic Connector", "layer": "pipelines", "kind": "gas"}, "geometry": {"type": "LineString", "coordinates": [[23.96477, 60.01264], [23.99652, 59.9992], [24.00809, 59.99196], [24.01385, 59.98412], [24.02095, 59.97944], [24.0497, 59.9699], [24.06358, 59.96293], [24.07108, 59.95653], [24.08031, 59.94362], [24.08666, 59.93749], [24.09306, 59.92671], [24.09874, 59.92176], [24.10039, 59.91871], [24.09931, 59.90954], [24.0978, 59.90609], [24.09479, 59.90339], [24.07392, 59.89312], [24.05955, 59.87808], [24.04281, 59.87242], [24.03924, 59.87029], [24.03698, 59.86734], [24.03777, 59.86206], [24.04264, 59.85705], [24.04387, 59.85168], [24.04306, 59.84623], [24.03391, 59.83442], [24.03384, 59.81581], [24.03151, 59.81099], [24.02985, 59.80172], [24.02816, 59.77453], [24.03478, 59.76007], [24.0315, 59.74892], [24.03434, 59.7415], [24.04053, 59.73467], [24.0461, 59.7192], [24.05095, 59.71397], [24.05588, 59.70233], [24.0719, 59.68391], [24.07419, 59.6739], [24.08082, 59.66181], [24.08845, 59.6053], [24.08713, 59.59703], [24.09532, 59.57875], [24.09828, 59.56242], [24.11288, 59.51923], [24.12497, 59.50417], [24.12653, 59.4996], [24.12008, 59.47632], [24.1335, 59.4105], [24.13285, 59.40467], [24.1275, 59.40028], [24.1015, 59.38865], [24.09372, 59.387], [24.07677, 59.38527]]}}, {"type": "Feature", "properties": {"name": "Helsingin puhdistetun jäteveden purkuputki", "layer": "pipelines", "kind": "water"}, "geometry": {"type": "LineString", "coordinates": [[24.918, 60.10068], [24.91828, 60.09877], [24.92138, 60.09675], [24.92233, 60.09441], [24.92004, 60.09015], [24.91787, 60.08968]]}}, {"type": "Feature", "properties": {"name": "Нішча", "layer": "pipelines", "kind": "water"}, "geometry": {"type": "LineString", "coordinates": [[28.59449, 55.88305], [28.59452, 55.88292]]}}, {"type": "Feature", "properties": {"name": "Baltic Connector", "layer": "pipelines", "kind": "gas"}, "geometry": {"type": "LineString", "coordinates": [[24.07677, 59.38527], [24.07287, 59.38486], [24.07179, 59.38249]]}}, {"type": "Feature", "properties": {"name": "Самсониевский водовод", "layer": "pipelines", "kind": "water"}, "geometry": {"type": "LineString", "coordinates": [[29.89805, 59.86482], [29.90602, 59.87936]]}}, {"type": "Feature", "properties": {"name": "Самсониевский водовод", "layer": "pipelines", "kind": "water"}, "geometry": {"type": "LineString", "coordinates": [[29.90602, 59.87936], [29.90629, 59.87984]]}}, {"type": "Feature", "properties": {"name": "Самсониевский водовод", "layer": "pipelines", "kind": "water"}, "geometry": {"type": "LineString", "coordinates": [[29.90742, 59.88215], [29.90781, 59.88286]]}}, {"type": "Feature", "properties": {"name": "Северный Поток", "layer": "pipelines", "kind": "gas"}, "geometry": {"type": "LineString", "coordinates": [[15.36763, 55.22049], [15.26596, 55.01809]]}}, {"type": "Feature", "properties": {"name": "лупинг", "layer": "pipelines", "kind": "gas"}, "geometry": {"type": "LineString", "coordinates": [[29.93595, 60.64975], [29.93927, 60.67023]]}}, {"type": "Feature", "properties": {"name": "Nord Stream 2", "layer": "pipelines", "kind": "gas"}, "geometry": {"type": "LineString", "coordinates": [[28.08852, 59.54372], [27.95538, 59.53926], [27.94128, 59.54002], [27.91122, 59.5453], [27.74887, 59.59295], [27.49295, 59.64947], [27.33695, 59.67503], [27.24742, 59.70487], [27.15133, 59.72677], [27.12945, 59.73338], [27.09742, 59.75082], [26.97077, 59.85233], [26.96413, 59.85682], [26.94798, 59.86395], [26.94023, 59.86642], [26.80405, 59.89887], [26.7306, 59.91223], [26.71288, 59.91768], [26.6642, 59.93712], [26.65777, 59.93888], [26.63723, 59.94285], [26.59295, 59.94542], [26.57805, 59.94742], [26.556, 59.95338], [26.53481, 59.96347]]}}]}